ISO-10303-21;
HEADER;
/* Generated by software containing ST-Developer
 * from STEP Tools, Inc. (www.steptools.com) 
 */

FILE_DESCRIPTION(
/* description */ (''),
/* implementation_level */ '2;1');

FILE_NAME(
/* name */ '6col-lazy_front.step',
/* time_stamp */ '2024-04-16T06:48:16-07:00',
/* author */ (''),
/* organization */ (''),
/* preprocessor_version */ 'ST-DEVELOPER v20',
/* originating_system */ 'Autodesk Translation Framework v12.20.1.177',

/* authorisation */ '');

FILE_SCHEMA (('AUTOMOTIVE_DESIGN { 1 0 10303 214 3 1 1 }'));
ENDSEC;

DATA;
#10=MECHANICAL_DESIGN_GEOMETRIC_PRESENTATION_REPRESENTATION('',(#21),#7311);
#11=ITEM_DEFINED_TRANSFORMATION($,$,#3949,#4471);
#12=ITEM_DEFINED_TRANSFORMATION($,$,#3948,#4472);
#13=(
REPRESENTATION_RELATIONSHIP($,$,#7326,#7325)
REPRESENTATION_RELATIONSHIP_WITH_TRANSFORMATION(#11)
SHAPE_REPRESENTATION_RELATIONSHIP()
);
#14=(
REPRESENTATION_RELATIONSHIP($,$,#7325,#7324)
REPRESENTATION_RELATIONSHIP_WITH_TRANSFORMATION(#12)
SHAPE_REPRESENTATION_RELATIONSHIP()
);
#15=CONTEXT_DEPENDENT_SHAPE_REPRESENTATION(#13,#7322);
#16=CONTEXT_DEPENDENT_SHAPE_REPRESENTATION(#14,#7323);
#17=NEXT_ASSEMBLY_USAGE_OCCURRENCE('case:1','case:1','case:1',#7329,#7330,
'case:1');
#18=NEXT_ASSEMBLY_USAGE_OCCURRENCE('corne:1','corne:1','corne:1',#7328,
#7329,'corne:1');
#19=SHAPE_REPRESENTATION_RELATIONSHIP('SRR','None',#7326,#20);
#20=ADVANCED_BREP_SHAPE_REPRESENTATION('',(#22),#7310);
#21=STYLED_ITEM('',(#7343),#22);
#22=MANIFOLD_SOLID_BREP('Body1',#3934);
#23=(
BOUNDED_SURFACE()
B_SPLINE_SURFACE(2,2,((#6647,#6648,#6649),(#6650,#6651,#6652),(#6653,#6654,
#6655)),.UNSPECIFIED.,.F.,.F.,.F.)
B_SPLINE_SURFACE_WITH_KNOTS((3,3),(3,3),(-1.5707963267949,0.),(-1.5707963267949,
0.),.UNSPECIFIED.)
GEOMETRIC_REPRESENTATION_ITEM()
RATIONAL_B_SPLINE_SURFACE(((1.,0.707106781186548,1.),(0.70710678118655,
0.500000000000002,0.70710678118655),(1.,0.707106781186548,1.)))
REPRESENTATION_ITEM('')
SURFACE()
);
#24=(
BOUNDED_SURFACE()
B_SPLINE_SURFACE(2,2,((#6675,#6676,#6677),(#6678,#6679,#6680),(#6681,#6682,
#6683)),.UNSPECIFIED.,.F.,.F.,.F.)
B_SPLINE_SURFACE_WITH_KNOTS((3,3),(3,3),(-1.5707963267949,0.),(-1.57079632679486,
-6.14340818521095E-15),.UNSPECIFIED.)
GEOMETRIC_REPRESENTATION_ITEM()
RATIONAL_B_SPLINE_SURFACE(((1.,0.707106781186562,1.),(0.70710678118655,
0.500000000000012,0.70710678118655),(1.,0.707106781186562,1.)))
REPRESENTATION_ITEM('')
SURFACE()
);
#25=(
BOUNDED_SURFACE()
B_SPLINE_SURFACE(2,2,((#6719,#6720,#6721,#6722,#6723),(#6724,#6725,#6726,
#6727,#6728),(#6729,#6730,#6731,#6732,#6733)),.UNSPECIFIED.,.F.,.F.,.F.)
B_SPLINE_SURFACE_WITH_KNOTS((3,3),(3,2,3),(-1.5707963267949,0.),(-5.5511151231258E-16,
0.785500903633381,1.57100180726676),.UNSPECIFIED.)
GEOMETRIC_REPRESENTATION_ITEM()
RATIONAL_B_SPLINE_SURFACE(((1.,0.923859872799223,1.,0.923859872799223,1.),
(0.70710678118655,0.653267580922474,0.70710678118655,0.653267580922474,
0.70710678118655),(1.,0.923859872799223,1.,0.923859872799223,1.)))
REPRESENTATION_ITEM('')
SURFACE()
);
#26=(
BOUNDED_SURFACE()
B_SPLINE_SURFACE(2,2,((#6757,#6758,#6759),(#6760,#6761,#6762),(#6763,#6764,
#6765)),.UNSPECIFIED.,.F.,.F.,.F.)
B_SPLINE_SURFACE_WITH_KNOTS((3,3),(3,3),(-1.5707963267949,0.),(0.,1.5707963267949),
 .UNSPECIFIED.)
GEOMETRIC_REPRESENTATION_ITEM()
RATIONAL_B_SPLINE_SURFACE(((1.,0.707106781186548,1.),(0.70710678118655,
0.500000000000002,0.70710678118655),(1.,0.707106781186548,1.)))
REPRESENTATION_ITEM('')
SURFACE()
);
#27=(
BOUNDED_SURFACE()
B_SPLINE_SURFACE(2,2,((#6800,#6801,#6802),(#6803,#6804,#6805),(#6806,#6807,
#6808)),.UNSPECIFIED.,.F.,.F.,.F.)
B_SPLINE_SURFACE_WITH_KNOTS((3,3),(3,3),(-1.5707963267949,0.),(2.20089096547112,
3.1415926535898),.UNSPECIFIED.)
GEOMETRIC_REPRESENTATION_ITEM()
RATIONAL_B_SPLINE_SURFACE(((1.,0.891409340863546,1.),(0.70710678118655,
0.630321589737646,0.70710678118655),(1.,0.891409340863546,1.)))
REPRESENTATION_ITEM('')
SURFACE()
);
#28=(
BOUNDED_SURFACE()
B_SPLINE_SURFACE(2,2,((#6836,#6837,#6838),(#6839,#6840,#6841),(#6842,#6843,
#6844)),.UNSPECIFIED.,.F.,.F.,.F.)
B_SPLINE_SURFACE_WITH_KNOTS((3,3),(3,3),(-1.57079632679491,0.),(2.61788950062914,
3.0122314481898),.UNSPECIFIED.)
GEOMETRIC_REPRESENTATION_ITEM()
RATIONAL_B_SPLINE_SURFACE(((1.,0.98062469591281,1.),(0.707106781186562,
0.693406372278959,0.707106781186562),(1.,0.98062469591281,1.)))
REPRESENTATION_ITEM('')
SURFACE()
);
#29=B_SPLINE_SURFACE_WITH_KNOTS('',3,3,((#6480,#6481,#6482,#6483),(#6484,
#6485,#6486,#6487),(#6488,#6489,#6490,#6491),(#6492,#6493,#6494,#6495),
(#6496,#6497,#6498,#6499)),.UNSPECIFIED.,.F.,.F.,.F.,(4,1,4),(4,4),(0.,
0.5,1.),(0.,0.0840482406270176),.UNSPECIFIED.);
#30=B_SPLINE_SURFACE_WITH_KNOTS('',3,3,((#6508,#6509,#6510,#6511),(#6512,
#6513,#6514,#6515),(#6516,#6517,#6518,#6519),(#6520,#6521,#6522,#6523),
(#6524,#6525,#6526,#6527)),.UNSPECIFIED.,.F.,.F.,.F.,(4,1,4),(4,4),(0.,
0.5,1.),(1.07830096095776,1.5707963267949),.UNSPECIFIED.);
#31=B_SPLINE_SURFACE_WITH_KNOTS('',3,3,((#6547,#6548,#6549,#6550,#6551),
(#6552,#6553,#6554,#6555,#6556),(#6557,#6558,#6559,#6560,#6561),(#6562,
#6563,#6564,#6565,#6566),(#6567,#6568,#6569,#6570,#6571)),.UNSPECIFIED.,
 .F.,.F.,.F.,(4,1,4),(4,1,4),(0.,0.5,1.),(0.,0.0338063891262057,0.0788815746278132),
 .UNSPECIFIED.);
#32=B_SPLINE_SURFACE_WITH_KNOTS('',3,3,((#6583,#6584,#6585,#6586,#6587),
(#6588,#6589,#6590,#6591,#6592),(#6593,#6594,#6595,#6596,#6597),(#6598,
#6599,#6600,#6601,#6602),(#6603,#6604,#6605,#6606,#6607)),.UNSPECIFIED.,
 .F.,.F.,.F.,(4,1,4),(4,1,4),(0.,0.5,1.),(0.,0.0799445403795439,0.186537260885603),
 .UNSPECIFIED.);
#33=B_SPLINE_SURFACE_WITH_KNOTS('',3,3,((#6615,#6616,#6617,#6618),(#6619,
#6620,#6621,#6622),(#6623,#6624,#6625,#6626),(#6627,#6628,#6629,#6630),
(#6631,#6632,#6633,#6634)),.UNSPECIFIED.,.F.,.F.,.F.,(4,1,4),(4,4),(0.,
0.5,1.),(0.,0.0599899100268594),.UNSPECIFIED.);
#34=B_SPLINE_SURFACE_WITH_KNOTS('',3,3,((#6866,#6867,#6868,#6869),(#6870,
#6871,#6872,#6873),(#6874,#6875,#6876,#6877),(#6878,#6879,#6880,#6881),
(#6882,#6883,#6884,#6885)),.UNSPECIFIED.,.F.,.F.,.F.,(4,1,4),(4,4),(0.,
0.5,1.),(7.09781180838468E-16,0.0325295222756724),.UNSPECIFIED.);
#35=B_SPLINE_SURFACE_WITH_KNOTS('',3,3,((#7114,#7115,#7116,#7117),(#7118,
#7119,#7120,#7121),(#7122,#7123,#7124,#7125),(#7126,#7127,#7128,#7129),
(#7130,#7131,#7132,#7133)),.UNSPECIFIED.,.F.,.F.,.F.,(4,1,4),(4,4),(0.,
0.571428571428571,1.),(3.88745613152761E-16,0.105929470118899),
 .UNSPECIFIED.);
#36=B_SPLINE_SURFACE_WITH_KNOTS('',3,3,((#7140,#7141,#7142,#7143),(#7144,
#7145,#7146,#7147),(#7148,#7149,#7150,#7151),(#7152,#7153,#7154,#7155),
(#7156,#7157,#7158,#7159)),.UNSPECIFIED.,.F.,.F.,.F.,(4,1,4),(4,4),(0.,
0.571428571428571,1.),(0.,0.368961939528839),.UNSPECIFIED.);
#37=B_SPLINE_SURFACE_WITH_KNOTS('',3,3,((#7190,#7191,#7192,#7193,#7194),
(#7195,#7196,#7197,#7198,#7199),(#7200,#7201,#7202,#7203,#7204),(#7205,
#7206,#7207,#7208,#7209),(#7210,#7211,#7212,#7213,#7214),(#7215,#7216,#7217,
#7218,#7219)),.UNSPECIFIED.,.F.,.F.,.F.,(4,1,1,4),(4,1,4),(0.,0.285714285714286,
0.571428571428571,1.),(0.,0.0460604831285767,0.107474460633346),
 .UNSPECIFIED.);
#38=B_SPLINE_SURFACE_WITH_KNOTS('',3,3,((#7230,#7231,#7232,#7233),(#7234,
#7235,#7236,#7237),(#7238,#7239,#7240,#7241),(#7242,#7243,#7244,#7245),
(#7246,#7247,#7248,#7249),(#7250,#7251,#7252,#7253)),.UNSPECIFIED.,.F.,
 .F.,.F.,(4,1,1,4),(4,4),(0.,0.285714285714286,0.571428571428571,1.),(5.1026357994453E-16,
0.11033866054172),.UNSPECIFIED.);
#39=ELLIPSE('',#4108,1.7315480119463,1.5);
#40=ELLIPSE('',#4210,2.17904991169895,2.);
#41=B_SPLINE_CURVE_WITH_KNOTS('',3,(#6146,#6147,#6148,#6149),
 .UNSPECIFIED.,.F.,.F.,(4,4),(-0.0840482406270176,0.),.UNSPECIFIED.);
#42=B_SPLINE_CURVE_WITH_KNOTS('',3,(#6150,#6151,#6152,#6153),
 .UNSPECIFIED.,.F.,.F.,(4,4),(7.09781180838468E-16,0.0325295222756724),
 .UNSPECIFIED.);
#43=B_SPLINE_CURVE_WITH_KNOTS('',3,(#6189,#6190,#6191,#6192,#6193),
 .UNSPECIFIED.,.F.,.F.,(4,1,4),(-0.0788815746278132,-0.0338063891262057,
0.),.UNSPECIFIED.);
#44=B_SPLINE_CURVE_WITH_KNOTS('',3,(#6202,#6203,#6204,#6205),
 .UNSPECIFIED.,.F.,.F.,(4,4),(-0.0599899100268594,0.),.UNSPECIFIED.);
#45=B_SPLINE_CURVE_WITH_KNOTS('',3,(#6206,#6207,#6208,#6209,#6210),
 .UNSPECIFIED.,.F.,.F.,(4,1,4),(0.,0.0799445403795439,0.186537260885603),
 .UNSPECIFIED.);
#46=B_SPLINE_CURVE_WITH_KNOTS('',3,(#6382,#6383,#6384,#6385,#6386,#6387,
#6388,#6389,#6390,#6391,#6392,#6393,#6394,#6395,#6396,#6397,#6398),
 .UNSPECIFIED.,.F.,.F.,(4,2,2,2,3,2,2,4),(-0.549418979424876,-0.507151525164729,
-0.418385482597558,-0.209192741298779,0.,0.209192741298779,0.418385482597558,
0.431027420186807),.UNSPECIFIED.);
#47=B_SPLINE_CURVE_WITH_KNOTS('',3,(#6407,#6408,#6409,#6410,#6411,#6412),
 .UNSPECIFIED.,.F.,.F.,(4,2,4),(3.9376728811995,4.08279996067293,4.19031157402365),
 .UNSPECIFIED.);
#48=B_SPLINE_CURVE_WITH_KNOTS('',3,(#6447,#6448,#6449,#6450),
 .UNSPECIFIED.,.F.,.F.,(4,4),(-0.11033866054172,-5.1026357994453E-16),
 .UNSPECIFIED.);
#49=B_SPLINE_CURVE_WITH_KNOTS('',3,(#6452,#6453,#6454,#6455,#6456),
 .UNSPECIFIED.,.F.,.F.,(4,1,4),(-0.107474460633346,-0.0460604831285767,
0.),.UNSPECIFIED.);
#50=B_SPLINE_CURVE_WITH_KNOTS('',3,(#6504,#6505,#6506,#6507),
 .UNSPECIFIED.,.F.,.F.,(4,4),(0.,0.0840482406270176),.UNSPECIFIED.);
#51=B_SPLINE_CURVE_WITH_KNOTS('',3,(#6574,#6575,#6576,#6577,#6578),
 .UNSPECIFIED.,.F.,.F.,(4,1,4),(0.,0.0338063891262057,0.0788815746278132),
 .UNSPECIFIED.);
#52=B_SPLINE_CURVE_WITH_KNOTS('',3,(#6610,#6611,#6612,#6613,#6614),
 .UNSPECIFIED.,.F.,.F.,(4,1,4),(-0.186537260885603,-0.0799445403795439,
0.),.UNSPECIFIED.);
#53=B_SPLINE_CURVE_WITH_KNOTS('',3,(#6637,#6638,#6639,#6640),
 .UNSPECIFIED.,.F.,.F.,(4,4),(0.,0.0599899100268594),.UNSPECIFIED.);
#54=B_SPLINE_CURVE_WITH_KNOTS('',3,(#6886,#6887,#6888,#6889),
 .UNSPECIFIED.,.F.,.F.,(4,4),(-0.0325295222756724,-7.09781180838468E-16),
 .UNSPECIFIED.);
#55=B_SPLINE_CURVE_WITH_KNOTS('',3,(#6894,#6895,#6896,#6897),
 .UNSPECIFIED.,.F.,.F.,(4,4),(3.88745613152761E-16,0.105929470118899),
 .UNSPECIFIED.);
#56=B_SPLINE_CURVE_WITH_KNOTS('',3,(#6904,#6905,#6906,#6907),
 .UNSPECIFIED.,.F.,.F.,(4,4),(-0.368961939528839,0.),.UNSPECIFIED.);
#57=B_SPLINE_CURVE_WITH_KNOTS('',3,(#6928,#6929,#6930,#6931),
 .UNSPECIFIED.,.F.,.F.,(4,4),(5.1026357994453E-16,0.11033866054172),
 .UNSPECIFIED.);
#58=B_SPLINE_CURVE_WITH_KNOTS('',3,(#6936,#6937,#6938,#6939,#6940),
 .UNSPECIFIED.,.F.,.F.,(4,1,4),(0.,0.0460604831285767,0.107474460633346),
 .UNSPECIFIED.);
#59=B_SPLINE_CURVE_WITH_KNOTS('',3,(#7001,#7002,#7003,#7004,#7005,#7006,
#7007,#7008,#7009,#7010),.UNSPECIFIED.,.F.,.F.,(4,2,2,2,4),(0.,0.0353122297517414,
0.0728595197981025,0.114240606763282,0.161786832179565),.UNSPECIFIED.);
#60=B_SPLINE_CURVE_WITH_KNOTS('',3,(#7136,#7137,#7138,#7139),
 .UNSPECIFIED.,.F.,.F.,(4,4),(-0.105929470118899,-3.88745613152761E-16),
 .UNSPECIFIED.);
#61=B_SPLINE_CURVE_WITH_KNOTS('',3,(#7162,#7163,#7164,#7165),
 .UNSPECIFIED.,.F.,.F.,(4,4),(0.,0.368961939528839),.UNSPECIFIED.);
#62=SPHERICAL_SURFACE('',#4069,1.);
#63=SPHERICAL_SURFACE('',#4071,1.);
#64=SPHERICAL_SURFACE('',#4073,1.);
#65=SPHERICAL_SURFACE('',#4075,1.);
#66=SPHERICAL_SURFACE('',#4077,1.);
#67=SPHERICAL_SURFACE('',#4079,1.);
#68=SPHERICAL_SURFACE('',#4081,1.);
#69=SPHERICAL_SURFACE('',#4083,1.);
#70=SPHERICAL_SURFACE('',#4085,1.);
#71=SPHERICAL_SURFACE('',#4087,1.);
#72=SPHERICAL_SURFACE('',#4089,1.);
#73=TOROIDAL_SURFACE('',#3997,2.,1.);
#74=TOROIDAL_SURFACE('',#4012,2.,1.);
#75=TOROIDAL_SURFACE('',#4021,2.,1.);
#76=TOROIDAL_SURFACE('',#4033,2.,1.);
#77=TOROIDAL_SURFACE('',#4042,2.,1.);
#78=TOROIDAL_SURFACE('',#4054,2.,1.);
#79=TOROIDAL_SURFACE('',#4066,2.,1.);
#80=TOROIDAL_SURFACE('',#4213,1.5,0.5);
#81=TOROIDAL_SURFACE('',#4218,3.5,0.5);
#82=TOROIDAL_SURFACE('',#4233,1.5,0.5);
#83=TOROIDAL_SURFACE('',#4244,1.5,0.5);
#84=TOROIDAL_SURFACE('',#4250,1.5,0.5);
#85=TOROIDAL_SURFACE('',#4261,1.5,0.5);
#86=TOROIDAL_SURFACE('',#4272,1.5,0.5);
#87=TOROIDAL_SURFACE('',#4278,1.5,0.5);
#88=TOROIDAL_SURFACE('',#4288,1.5,0.5);
#89=TOROIDAL_SURFACE('',#4291,14.8269230769231,0.5);
#90=TOROIDAL_SURFACE('',#4296,1.5,0.5);
#91=TOROIDAL_SURFACE('',#4305,1.5,0.5);
#92=TOROIDAL_SURFACE('',#4310,13.85,0.5);
#93=TOROIDAL_SURFACE('',#4313,4.5,0.5);
#94=TOROIDAL_SURFACE('',#4351,3.45,1.);
#95=TOROIDAL_SURFACE('',#4355,3.,1.);
#96=TOROIDAL_SURFACE('',#4360,5.45,1.);
#97=TOROIDAL_SURFACE('',#4363,3.45,1.);
#98=TOROIDAL_SURFACE('',#4368,5.45,1.);
#99=TOROIDAL_SURFACE('',#4371,3.45,1.);
#100=TOROIDAL_SURFACE('',#4377,3.45,1.);
#101=TOROIDAL_SURFACE('',#4381,5.45,1.);
#102=TOROIDAL_SURFACE('',#4387,3.45,1.);
#103=TOROIDAL_SURFACE('',#4391,5.45,1.);
#104=TOROIDAL_SURFACE('',#4397,3.45,1.);
#105=TOROIDAL_SURFACE('',#4403,3.45,1.);
#106=TOROIDAL_SURFACE('',#4409,5.45,1.);
#107=TOROIDAL_SURFACE('',#4415,15.3269230769231,1.);
#108=TOROIDAL_SURFACE('',#4420,3.45,1.);
#109=TOROIDAL_SURFACE('',#4425,5.45,1.);
#110=TOROIDAL_SURFACE('',#4429,3.45,1.);
#111=TOROIDAL_SURFACE('',#4433,14.35,1.);
#112=TOROIDAL_SURFACE('',#4435,5.,1.);
#113=TOROIDAL_SURFACE('',#4438,3.45,1.);
#114=TOROIDAL_SURFACE('',#4442,3.45,1.);
#115=CYLINDRICAL_SURFACE('',#3976,1.25);
#116=CYLINDRICAL_SURFACE('',#3980,1.25);
#117=CYLINDRICAL_SURFACE('',#3984,1.25);
#118=CYLINDRICAL_SURFACE('',#3988,1.25);
#119=CYLINDRICAL_SURFACE('',#3992,1.25);
#120=CYLINDRICAL_SURFACE('',#3994,1.);
#121=CYLINDRICAL_SURFACE('',#4001,1.);
#122=CYLINDRICAL_SURFACE('',#4003,1.);
#123=CYLINDRICAL_SURFACE('',#4006,1.);
#124=CYLINDRICAL_SURFACE('',#4009,1.);
#125=CYLINDRICAL_SURFACE('',#4016,1.);
#126=CYLINDRICAL_SURFACE('',#4018,1.);
#127=CYLINDRICAL_SURFACE('',#4025,1.);
#128=CYLINDRICAL_SURFACE('',#4027,1.);
#129=CYLINDRICAL_SURFACE('',#4030,1.);
#130=CYLINDRICAL_SURFACE('',#4037,1.);
#131=CYLINDRICAL_SURFACE('',#4039,1.);
#132=CYLINDRICAL_SURFACE('',#4046,1.);
#133=CYLINDRICAL_SURFACE('',#4048,1.);
#134=CYLINDRICAL_SURFACE('',#4051,1.);
#135=CYLINDRICAL_SURFACE('',#4058,1.);
#136=CYLINDRICAL_SURFACE('',#4060,1.);
#137=CYLINDRICAL_SURFACE('',#4063,1.);
#138=CYLINDRICAL_SURFACE('',#4091,1.);
#139=CYLINDRICAL_SURFACE('',#4096,1.);
#140=CYLINDRICAL_SURFACE('',#4099,1.);
#141=CYLINDRICAL_SURFACE('',#4102,1.);
#142=CYLINDRICAL_SURFACE('',#4106,1.);
#143=CYLINDRICAL_SURFACE('',#4111,1.);
#144=CYLINDRICAL_SURFACE('',#4117,1.);
#145=CYLINDRICAL_SURFACE('',#4119,1.);
#146=CYLINDRICAL_SURFACE('',#4122,1.);
#147=CYLINDRICAL_SURFACE('',#4175,4.45);
#148=CYLINDRICAL_SURFACE('',#4178,4.45);
#149=CYLINDRICAL_SURFACE('',#4180,4.45);
#150=CYLINDRICAL_SURFACE('',#4185,4.45);
#151=CYLINDRICAL_SURFACE('',#4187,4.45);
#152=CYLINDRICAL_SURFACE('',#4192,4.45);
#153=CYLINDRICAL_SURFACE('',#4197,4.45);
#154=CYLINDRICAL_SURFACE('',#4201,4.45);
#155=CYLINDRICAL_SURFACE('',#4204,4.45);
#156=CYLINDRICAL_SURFACE('',#4211,0.5);
#157=CYLINDRICAL_SURFACE('',#4216,0.5);
#158=CYLINDRICAL_SURFACE('',#4222,0.5);
#159=CYLINDRICAL_SURFACE('',#4226,0.5);
#160=CYLINDRICAL_SURFACE('',#4231,0.5);
#161=CYLINDRICAL_SURFACE('',#4237,0.5);
#162=CYLINDRICAL_SURFACE('',#4242,0.5);
#163=CYLINDRICAL_SURFACE('',#4248,0.5);
#164=CYLINDRICAL_SURFACE('',#4254,0.5);
#165=CYLINDRICAL_SURFACE('',#4259,0.5);
#166=CYLINDRICAL_SURFACE('',#4265,0.5);
#167=CYLINDRICAL_SURFACE('',#4270,0.5);
#168=CYLINDRICAL_SURFACE('',#4276,0.5);
#169=CYLINDRICAL_SURFACE('',#4282,0.5);
#170=CYLINDRICAL_SURFACE('',#4286,0.5);
#171=CYLINDRICAL_SURFACE('',#4294,0.5);
#172=CYLINDRICAL_SURFACE('',#4299,0.5);
#173=CYLINDRICAL_SURFACE('',#4303,0.5);
#174=CYLINDRICAL_SURFACE('',#4308,0.5);
#175=CYLINDRICAL_SURFACE('',#4315,2.);
#176=CYLINDRICAL_SURFACE('',#4316,14.3269230769231);
#177=CYLINDRICAL_SURFACE('',#4322,13.35);
#178=CYLINDRICAL_SURFACE('',#4324,2.);
#179=CYLINDRICAL_SURFACE('',#4329,4.);
#180=CYLINDRICAL_SURFACE('',#4331,4.);
#181=CYLINDRICAL_SURFACE('',#4334,1.);
#182=CYLINDRICAL_SURFACE('',#4336,1.);
#183=CYLINDRICAL_SURFACE('',#4338,1.);
#184=CYLINDRICAL_SURFACE('',#4340,1.);
#185=CYLINDRICAL_SURFACE('',#4342,1.);
#186=CYLINDRICAL_SURFACE('',#4344,1.);
#187=CYLINDRICAL_SURFACE('',#4346,1.);
#188=CYLINDRICAL_SURFACE('',#4348,1.);
#189=CYLINDRICAL_SURFACE('',#4350,1.);
#190=CYLINDRICAL_SURFACE('',#4353,1.);
#191=CYLINDRICAL_SURFACE('',#4357,1.);
#192=CYLINDRICAL_SURFACE('',#4366,1.);
#193=CYLINDRICAL_SURFACE('',#4375,1.);
#194=CYLINDRICAL_SURFACE('',#4385,1.);
#195=CYLINDRICAL_SURFACE('',#4395,1.);
#196=CYLINDRICAL_SURFACE('',#4401,1.);
#197=CYLINDRICAL_SURFACE('',#4407,1.);
#198=CYLINDRICAL_SURFACE('',#4418,1.);
#199=CYLINDRICAL_SURFACE('',#4423,1.);
#200=CYLINDRICAL_SURFACE('',#4427,1.);
#201=CYLINDRICAL_SURFACE('',#4431,1.);
#202=CYLINDRICAL_SURFACE('',#4440,1.);
#203=CYLINDRICAL_SURFACE('',#4444,1.);
#204=CYLINDRICAL_SURFACE('',#4446,4.45);
#205=CYLINDRICAL_SURFACE('',#4448,4.45);
#206=CYLINDRICAL_SURFACE('',#4449,4.45);
#207=CYLINDRICAL_SURFACE('',#4451,4.45);
#208=CYLINDRICAL_SURFACE('',#4452,4.45);
#209=CYLINDRICAL_SURFACE('',#4454,4.45);
#210=CYLINDRICAL_SURFACE('',#4456,4.45);
#211=CYLINDRICAL_SURFACE('',#4458,4.45);
#212=CYLINDRICAL_SURFACE('',#4460,4.45);
#213=CYLINDRICAL_SURFACE('',#4462,5.);
#214=CYLINDRICAL_SURFACE('',#4464,5.);
#215=CYLINDRICAL_SURFACE('',#4467,5.);
#216=CYLINDRICAL_SURFACE('',#4468,5.);
#217=FACE_BOUND('',#534,.T.);
#218=FACE_BOUND('',#535,.T.);
#219=FACE_BOUND('',#536,.T.);
#220=FACE_BOUND('',#537,.T.);
#221=FACE_BOUND('',#538,.T.);
#222=FACE_BOUND('',#594,.T.);
#223=FACE_BOUND('',#597,.T.);
#224=FACE_BOUND('',#605,.T.);
#225=FACE_BOUND('',#606,.T.);
#226=FACE_BOUND('',#607,.T.);
#227=FACE_BOUND('',#608,.T.);
#228=FACE_BOUND('',#609,.T.);
#229=FACE_BOUND('',#651,.T.);
#230=PLANE('',#3953);
#231=PLANE('',#4093);
#232=PLANE('',#4098);
#233=PLANE('',#4101);
#234=PLANE('',#4104);
#235=PLANE('',#4107);
#236=PLANE('',#4113);
#237=PLANE('',#4118);
#238=PLANE('',#4120);
#239=PLANE('',#4124);
#240=PLANE('',#4125);
#241=PLANE('',#4126);
#242=PLANE('',#4129);
#243=PLANE('',#4132);
#244=PLANE('',#4135);
#245=PLANE('',#4138);
#246=PLANE('',#4143);
#247=PLANE('',#4148);
#248=PLANE('',#4153);
#249=PLANE('',#4158);
#250=PLANE('',#4163);
#251=PLANE('',#4166);
#252=PLANE('',#4169);
#253=PLANE('',#4172);
#254=PLANE('',#4177);
#255=PLANE('',#4182);
#256=PLANE('',#4189);
#257=PLANE('',#4194);
#258=PLANE('',#4199);
#259=PLANE('',#4203);
#260=PLANE('',#4206);
#261=PLANE('',#4318);
#262=PLANE('',#4325);
#263=PLANE('',#4333);
#264=PLANE('',#4335);
#265=PLANE('',#4337);
#266=PLANE('',#4339);
#267=PLANE('',#4341);
#268=PLANE('',#4343);
#269=PLANE('',#4345);
#270=PLANE('',#4347);
#271=PLANE('',#4349);
#272=PLANE('',#4447);
#273=PLANE('',#4450);
#274=PLANE('',#4453);
#275=PLANE('',#4455);
#276=PLANE('',#4457);
#277=PLANE('',#4459);
#278=PLANE('',#4461);
#279=PLANE('',#4463);
#280=PLANE('',#4465);
#281=PLANE('',#4466);
#282=PLANE('',#4469);
#283=PLANE('',#4470);
#284=FACE_OUTER_BOUND('',#532,.T.);
#285=FACE_OUTER_BOUND('',#533,.T.);
#286=FACE_OUTER_BOUND('',#539,.T.);
#287=FACE_OUTER_BOUND('',#540,.T.);
#288=FACE_OUTER_BOUND('',#541,.T.);
#289=FACE_OUTER_BOUND('',#542,.T.);
#290=FACE_OUTER_BOUND('',#543,.T.);
#291=FACE_OUTER_BOUND('',#544,.T.);
#292=FACE_OUTER_BOUND('',#545,.T.);
#293=FACE_OUTER_BOUND('',#546,.T.);
#294=FACE_OUTER_BOUND('',#547,.T.);
#295=FACE_OUTER_BOUND('',#548,.T.);
#296=FACE_OUTER_BOUND('',#549,.T.);
#297=FACE_OUTER_BOUND('',#550,.T.);
#298=FACE_OUTER_BOUND('',#551,.T.);
#299=FACE_OUTER_BOUND('',#552,.T.);
#300=FACE_OUTER_BOUND('',#553,.T.);
#301=FACE_OUTER_BOUND('',#554,.T.);
#302=FACE_OUTER_BOUND('',#555,.T.);
#303=FACE_OUTER_BOUND('',#556,.T.);
#304=FACE_OUTER_BOUND('',#557,.T.);
#305=FACE_OUTER_BOUND('',#558,.T.);
#306=FACE_OUTER_BOUND('',#559,.T.);
#307=FACE_OUTER_BOUND('',#560,.T.);
#308=FACE_OUTER_BOUND('',#561,.T.);
#309=FACE_OUTER_BOUND('',#562,.T.);
#310=FACE_OUTER_BOUND('',#563,.T.);
#311=FACE_OUTER_BOUND('',#564,.T.);
#312=FACE_OUTER_BOUND('',#565,.T.);
#313=FACE_OUTER_BOUND('',#566,.T.);
#314=FACE_OUTER_BOUND('',#567,.T.);
#315=FACE_OUTER_BOUND('',#568,.T.);
#316=FACE_OUTER_BOUND('',#569,.T.);
#317=FACE_OUTER_BOUND('',#570,.T.);
#318=FACE_OUTER_BOUND('',#571,.T.);
#319=FACE_OUTER_BOUND('',#572,.T.);
#320=FACE_OUTER_BOUND('',#573,.T.);
#321=FACE_OUTER_BOUND('',#574,.T.);
#322=FACE_OUTER_BOUND('',#575,.T.);
#323=FACE_OUTER_BOUND('',#576,.T.);
#324=FACE_OUTER_BOUND('',#577,.T.);
#325=FACE_OUTER_BOUND('',#578,.T.);
#326=FACE_OUTER_BOUND('',#579,.T.);
#327=FACE_OUTER_BOUND('',#580,.T.);
#328=FACE_OUTER_BOUND('',#581,.T.);
#329=FACE_OUTER_BOUND('',#582,.T.);
#330=FACE_OUTER_BOUND('',#583,.T.);
#331=FACE_OUTER_BOUND('',#584,.T.);
#332=FACE_OUTER_BOUND('',#585,.T.);
#333=FACE_OUTER_BOUND('',#586,.T.);
#334=FACE_OUTER_BOUND('',#587,.T.);
#335=FACE_OUTER_BOUND('',#588,.T.);
#336=FACE_OUTER_BOUND('',#589,.T.);
#337=FACE_OUTER_BOUND('',#590,.T.);
#338=FACE_OUTER_BOUND('',#591,.T.);
#339=FACE_OUTER_BOUND('',#592,.T.);
#340=FACE_OUTER_BOUND('',#593,.T.);
#341=FACE_OUTER_BOUND('',#595,.T.);
#342=FACE_OUTER_BOUND('',#596,.T.);
#343=FACE_OUTER_BOUND('',#598,.T.);
#344=FACE_OUTER_BOUND('',#599,.T.);
#345=FACE_OUTER_BOUND('',#600,.T.);
#346=FACE_OUTER_BOUND('',#601,.T.);
#347=FACE_OUTER_BOUND('',#602,.T.);
#348=FACE_OUTER_BOUND('',#603,.T.);
#349=FACE_OUTER_BOUND('',#604,.T.);
#350=FACE_OUTER_BOUND('',#610,.T.);
#351=FACE_OUTER_BOUND('',#611,.T.);
#352=FACE_OUTER_BOUND('',#612,.T.);
#353=FACE_OUTER_BOUND('',#613,.T.);
#354=FACE_OUTER_BOUND('',#614,.T.);
#355=FACE_OUTER_BOUND('',#615,.T.);
#356=FACE_OUTER_BOUND('',#616,.T.);
#357=FACE_OUTER_BOUND('',#617,.T.);
#358=FACE_OUTER_BOUND('',#618,.T.);
#359=FACE_OUTER_BOUND('',#619,.T.);
#360=FACE_OUTER_BOUND('',#620,.T.);
#361=FACE_OUTER_BOUND('',#621,.T.);
#362=FACE_OUTER_BOUND('',#622,.T.);
#363=FACE_OUTER_BOUND('',#623,.T.);
#364=FACE_OUTER_BOUND('',#624,.T.);
#365=FACE_OUTER_BOUND('',#625,.T.);
#366=FACE_OUTER_BOUND('',#626,.T.);
#367=FACE_OUTER_BOUND('',#627,.T.);
#368=FACE_OUTER_BOUND('',#628,.T.);
#369=FACE_OUTER_BOUND('',#629,.T.);
#370=FACE_OUTER_BOUND('',#630,.T.);
#371=FACE_OUTER_BOUND('',#631,.T.);
#372=FACE_OUTER_BOUND('',#632,.T.);
#373=FACE_OUTER_BOUND('',#633,.T.);
#374=FACE_OUTER_BOUND('',#634,.T.);
#375=FACE_OUTER_BOUND('',#635,.T.);
#376=FACE_OUTER_BOUND('',#636,.T.);
#377=FACE_OUTER_BOUND('',#637,.T.);
#378=FACE_OUTER_BOUND('',#638,.T.);
#379=FACE_OUTER_BOUND('',#639,.T.);
#380=FACE_OUTER_BOUND('',#640,.T.);
#381=FACE_OUTER_BOUND('',#641,.T.);
#382=FACE_OUTER_BOUND('',#642,.T.);
#383=FACE_OUTER_BOUND('',#643,.T.);
#384=FACE_OUTER_BOUND('',#644,.T.);
#385=FACE_OUTER_BOUND('',#645,.T.);
#386=FACE_OUTER_BOUND('',#646,.T.);
#387=FACE_OUTER_BOUND('',#647,.T.);
#388=FACE_OUTER_BOUND('',#648,.T.);
#389=FACE_OUTER_BOUND('',#649,.T.);
#390=FACE_OUTER_BOUND('',#650,.T.);
#391=FACE_OUTER_BOUND('',#652,.T.);
#392=FACE_OUTER_BOUND('',#653,.T.);
#393=FACE_OUTER_BOUND('',#654,.T.);
#394=FACE_OUTER_BOUND('',#655,.T.);
#395=FACE_OUTER_BOUND('',#656,.T.);
#396=FACE_OUTER_BOUND('',#657,.T.);
#397=FACE_OUTER_BOUND('',#658,.T.);
#398=FACE_OUTER_BOUND('',#659,.T.);
#399=FACE_OUTER_BOUND('',#660,.T.);
#400=FACE_OUTER_BOUND('',#661,.T.);
#401=FACE_OUTER_BOUND('',#662,.T.);
#402=FACE_OUTER_BOUND('',#663,.T.);
#403=FACE_OUTER_BOUND('',#664,.T.);
#404=FACE_OUTER_BOUND('',#665,.T.);
#405=FACE_OUTER_BOUND('',#666,.T.);
#406=FACE_OUTER_BOUND('',#667,.T.);
#407=FACE_OUTER_BOUND('',#668,.T.);
#408=FACE_OUTER_BOUND('',#669,.T.);
#409=FACE_OUTER_BOUND('',#670,.T.);
#410=FACE_OUTER_BOUND('',#671,.T.);
#411=FACE_OUTER_BOUND('',#672,.T.);
#412=FACE_OUTER_BOUND('',#673,.T.);
#413=FACE_OUTER_BOUND('',#674,.T.);
#414=FACE_OUTER_BOUND('',#675,.T.);
#415=FACE_OUTER_BOUND('',#676,.T.);
#416=FACE_OUTER_BOUND('',#677,.T.);
#417=FACE_OUTER_BOUND('',#678,.T.);
#418=FACE_OUTER_BOUND('',#679,.T.);
#419=FACE_OUTER_BOUND('',#680,.T.);
#420=FACE_OUTER_BOUND('',#681,.T.);
#421=FACE_OUTER_BOUND('',#682,.T.);
#422=FACE_OUTER_BOUND('',#683,.T.);
#423=FACE_OUTER_BOUND('',#684,.T.);
#424=FACE_OUTER_BOUND('',#685,.T.);
#425=FACE_OUTER_BOUND('',#686,.T.);
#426=FACE_OUTER_BOUND('',#687,.T.);
#427=FACE_OUTER_BOUND('',#688,.T.);
#428=FACE_OUTER_BOUND('',#689,.T.);
#429=FACE_OUTER_BOUND('',#690,.T.);
#430=FACE_OUTER_BOUND('',#691,.T.);
#431=FACE_OUTER_BOUND('',#692,.T.);
#432=FACE_OUTER_BOUND('',#693,.T.);
#433=FACE_OUTER_BOUND('',#694,.T.);
#434=FACE_OUTER_BOUND('',#695,.T.);
#435=FACE_OUTER_BOUND('',#696,.T.);
#436=FACE_OUTER_BOUND('',#697,.T.);
#437=FACE_OUTER_BOUND('',#698,.T.);
#438=FACE_OUTER_BOUND('',#699,.T.);
#439=FACE_OUTER_BOUND('',#700,.T.);
#440=FACE_OUTER_BOUND('',#701,.T.);
#441=FACE_OUTER_BOUND('',#702,.T.);
#442=FACE_OUTER_BOUND('',#703,.T.);
#443=FACE_OUTER_BOUND('',#704,.T.);
#444=FACE_OUTER_BOUND('',#705,.T.);
#445=FACE_OUTER_BOUND('',#706,.T.);
#446=FACE_OUTER_BOUND('',#707,.T.);
#447=FACE_OUTER_BOUND('',#708,.T.);
#448=FACE_OUTER_BOUND('',#709,.T.);
#449=FACE_OUTER_BOUND('',#710,.T.);
#450=FACE_OUTER_BOUND('',#711,.T.);
#451=FACE_OUTER_BOUND('',#712,.T.);
#452=FACE_OUTER_BOUND('',#713,.T.);
#453=FACE_OUTER_BOUND('',#714,.T.);
#454=FACE_OUTER_BOUND('',#715,.T.);
#455=FACE_OUTER_BOUND('',#716,.T.);
#456=FACE_OUTER_BOUND('',#717,.T.);
#457=FACE_OUTER_BOUND('',#718,.T.);
#458=FACE_OUTER_BOUND('',#719,.T.);
#459=FACE_OUTER_BOUND('',#720,.T.);
#460=FACE_OUTER_BOUND('',#721,.T.);
#461=FACE_OUTER_BOUND('',#722,.T.);
#462=FACE_OUTER_BOUND('',#723,.T.);
#463=FACE_OUTER_BOUND('',#724,.T.);
#464=FACE_OUTER_BOUND('',#725,.T.);
#465=FACE_OUTER_BOUND('',#726,.T.);
#466=FACE_OUTER_BOUND('',#727,.T.);
#467=FACE_OUTER_BOUND('',#728,.T.);
#468=FACE_OUTER_BOUND('',#729,.T.);
#469=FACE_OUTER_BOUND('',#730,.T.);
#470=FACE_OUTER_BOUND('',#731,.T.);
#471=FACE_OUTER_BOUND('',#732,.T.);
#472=FACE_OUTER_BOUND('',#733,.T.);
#473=FACE_OUTER_BOUND('',#734,.T.);
#474=FACE_OUTER_BOUND('',#735,.T.);
#475=FACE_OUTER_BOUND('',#736,.T.);
#476=FACE_OUTER_BOUND('',#737,.T.);
#477=FACE_OUTER_BOUND('',#738,.T.);
#478=FACE_OUTER_BOUND('',#739,.T.);
#479=FACE_OUTER_BOUND('',#740,.T.);
#480=FACE_OUTER_BOUND('',#741,.T.);
#481=FACE_OUTER_BOUND('',#742,.T.);
#482=FACE_OUTER_BOUND('',#743,.T.);
#483=FACE_OUTER_BOUND('',#744,.T.);
#484=FACE_OUTER_BOUND('',#745,.T.);
#485=FACE_OUTER_BOUND('',#746,.T.);
#486=FACE_OUTER_BOUND('',#747,.T.);
#487=FACE_OUTER_BOUND('',#748,.T.);
#488=FACE_OUTER_BOUND('',#749,.T.);
#489=FACE_OUTER_BOUND('',#750,.T.);
#490=FACE_OUTER_BOUND('',#751,.T.);
#491=FACE_OUTER_BOUND('',#752,.T.);
#492=FACE_OUTER_BOUND('',#753,.T.);
#493=FACE_OUTER_BOUND('',#754,.T.);
#494=FACE_OUTER_BOUND('',#755,.T.);
#495=FACE_OUTER_BOUND('',#756,.T.);
#496=FACE_OUTER_BOUND('',#757,.T.);
#497=FACE_OUTER_BOUND('',#758,.T.);
#498=FACE_OUTER_BOUND('',#759,.T.);
#499=FACE_OUTER_BOUND('',#760,.T.);
#500=FACE_OUTER_BOUND('',#761,.T.);
#501=FACE_OUTER_BOUND('',#762,.T.);
#502=FACE_OUTER_BOUND('',#763,.T.);
#503=FACE_OUTER_BOUND('',#764,.T.);
#504=FACE_OUTER_BOUND('',#765,.T.);
#505=FACE_OUTER_BOUND('',#766,.T.);
#506=FACE_OUTER_BOUND('',#767,.T.);
#507=FACE_OUTER_BOUND('',#768,.T.);
#508=FACE_OUTER_BOUND('',#769,.T.);
#509=FACE_OUTER_BOUND('',#770,.T.);
#510=FACE_OUTER_BOUND('',#771,.T.);
#511=FACE_OUTER_BOUND('',#772,.T.);
#512=FACE_OUTER_BOUND('',#773,.T.);
#513=FACE_OUTER_BOUND('',#774,.T.);
#514=FACE_OUTER_BOUND('',#775,.T.);
#515=FACE_OUTER_BOUND('',#776,.T.);
#516=FACE_OUTER_BOUND('',#777,.T.);
#517=FACE_OUTER_BOUND('',#778,.T.);
#518=FACE_OUTER_BOUND('',#779,.T.);
#519=FACE_OUTER_BOUND('',#780,.T.);
#520=FACE_OUTER_BOUND('',#781,.T.);
#521=FACE_OUTER_BOUND('',#782,.T.);
#522=FACE_OUTER_BOUND('',#783,.T.);
#523=FACE_OUTER_BOUND('',#784,.T.);
#524=FACE_OUTER_BOUND('',#785,.T.);
#525=FACE_OUTER_BOUND('',#786,.T.);
#526=FACE_OUTER_BOUND('',#787,.T.);
#527=FACE_OUTER_BOUND('',#788,.T.);
#528=FACE_OUTER_BOUND('',#789,.T.);
#529=FACE_OUTER_BOUND('',#790,.T.);
#530=FACE_OUTER_BOUND('',#791,.T.);
#531=FACE_OUTER_BOUND('',#792,.T.);
#532=EDGE_LOOP('',(#2513,#2514,#2515,#2516));
#533=EDGE_LOOP('',(#2517,#2518,#2519,#2520,#2521,#2522,#2523,#2524,#2525,
#2526,#2527,#2528,#2529,#2530,#2531,#2532,#2533,#2534,#2535,#2536,#2537,
#2538,#2539,#2540,#2541,#2542,#2543,#2544,#2545,#2546,#2547));
#534=EDGE_LOOP('',(#2548));
#535=EDGE_LOOP('',(#2549));
#536=EDGE_LOOP('',(#2550));
#537=EDGE_LOOP('',(#2551));
#538=EDGE_LOOP('',(#2552));
#539=EDGE_LOOP('',(#2553,#2554,#2555,#2556));
#540=EDGE_LOOP('',(#2557,#2558,#2559,#2560));
#541=EDGE_LOOP('',(#2561,#2562,#2563,#2564));
#542=EDGE_LOOP('',(#2565,#2566,#2567,#2568));
#543=EDGE_LOOP('',(#2569,#2570,#2571,#2572));
#544=EDGE_LOOP('',(#2573,#2574,#2575,#2576));
#545=EDGE_LOOP('',(#2577,#2578,#2579,#2580));
#546=EDGE_LOOP('',(#2581,#2582,#2583,#2584));
#547=EDGE_LOOP('',(#2585,#2586,#2587,#2588));
#548=EDGE_LOOP('',(#2589,#2590,#2591,#2592));
#549=EDGE_LOOP('',(#2593,#2594,#2595,#2596));
#550=EDGE_LOOP('',(#2597,#2598,#2599,#2600));
#551=EDGE_LOOP('',(#2601,#2602,#2603,#2604));
#552=EDGE_LOOP('',(#2605,#2606,#2607,#2608));
#553=EDGE_LOOP('',(#2609,#2610,#2611,#2612));
#554=EDGE_LOOP('',(#2613,#2614,#2615,#2616));
#555=EDGE_LOOP('',(#2617,#2618,#2619,#2620));
#556=EDGE_LOOP('',(#2621,#2622,#2623,#2624));
#557=EDGE_LOOP('',(#2625,#2626,#2627,#2628));
#558=EDGE_LOOP('',(#2629,#2630,#2631,#2632));
#559=EDGE_LOOP('',(#2633,#2634,#2635,#2636));
#560=EDGE_LOOP('',(#2637,#2638,#2639,#2640));
#561=EDGE_LOOP('',(#2641,#2642,#2643,#2644));
#562=EDGE_LOOP('',(#2645,#2646,#2647,#2648));
#563=EDGE_LOOP('',(#2649,#2650,#2651,#2652));
#564=EDGE_LOOP('',(#2653,#2654,#2655,#2656));
#565=EDGE_LOOP('',(#2657,#2658,#2659,#2660));
#566=EDGE_LOOP('',(#2661,#2662,#2663,#2664));
#567=EDGE_LOOP('',(#2665,#2666,#2667,#2668));
#568=EDGE_LOOP('',(#2669,#2670,#2671,#2672));
#569=EDGE_LOOP('',(#2673,#2674,#2675,#2676));
#570=EDGE_LOOP('',(#2677,#2678,#2679,#2680));
#571=EDGE_LOOP('',(#2681,#2682,#2683,#2684));
#572=EDGE_LOOP('',(#2685,#2686,#2687,#2688));
#573=EDGE_LOOP('',(#2689,#2690,#2691));
#574=EDGE_LOOP('',(#2692,#2693,#2694));
#575=EDGE_LOOP('',(#2695,#2696,#2697));
#576=EDGE_LOOP('',(#2698,#2699,#2700));
#577=EDGE_LOOP('',(#2701,#2702,#2703));
#578=EDGE_LOOP('',(#2704,#2705,#2706));
#579=EDGE_LOOP('',(#2707,#2708,#2709));
#580=EDGE_LOOP('',(#2710,#2711,#2712));
#581=EDGE_LOOP('',(#2713,#2714,#2715));
#582=EDGE_LOOP('',(#2716,#2717,#2718));
#583=EDGE_LOOP('',(#2719,#2720,#2721));
#584=EDGE_LOOP('',(#2722,#2723,#2724,#2725));
#585=EDGE_LOOP('',(#2726,#2727,#2728,#2729,#2730,#2731,#2732));
#586=EDGE_LOOP('',(#2733,#2734,#2735,#2736));
#587=EDGE_LOOP('',(#2737,#2738,#2739,#2740));
#588=EDGE_LOOP('',(#2741,#2742,#2743,#2744));
#589=EDGE_LOOP('',(#2745,#2746,#2747,#2748));
#590=EDGE_LOOP('',(#2749,#2750,#2751,#2752));
#591=EDGE_LOOP('',(#2753,#2754,#2755,#2756,#2757));
#592=EDGE_LOOP('',(#2758,#2759,#2760,#2761,#2762));
#593=EDGE_LOOP('',(#2763,#2764,#2765,#2766,#2767));
#594=EDGE_LOOP('',(#2768,#2769,#2770,#2771));
#595=EDGE_LOOP('',(#2772,#2773,#2774,#2775));
#596=EDGE_LOOP('',(#2776,#2777,#2778,#2779,#2780));
#597=EDGE_LOOP('',(#2781,#2782,#2783,#2784));
#598=EDGE_LOOP('',(#2785,#2786,#2787,#2788));
#599=EDGE_LOOP('',(#2789,#2790,#2791,#2792));
#600=EDGE_LOOP('',(#2793,#2794,#2795,#2796,#2797));
#601=EDGE_LOOP('',(#2798,#2799,#2800,#2801,#2802));
#602=EDGE_LOOP('',(#2803,#2804,#2805,#2806));
#603=EDGE_LOOP('',(#2807,#2808,#2809,#2810));
#604=EDGE_LOOP('',(#2811,#2812,#2813,#2814,#2815,#2816,#2817,#2818,#2819,
#2820,#2821,#2822,#2823,#2824,#2825,#2826,#2827,#2828,#2829,#2830,#2831,
#2832,#2833,#2834,#2835));
#605=EDGE_LOOP('',(#2836));
#606=EDGE_LOOP('',(#2837));
#607=EDGE_LOOP('',(#2838));
#608=EDGE_LOOP('',(#2839));
#609=EDGE_LOOP('',(#2840));
#610=EDGE_LOOP('',(#2841,#2842,#2843,#2844));
#611=EDGE_LOOP('',(#2845,#2846,#2847,#2848));
#612=EDGE_LOOP('',(#2849,#2850,#2851,#2852));
#613=EDGE_LOOP('',(#2853,#2854,#2855,#2856));
#614=EDGE_LOOP('',(#2857,#2858,#2859,#2860));
#615=EDGE_LOOP('',(#2861,#2862,#2863,#2864));
#616=EDGE_LOOP('',(#2865,#2866,#2867,#2868));
#617=EDGE_LOOP('',(#2869,#2870,#2871,#2872));
#618=EDGE_LOOP('',(#2873,#2874,#2875,#2876));
#619=EDGE_LOOP('',(#2877,#2878,#2879,#2880));
#620=EDGE_LOOP('',(#2881,#2882,#2883,#2884));
#621=EDGE_LOOP('',(#2885,#2886,#2887,#2888));
#622=EDGE_LOOP('',(#2889,#2890,#2891,#2892));
#623=EDGE_LOOP('',(#2893,#2894,#2895,#2896));
#624=EDGE_LOOP('',(#2897,#2898,#2899,#2900));
#625=EDGE_LOOP('',(#2901,#2902,#2903,#2904));
#626=EDGE_LOOP('',(#2905,#2906,#2907,#2908));
#627=EDGE_LOOP('',(#2909,#2910,#2911,#2912));
#628=EDGE_LOOP('',(#2913,#2914,#2915,#2916));
#629=EDGE_LOOP('',(#2917,#2918,#2919,#2920));
#630=EDGE_LOOP('',(#2921,#2922,#2923,#2924));
#631=EDGE_LOOP('',(#2925,#2926,#2927,#2928));
#632=EDGE_LOOP('',(#2929,#2930,#2931,#2932));
#633=EDGE_LOOP('',(#2933,#2934,#2935,#2936));
#634=EDGE_LOOP('',(#2937,#2938,#2939,#2940));
#635=EDGE_LOOP('',(#2941,#2942,#2943,#2944));
#636=EDGE_LOOP('',(#2945,#2946,#2947,#2948));
#637=EDGE_LOOP('',(#2949,#2950,#2951,#2952));
#638=EDGE_LOOP('',(#2953,#2954,#2955,#2956));
#639=EDGE_LOOP('',(#2957,#2958,#2959,#2960));
#640=EDGE_LOOP('',(#2961,#2962,#2963,#2964));
#641=EDGE_LOOP('',(#2965,#2966,#2967,#2968));
#642=EDGE_LOOP('',(#2969,#2970,#2971,#2972));
#643=EDGE_LOOP('',(#2973,#2974,#2975,#2976));
#644=EDGE_LOOP('',(#2977,#2978,#2979,#2980));
#645=EDGE_LOOP('',(#2981,#2982,#2983,#2984,#2985,#2986,#2987));
#646=EDGE_LOOP('',(#2988,#2989,#2990,#2991,#2992,#2993));
#647=EDGE_LOOP('',(#2994,#2995,#2996,#2997,#2998));
#648=EDGE_LOOP('',(#2999,#3000,#3001,#3002,#3003,#3004,#3005,#3006,#3007));
#649=EDGE_LOOP('',(#3008,#3009,#3010,#3011));
#650=EDGE_LOOP('',(#3012,#3013,#3014,#3015));
#651=EDGE_LOOP('',(#3016,#3017,#3018,#3019));
#652=EDGE_LOOP('',(#3020,#3021,#3022,#3023,#3024,#3025));
#653=EDGE_LOOP('',(#3026,#3027,#3028,#3029,#3030));
#654=EDGE_LOOP('',(#3031,#3032,#3033,#3034));
#655=EDGE_LOOP('',(#3035,#3036,#3037,#3038));
#656=EDGE_LOOP('',(#3039,#3040,#3041,#3042));
#657=EDGE_LOOP('',(#3043,#3044,#3045,#3046));
#658=EDGE_LOOP('',(#3047,#3048,#3049,#3050));
#659=EDGE_LOOP('',(#3051,#3052,#3053,#3054));
#660=EDGE_LOOP('',(#3055,#3056,#3057,#3058));
#661=EDGE_LOOP('',(#3059,#3060,#3061,#3062));
#662=EDGE_LOOP('',(#3063,#3064,#3065,#3066));
#663=EDGE_LOOP('',(#3067,#3068,#3069,#3070));
#664=EDGE_LOOP('',(#3071,#3072,#3073,#3074));
#665=EDGE_LOOP('',(#3075,#3076,#3077,#3078));
#666=EDGE_LOOP('',(#3079,#3080,#3081,#3082));
#667=EDGE_LOOP('',(#3083,#3084,#3085,#3086));
#668=EDGE_LOOP('',(#3087,#3088,#3089,#3090));
#669=EDGE_LOOP('',(#3091,#3092,#3093,#3094));
#670=EDGE_LOOP('',(#3095,#3096,#3097,#3098));
#671=EDGE_LOOP('',(#3099,#3100,#3101,#3102));
#672=EDGE_LOOP('',(#3103,#3104,#3105,#3106));
#673=EDGE_LOOP('',(#3107,#3108,#3109,#3110));
#674=EDGE_LOOP('',(#3111,#3112,#3113,#3114));
#675=EDGE_LOOP('',(#3115,#3116,#3117,#3118));
#676=EDGE_LOOP('',(#3119,#3120,#3121,#3122));
#677=EDGE_LOOP('',(#3123,#3124,#3125,#3126));
#678=EDGE_LOOP('',(#3127,#3128,#3129,#3130));
#679=EDGE_LOOP('',(#3131,#3132,#3133,#3134));
#680=EDGE_LOOP('',(#3135,#3136,#3137,#3138));
#681=EDGE_LOOP('',(#3139,#3140,#3141,#3142));
#682=EDGE_LOOP('',(#3143,#3144,#3145,#3146));
#683=EDGE_LOOP('',(#3147,#3148,#3149,#3150));
#684=EDGE_LOOP('',(#3151,#3152,#3153,#3154));
#685=EDGE_LOOP('',(#3155,#3156,#3157,#3158));
#686=EDGE_LOOP('',(#3159,#3160,#3161,#3162));
#687=EDGE_LOOP('',(#3163,#3164,#3165,#3166));
#688=EDGE_LOOP('',(#3167,#3168,#3169,#3170));
#689=EDGE_LOOP('',(#3171,#3172,#3173,#3174));
#690=EDGE_LOOP('',(#3175,#3176,#3177,#3178));
#691=EDGE_LOOP('',(#3179,#3180,#3181,#3182));
#692=EDGE_LOOP('',(#3183,#3184,#3185,#3186));
#693=EDGE_LOOP('',(#3187,#3188,#3189,#3190));
#694=EDGE_LOOP('',(#3191,#3192,#3193,#3194));
#695=EDGE_LOOP('',(#3195,#3196,#3197,#3198));
#696=EDGE_LOOP('',(#3199,#3200,#3201,#3202));
#697=EDGE_LOOP('',(#3203,#3204,#3205,#3206));
#698=EDGE_LOOP('',(#3207,#3208,#3209,#3210));
#699=EDGE_LOOP('',(#3211,#3212,#3213,#3214));
#700=EDGE_LOOP('',(#3215,#3216,#3217,#3218));
#701=EDGE_LOOP('',(#3219,#3220,#3221,#3222));
#702=EDGE_LOOP('',(#3223,#3224,#3225,#3226));
#703=EDGE_LOOP('',(#3227,#3228,#3229,#3230));
#704=EDGE_LOOP('',(#3231,#3232,#3233,#3234,#3235));
#705=EDGE_LOOP('',(#3236,#3237,#3238,#3239,#3240,#3241,#3242,#3243,#3244,
#3245,#3246,#3247,#3248,#3249,#3250,#3251));
#706=EDGE_LOOP('',(#3252,#3253,#3254,#3255,#3256,#3257));
#707=EDGE_LOOP('',(#3258,#3259,#3260,#3261,#3262));
#708=EDGE_LOOP('',(#3263,#3264,#3265,#3266,#3267,#3268,#3269,#3270,#3271,
#3272,#3273,#3274));
#709=EDGE_LOOP('',(#3275,#3276,#3277,#3278,#3279,#3280,#3281));
#710=EDGE_LOOP('',(#3282,#3283,#3284,#3285,#3286));
#711=EDGE_LOOP('',(#3287,#3288,#3289,#3290));
#712=EDGE_LOOP('',(#3291,#3292,#3293,#3294));
#713=EDGE_LOOP('',(#3295,#3296,#3297,#3298));
#714=EDGE_LOOP('',(#3299,#3300,#3301,#3302));
#715=EDGE_LOOP('',(#3303,#3304,#3305,#3306));
#716=EDGE_LOOP('',(#3307,#3308,#3309,#3310));
#717=EDGE_LOOP('',(#3311,#3312,#3313,#3314));
#718=EDGE_LOOP('',(#3315,#3316,#3317,#3318));
#719=EDGE_LOOP('',(#3319,#3320,#3321,#3322));
#720=EDGE_LOOP('',(#3323,#3324,#3325,#3326));
#721=EDGE_LOOP('',(#3327,#3328,#3329,#3330));
#722=EDGE_LOOP('',(#3331,#3332,#3333,#3334));
#723=EDGE_LOOP('',(#3335,#3336,#3337,#3338));
#724=EDGE_LOOP('',(#3339,#3340,#3341,#3342));
#725=EDGE_LOOP('',(#3343,#3344,#3345,#3346));
#726=EDGE_LOOP('',(#3347,#3348,#3349,#3350));
#727=EDGE_LOOP('',(#3351,#3352,#3353,#3354));
#728=EDGE_LOOP('',(#3355,#3356,#3357,#3358));
#729=EDGE_LOOP('',(#3359,#3360,#3361,#3362));
#730=EDGE_LOOP('',(#3363,#3364,#3365,#3366));
#731=EDGE_LOOP('',(#3367,#3368,#3369,#3370));
#732=EDGE_LOOP('',(#3371,#3372,#3373,#3374));
#733=EDGE_LOOP('',(#3375,#3376,#3377,#3378));
#734=EDGE_LOOP('',(#3379,#3380,#3381,#3382));
#735=EDGE_LOOP('',(#3383,#3384,#3385,#3386));
#736=EDGE_LOOP('',(#3387,#3388,#3389,#3390));
#737=EDGE_LOOP('',(#3391,#3392,#3393,#3394));
#738=EDGE_LOOP('',(#3395,#3396,#3397,#3398));
#739=EDGE_LOOP('',(#3399,#3400,#3401,#3402));
#740=EDGE_LOOP('',(#3403,#3404,#3405,#3406));
#741=EDGE_LOOP('',(#3407,#3408,#3409,#3410));
#742=EDGE_LOOP('',(#3411,#3412,#3413,#3414));
#743=EDGE_LOOP('',(#3415,#3416,#3417,#3418));
#744=EDGE_LOOP('',(#3419,#3420,#3421,#3422));
#745=EDGE_LOOP('',(#3423,#3424,#3425,#3426));
#746=EDGE_LOOP('',(#3427,#3428,#3429,#3430));
#747=EDGE_LOOP('',(#3431,#3432,#3433,#3434));
#748=EDGE_LOOP('',(#3435,#3436,#3437,#3438));
#749=EDGE_LOOP('',(#3439,#3440,#3441,#3442));
#750=EDGE_LOOP('',(#3443,#3444,#3445,#3446));
#751=EDGE_LOOP('',(#3447,#3448,#3449,#3450));
#752=EDGE_LOOP('',(#3451,#3452,#3453,#3454));
#753=EDGE_LOOP('',(#3455,#3456,#3457,#3458));
#754=EDGE_LOOP('',(#3459,#3460,#3461,#3462));
#755=EDGE_LOOP('',(#3463,#3464,#3465,#3466));
#756=EDGE_LOOP('',(#3467,#3468,#3469,#3470));
#757=EDGE_LOOP('',(#3471,#3472,#3473,#3474));
#758=EDGE_LOOP('',(#3475,#3476,#3477,#3478));
#759=EDGE_LOOP('',(#3479,#3480,#3481,#3482));
#760=EDGE_LOOP('',(#3483,#3484,#3485,#3486));
#761=EDGE_LOOP('',(#3487,#3488,#3489,#3490));
#762=EDGE_LOOP('',(#3491,#3492,#3493,#3494));
#763=EDGE_LOOP('',(#3495,#3496,#3497,#3498));
#764=EDGE_LOOP('',(#3499,#3500,#3501,#3502));
#765=EDGE_LOOP('',(#3503,#3504,#3505,#3506));
#766=EDGE_LOOP('',(#3507,#3508,#3509,#3510));
#767=EDGE_LOOP('',(#3511,#3512,#3513,#3514));
#768=EDGE_LOOP('',(#3515,#3516,#3517,#3518));
#769=EDGE_LOOP('',(#3519,#3520,#3521,#3522));
#770=EDGE_LOOP('',(#3523,#3524,#3525,#3526));
#771=EDGE_LOOP('',(#3527,#3528,#3529,#3530));
#772=EDGE_LOOP('',(#3531,#3532,#3533,#3534));
#773=EDGE_LOOP('',(#3535,#3536,#3537,#3538));
#774=EDGE_LOOP('',(#3539,#3540,#3541,#3542));
#775=EDGE_LOOP('',(#3543,#3544,#3545,#3546));
#776=EDGE_LOOP('',(#3547,#3548,#3549,#3550));
#777=EDGE_LOOP('',(#3551,#3552,#3553,#3554));
#778=EDGE_LOOP('',(#3555,#3556,#3557,#3558));
#779=EDGE_LOOP('',(#3559,#3560,#3561,#3562));
#780=EDGE_LOOP('',(#3563,#3564,#3565,#3566,#3567,#3568));
#781=EDGE_LOOP('',(#3569,#3570,#3571,#3572,#3573));
#782=EDGE_LOOP('',(#3574,#3575,#3576,#3577));
#783=EDGE_LOOP('',(#3578,#3579,#3580,#3581,#3582,#3583,#3584,#3585,#3586,
#3587,#3588,#3589,#3590,#3591,#3592,#3593,#3594,#3595,#3596,#3597,#3598,
#3599,#3600,#3601,#3602,#3603,#3604,#3605,#3606,#3607,#3608,#3609,#3610,
#3611,#3612,#3613,#3614,#3615,#3616,#3617,#3618,#3619,#3620));
#784=EDGE_LOOP('',(#3621,#3622,#3623,#3624));
#785=EDGE_LOOP('',(#3625,#3626,#3627,#3628,#3629));
#786=EDGE_LOOP('',(#3630,#3631,#3632,#3633,#3634,#3635,#3636));
#787=EDGE_LOOP('',(#3637,#3638,#3639,#3640));
#788=EDGE_LOOP('',(#3641,#3642,#3643,#3644));
#789=EDGE_LOOP('',(#3645,#3646,#3647,#3648));
#790=EDGE_LOOP('',(#3649,#3650,#3651,#3652));
#791=EDGE_LOOP('',(#3653,#3654,#3655,#3656));
#792=EDGE_LOOP('',(#3657,#3658,#3659,#3660,#3661,#3662));
#793=LINE('',#5797,#1058);
#794=LINE('',#5802,#1059);
#795=LINE('',#5806,#1060);
#796=LINE('',#5810,#1061);
#797=LINE('',#5814,#1062);
#798=LINE('',#5818,#1063);
#799=LINE('',#5824,#1064);
#800=LINE('',#5830,#1065);
#801=LINE('',#5836,#1066);
#802=LINE('',#5842,#1067);
#803=LINE('',#5848,#1068);
#804=LINE('',#5852,#1069);
#805=LINE('',#5856,#1070);
#806=LINE('',#5860,#1071);
#807=LINE('',#5872,#1072);
#808=LINE('',#5876,#1073);
#809=LINE('',#5880,#1074);
#810=LINE('',#5884,#1075);
#811=LINE('',#5888,#1076);
#812=LINE('',#5892,#1077);
#813=LINE('',#5896,#1078);
#814=LINE('',#5900,#1079);
#815=LINE('',#5904,#1080);
#816=LINE('',#5911,#1081);
#817=LINE('',#5914,#1082);
#818=LINE('',#5925,#1083);
#819=LINE('',#5926,#1084);
#820=LINE('',#5931,#1085);
#821=LINE('',#5934,#1086);
#822=LINE('',#5939,#1087);
#823=LINE('',#5942,#1088);
#824=LINE('',#5948,#1089);
#825=LINE('',#5951,#1090);
#826=LINE('',#5961,#1091);
#827=LINE('',#5962,#1092);
#828=LINE('',#5968,#1093);
#829=LINE('',#5971,#1094);
#830=LINE('',#5981,#1095);
#831=LINE('',#5982,#1096);
#832=LINE('',#5987,#1097);
#833=LINE('',#5990,#1098);
#834=LINE('',#5996,#1099);
#835=LINE('',#5999,#1100);
#836=LINE('',#6009,#1101);
#837=LINE('',#6010,#1102);
#838=LINE('',#6016,#1103);
#839=LINE('',#6019,#1104);
#840=LINE('',#6029,#1105);
#841=LINE('',#6030,#1106);
#842=LINE('',#6035,#1107);
#843=LINE('',#6038,#1108);
#844=LINE('',#6044,#1109);
#845=LINE('',#6047,#1110);
#846=LINE('',#6057,#1111);
#847=LINE('',#6058,#1112);
#848=LINE('',#6063,#1113);
#849=LINE('',#6066,#1114);
#850=LINE('',#6071,#1115);
#851=LINE('',#6074,#1116);
#852=LINE('',#6102,#1117);
#853=LINE('',#6105,#1118);
#854=LINE('',#6108,#1119);
#855=LINE('',#6110,#1120);
#856=LINE('',#6115,#1121);
#857=LINE('',#6118,#1122);
#858=LINE('',#6122,#1123);
#859=LINE('',#6123,#1124);
#860=LINE('',#6126,#1125);
#861=LINE('',#6130,#1126);
#862=LINE('',#6131,#1127);
#863=LINE('',#6134,#1128);
#864=LINE('',#6138,#1129);
#865=LINE('',#6141,#1130);
#866=LINE('',#6144,#1131);
#867=LINE('',#6156,#1132);
#868=LINE('',#6158,#1133);
#869=LINE('',#6164,#1134);
#870=LINE('',#6167,#1135);
#871=LINE('',#6170,#1136);
#872=LINE('',#6174,#1137);
#873=LINE('',#6177,#1138);
#874=LINE('',#6180,#1139);
#875=LINE('',#6184,#1140);
#876=LINE('',#6188,#1141);
#877=LINE('',#6196,#1142);
#878=LINE('',#6197,#1143);
#879=LINE('',#6200,#1144);
#880=LINE('',#6213,#1145);
#881=LINE('',#6215,#1146);
#882=LINE('',#6219,#1147);
#883=LINE('',#6223,#1148);
#884=LINE('',#6224,#1149);
#885=LINE('',#6228,#1150);
#886=LINE('',#6230,#1151);
#887=LINE('',#6231,#1152);
#888=LINE('',#6235,#1153);
#889=LINE('',#6238,#1154);
#890=LINE('',#6239,#1155);
#891=LINE('',#6243,#1156);
#892=LINE('',#6246,#1157);
#893=LINE('',#6247,#1158);
#894=LINE('',#6251,#1159);
#895=LINE('',#6254,#1160);
#896=LINE('',#6255,#1161);
#897=LINE('',#6259,#1162);
#898=LINE('',#6262,#1163);
#899=LINE('',#6263,#1164);
#900=LINE('',#6267,#1165);
#901=LINE('',#6271,#1166);
#902=LINE('',#6274,#1167);
#903=LINE('',#6275,#1168);
#904=LINE('',#6279,#1169);
#905=LINE('',#6283,#1170);
#906=LINE('',#6286,#1171);
#907=LINE('',#6287,#1172);
#908=LINE('',#6291,#1173);
#909=LINE('',#6295,#1174);
#910=LINE('',#6298,#1175);
#911=LINE('',#6299,#1176);
#912=LINE('',#6303,#1177);
#913=LINE('',#6307,#1178);
#914=LINE('',#6310,#1179);
#915=LINE('',#6311,#1180);
#916=LINE('',#6315,#1181);
#917=LINE('',#6319,#1182);
#918=LINE('',#6322,#1183);
#919=LINE('',#6323,#1184);
#920=LINE('',#6327,#1185);
#921=LINE('',#6330,#1186);
#922=LINE('',#6331,#1187);
#923=LINE('',#6335,#1188);
#924=LINE('',#6338,#1189);
#925=LINE('',#6339,#1190);
#926=LINE('',#6343,#1191);
#927=LINE('',#6346,#1192);
#928=LINE('',#6347,#1193);
#929=LINE('',#6352,#1194);
#930=LINE('',#6355,#1195);
#931=LINE('',#6358,#1196);
#932=LINE('',#6359,#1197);
#933=LINE('',#6362,#1198);
#934=LINE('',#6366,#1199);
#935=LINE('',#6370,#1200);
#936=LINE('',#6372,#1201);
#937=LINE('',#6377,#1202);
#938=LINE('',#6380,#1203);
#939=LINE('',#6400,#1204);
#940=LINE('',#6404,#1205);
#941=LINE('',#6415,#1206);
#942=LINE('',#6417,#1207);
#943=LINE('',#6419,#1208);
#944=LINE('',#6423,#1209);
#945=LINE('',#6426,#1210);
#946=LINE('',#6429,#1211);
#947=LINE('',#6433,#1212);
#948=LINE('',#6434,#1213);
#949=LINE('',#6439,#1214);
#950=LINE('',#6442,#1215);
#951=LINE('',#6445,#1216);
#952=LINE('',#6460,#1217);
#953=LINE('',#6462,#1218);
#954=LINE('',#6466,#1219);
#955=LINE('',#6470,#1220);
#956=LINE('',#6471,#1221);
#957=LINE('',#6474,#1222);
#958=LINE('',#6478,#1223);
#959=LINE('',#6479,#1224);
#960=LINE('',#6534,#1225);
#961=LINE('',#6542,#1226);
#962=LINE('',#6582,#1227);
#963=LINE('',#6646,#1228);
#964=LINE('',#6662,#1229);
#965=LINE('',#6673,#1230);
#966=LINE('',#6674,#1231);
#967=LINE('',#6693,#1232);
#968=LINE('',#6694,#1233);
#969=LINE('',#6705,#1234);
#970=LINE('',#6706,#1235);
#971=LINE('',#6717,#1236);
#972=LINE('',#6718,#1237);
#973=LINE('',#6743,#1238);
#974=LINE('',#6744,#1239);
#975=LINE('',#6755,#1240);
#976=LINE('',#6756,#1241);
#977=LINE('',#6775,#1242);
#978=LINE('',#6776,#1243);
#979=LINE('',#6787,#1244);
#980=LINE('',#6788,#1245);
#981=LINE('',#6798,#1246);
#982=LINE('',#6799,#1247);
#983=LINE('',#6815,#1248);
#984=LINE('',#6827,#1249);
#985=LINE('',#6835,#1250);
#986=LINE('',#6851,#1251);
#987=LINE('',#6859,#1252);
#988=LINE('',#6892,#1253);
#989=LINE('',#6898,#1254);
#990=LINE('',#6901,#1255);
#991=LINE('',#6910,#1256);
#992=LINE('',#6912,#1257);
#993=LINE('',#6916,#1258);
#994=LINE('',#6920,#1259);
#995=LINE('',#6923,#1260);
#996=LINE('',#6926,#1261);
#997=LINE('',#6935,#1262);
#998=LINE('',#6943,#1263);
#999=LINE('',#6945,#1264);
#1000=LINE('',#6949,#1265);
#1001=LINE('',#6951,#1266);
#1002=LINE('',#6955,#1267);
#1003=LINE('',#6959,#1268);
#1004=LINE('',#6963,#1269);
#1005=LINE('',#6966,#1270);
#1006=LINE('',#6968,#1271);
#1007=LINE('',#6970,#1272);
#1008=LINE('',#6972,#1273);
#1009=LINE('',#6974,#1274);
#1010=LINE('',#6976,#1275);
#1011=LINE('',#6978,#1276);
#1012=LINE('',#6980,#1277);
#1013=LINE('',#6982,#1278);
#1014=LINE('',#6984,#1279);
#1015=LINE('',#6986,#1280);
#1016=LINE('',#6988,#1281);
#1017=LINE('',#6990,#1282);
#1018=LINE('',#6992,#1283);
#1019=LINE('',#6994,#1284);
#1020=LINE('',#6996,#1285);
#1021=LINE('',#6998,#1286);
#1022=LINE('',#7019,#1287);
#1023=LINE('',#7032,#1288);
#1024=LINE('',#7047,#1289);
#1025=LINE('',#7048,#1290);
#1026=LINE('',#7065,#1291);
#1027=LINE('',#7066,#1292);
#1028=LINE('',#7083,#1293);
#1029=LINE('',#7084,#1294);
#1030=LINE('',#7095,#1295);
#1031=LINE('',#7096,#1296);
#1032=LINE('',#7107,#1297);
#1033=LINE('',#7108,#1298);
#1034=LINE('',#7173,#1299);
#1035=LINE('',#7255,#1300);
#1036=LINE('',#7257,#1301);
#1037=LINE('',#7259,#1302);
#1038=LINE('',#7261,#1303);
#1039=LINE('',#7263,#1304);
#1040=LINE('',#7265,#1305);
#1041=LINE('',#7267,#1306);
#1042=LINE('',#7269,#1307);
#1043=LINE('',#7271,#1308);
#1044=LINE('',#7273,#1309);
#1045=LINE('',#7275,#1310);
#1046=LINE('',#7277,#1311);
#1047=LINE('',#7279,#1312);
#1048=LINE('',#7281,#1313);
#1049=LINE('',#7285,#1314);
#1050=LINE('',#7286,#1315);
#1051=LINE('',#7288,#1316);
#1052=LINE('',#7290,#1317);
#1053=LINE('',#7291,#1318);
#1054=LINE('',#7294,#1319);
#1055=LINE('',#7295,#1320);
#1056=LINE('',#7297,#1321);
#1057=LINE('',#7299,#1322);
#1058=VECTOR('',#4483,1.75);
#1059=VECTOR('',#4488,10.);
#1060=VECTOR('',#4491,10.);
#1061=VECTOR('',#4494,10.);
#1062=VECTOR('',#4497,10.);
#1063=VECTOR('',#4500,10.);
#1064=VECTOR('',#4505,10.);
#1065=VECTOR('',#4510,10.);
#1066=VECTOR('',#4515,10.);
#1067=VECTOR('',#4520,10.);
#1068=VECTOR('',#4525,10.);
#1069=VECTOR('',#4528,10.);
#1070=VECTOR('',#4531,10.);
#1071=VECTOR('',#4534,10.);
#1072=VECTOR('',#4547,1.25);
#1073=VECTOR('',#4552,1.75);
#1074=VECTOR('',#4557,1.25);
#1075=VECTOR('',#4562,1.75);
#1076=VECTOR('',#4567,1.25);
#1077=VECTOR('',#4572,1.75);
#1078=VECTOR('',#4577,1.25);
#1079=VECTOR('',#4582,1.75);
#1080=VECTOR('',#4587,1.25);
#1081=VECTOR('',#4594,10.);
#1082=VECTOR('',#4597,10.);
#1083=VECTOR('',#4610,10.);
#1084=VECTOR('',#4611,10.);
#1085=VECTOR('',#4616,10.);
#1086=VECTOR('',#4619,10.);
#1087=VECTOR('',#4624,10.);
#1088=VECTOR('',#4627,10.);
#1089=VECTOR('',#4632,10.);
#1090=VECTOR('',#4635,10.);
#1091=VECTOR('',#4648,10.);
#1092=VECTOR('',#4649,10.);
#1093=VECTOR('',#4654,10.);
#1094=VECTOR('',#4657,10.);
#1095=VECTOR('',#4670,10.);
#1096=VECTOR('',#4671,10.);
#1097=VECTOR('',#4676,10.);
#1098=VECTOR('',#4679,10.);
#1099=VECTOR('',#4684,10.);
#1100=VECTOR('',#4687,10.);
#1101=VECTOR('',#4700,10.);
#1102=VECTOR('',#4701,10.);
#1103=VECTOR('',#4706,10.);
#1104=VECTOR('',#4709,10.);
#1105=VECTOR('',#4722,10.);
#1106=VECTOR('',#4723,10.);
#1107=VECTOR('',#4728,10.);
#1108=VECTOR('',#4731,10.);
#1109=VECTOR('',#4736,10.);
#1110=VECTOR('',#4739,10.);
#1111=VECTOR('',#4752,10.);
#1112=VECTOR('',#4753,10.);
#1113=VECTOR('',#4758,10.);
#1114=VECTOR('',#4761,10.);
#1115=VECTOR('',#4766,10.);
#1116=VECTOR('',#4769,10.);
#1117=VECTOR('',#4822,10.);
#1118=VECTOR('',#4825,10.);
#1119=VECTOR('',#4828,10.);
#1120=VECTOR('',#4829,10.);
#1121=VECTOR('',#4834,10.);
#1122=VECTOR('',#4837,10.);
#1123=VECTOR('',#4842,10.);
#1124=VECTOR('',#4843,10.);
#1125=VECTOR('',#4846,10.);
#1126=VECTOR('',#4851,10.);
#1127=VECTOR('',#4852,10.);
#1128=VECTOR('',#4855,10.);
#1129=VECTOR('',#4860,10.);
#1130=VECTOR('',#4863,10.);
#1131=VECTOR('',#4866,10.);
#1132=VECTOR('',#4869,10.);
#1133=VECTOR('',#4870,10.);
#1134=VECTOR('',#4875,10.);
#1135=VECTOR('',#4878,10.);
#1136=VECTOR('',#4881,10.);
#1137=VECTOR('',#4886,10.);
#1138=VECTOR('',#4889,10.);
#1139=VECTOR('',#4890,10.);
#1140=VECTOR('',#4893,10.);
#1141=VECTOR('',#4898,10.);
#1142=VECTOR('',#4901,10.);
#1143=VECTOR('',#4902,10.);
#1144=VECTOR('',#4905,10.);
#1145=VECTOR('',#4908,10.);
#1146=VECTOR('',#4909,10.);
#1147=VECTOR('',#4914,10.);
#1148=VECTOR('',#4919,10.);
#1149=VECTOR('',#4920,10.);
#1150=VECTOR('',#4925,10.);
#1151=VECTOR('',#4926,10.);
#1152=VECTOR('',#4927,10.);
#1153=VECTOR('',#4932,10.);
#1154=VECTOR('',#4935,10.);
#1155=VECTOR('',#4936,10.);
#1156=VECTOR('',#4941,10.);
#1157=VECTOR('',#4944,10.);
#1158=VECTOR('',#4945,10.);
#1159=VECTOR('',#4950,10.);
#1160=VECTOR('',#4953,10.);
#1161=VECTOR('',#4954,10.);
#1162=VECTOR('',#4959,10.);
#1163=VECTOR('',#4962,10.);
#1164=VECTOR('',#4963,10.);
#1165=VECTOR('',#4968,10.);
#1166=VECTOR('',#4973,10.);
#1167=VECTOR('',#4976,10.);
#1168=VECTOR('',#4977,10.);
#1169=VECTOR('',#4982,10.);
#1170=VECTOR('',#4987,10.);
#1171=VECTOR('',#4990,10.);
#1172=VECTOR('',#4991,10.);
#1173=VECTOR('',#4996,10.);
#1174=VECTOR('',#5001,10.);
#1175=VECTOR('',#5004,10.);
#1176=VECTOR('',#5005,10.);
#1177=VECTOR('',#5010,10.);
#1178=VECTOR('',#5015,10.);
#1179=VECTOR('',#5018,10.);
#1180=VECTOR('',#5019,10.);
#1181=VECTOR('',#5024,10.);
#1182=VECTOR('',#5029,10.);
#1183=VECTOR('',#5032,10.);
#1184=VECTOR('',#5033,10.);
#1185=VECTOR('',#5038,10.);
#1186=VECTOR('',#5041,10.);
#1187=VECTOR('',#5042,10.);
#1188=VECTOR('',#5047,10.);
#1189=VECTOR('',#5050,10.);
#1190=VECTOR('',#5051,10.);
#1191=VECTOR('',#5056,10.);
#1192=VECTOR('',#5059,10.);
#1193=VECTOR('',#5060,10.);
#1194=VECTOR('',#5067,4.45);
#1195=VECTOR('',#5070,10.);
#1196=VECTOR('',#5073,10.);
#1197=VECTOR('',#5074,10.);
#1198=VECTOR('',#5077,10.);
#1199=VECTOR('',#5082,4.45);
#1200=VECTOR('',#5087,10.);
#1201=VECTOR('',#5088,10.);
#1202=VECTOR('',#5093,10.);
#1203=VECTOR('',#5096,10.);
#1204=VECTOR('',#5097,10.);
#1205=VECTOR('',#5102,4.45);
#1206=VECTOR('',#5107,10.);
#1207=VECTOR('',#5108,10.);
#1208=VECTOR('',#5109,10.);
#1209=VECTOR('',#5112,10.);
#1210=VECTOR('',#5115,10.);
#1211=VECTOR('',#5118,10.);
#1212=VECTOR('',#5123,10.);
#1213=VECTOR('',#5124,10.);
#1214=VECTOR('',#5127,10.);
#1215=VECTOR('',#5130,10.);
#1216=VECTOR('',#5133,10.);
#1217=VECTOR('',#5138,10.);
#1218=VECTOR('',#5139,10.);
#1219=VECTOR('',#5144,10.);
#1220=VECTOR('',#5149,10.);
#1221=VECTOR('',#5150,10.);
#1222=VECTOR('',#5153,10.);
#1223=VECTOR('',#5158,10.);
#1224=VECTOR('',#5159,10.);
#1225=VECTOR('',#5172,10.);
#1226=VECTOR('',#5183,10.);
#1227=VECTOR('',#5196,10.);
#1228=VECTOR('',#5207,10.);
#1229=VECTOR('',#5216,10.);
#1230=VECTOR('',#5229,10.);
#1231=VECTOR('',#5230,10.);
#1232=VECTOR('',#5241,10.);
#1233=VECTOR('',#5242,10.);
#1234=VECTOR('',#5255,10.);
#1235=VECTOR('',#5256,10.);
#1236=VECTOR('',#5269,10.);
#1237=VECTOR('',#5270,10.);
#1238=VECTOR('',#5281,10.);
#1239=VECTOR('',#5282,10.);
#1240=VECTOR('',#5295,10.);
#1241=VECTOR('',#5296,10.);
#1242=VECTOR('',#5307,10.);
#1243=VECTOR('',#5308,10.);
#1244=VECTOR('',#5321,10.);
#1245=VECTOR('',#5322,10.);
#1246=VECTOR('',#5335,10.);
#1247=VECTOR('',#5336,10.);
#1248=VECTOR('',#5345,10.);
#1249=VECTOR('',#5362,10.);
#1250=VECTOR('',#5373,10.);
#1251=VECTOR('',#5382,10.);
#1252=VECTOR('',#5393,10.);
#1253=VECTOR('',#5406,10.);
#1254=VECTOR('',#5407,10.);
#1255=VECTOR('',#5410,10.);
#1256=VECTOR('',#5415,10.);
#1257=VECTOR('',#5416,10.);
#1258=VECTOR('',#5419,10.);
#1259=VECTOR('',#5422,10.);
#1260=VECTOR('',#5425,10.);
#1261=VECTOR('',#5428,10.);
#1262=VECTOR('',#5433,10.);
#1263=VECTOR('',#5436,10.);
#1264=VECTOR('',#5437,10.);
#1265=VECTOR('',#5440,10.);
#1266=VECTOR('',#5441,10.);
#1267=VECTOR('',#5444,10.);
#1268=VECTOR('',#5449,10.);
#1269=VECTOR('',#5454,4.);
#1270=VECTOR('',#5459,10.);
#1271=VECTOR('',#5462,10.);
#1272=VECTOR('',#5465,10.);
#1273=VECTOR('',#5468,10.);
#1274=VECTOR('',#5471,10.);
#1275=VECTOR('',#5474,10.);
#1276=VECTOR('',#5477,10.);
#1277=VECTOR('',#5480,10.);
#1278=VECTOR('',#5483,10.);
#1279=VECTOR('',#5486,10.);
#1280=VECTOR('',#5489,10.);
#1281=VECTOR('',#5492,10.);
#1282=VECTOR('',#5495,10.);
#1283=VECTOR('',#5498,10.);
#1284=VECTOR('',#5501,10.);
#1285=VECTOR('',#5504,10.);
#1286=VECTOR('',#5507,10.);
#1287=VECTOR('',#5526,10.);
#1288=VECTOR('',#5545,10.);
#1289=VECTOR('',#5564,10.);
#1290=VECTOR('',#5565,10.);
#1291=VECTOR('',#5586,10.);
#1292=VECTOR('',#5587,10.);
#1293=VECTOR('',#5608,10.);
#1294=VECTOR('',#5609,10.);
#1295=VECTOR('',#5622,10.);
#1296=VECTOR('',#5623,10.);
#1297=VECTOR('',#5636,10.);
#1298=VECTOR('',#5637,10.);
#1299=VECTOR('',#5660,10.);
#1300=VECTOR('',#5715,10.);
#1301=VECTOR('',#5718,10.);
#1302=VECTOR('',#5721,10.);
#1303=VECTOR('',#5724,4.45);
#1304=VECTOR('',#5727,4.45);
#1305=VECTOR('',#5730,4.45);
#1306=VECTOR('',#5733,10.);
#1307=VECTOR('',#5736,10.);
#1308=VECTOR('',#5739,10.);
#1309=VECTOR('',#5742,10.);
#1310=VECTOR('',#5745,10.);
#1311=VECTOR('',#5748,10.);
#1312=VECTOR('',#5751,10.);
#1313=VECTOR('',#5754,10.);
#1314=VECTOR('',#5761,10.);
#1315=VECTOR('',#5762,10.);
#1316=VECTOR('',#5765,10.);
#1317=VECTOR('',#5768,10.);
#1318=VECTOR('',#5769,10.);
#1319=VECTOR('',#5774,10.);
#1320=VECTOR('',#5775,10.);
#1321=VECTOR('',#5778,10.);
#1322=VECTOR('',#5781,10.);
#1323=CIRCLE('',#3951,2.25);
#1324=CIRCLE('',#3952,1.25);
#1325=CIRCLE('',#3954,5.95);
#1326=CIRCLE('',#3955,2.95);
#1327=CIRCLE('',#3956,2.95);
#1328=CIRCLE('',#3957,2.95);
#1329=CIRCLE('',#3958,5.95);
#1330=CIRCLE('',#3959,2.95);
#1331=CIRCLE('',#3960,5.95);
#1332=CIRCLE('',#3961,2.95);
#1333=CIRCLE('',#3962,5.95);
#1334=CIRCLE('',#3963,2.95);
#1335=CIRCLE('',#3964,2.95);
#1336=CIRCLE('',#3965,5.95);
#1337=CIRCLE('',#3966,2.95);
#1338=CIRCLE('',#3967,5.95);
#1339=CIRCLE('',#3968,2.95);
#1340=CIRCLE('',#3969,2.95);
#1341=CIRCLE('',#3970,5.95);
#1342=CIRCLE('',#3971,2.95);
#1343=CIRCLE('',#3972,2.25);
#1344=CIRCLE('',#3973,2.25);
#1345=CIRCLE('',#3974,2.25);
#1346=CIRCLE('',#3975,2.25);
#1347=CIRCLE('',#3977,1.25);
#1348=CIRCLE('',#3979,1.25);
#1349=CIRCLE('',#3981,1.25);
#1350=CIRCLE('',#3983,1.25);
#1351=CIRCLE('',#3985,1.25);
#1352=CIRCLE('',#3987,1.25);
#1353=CIRCLE('',#3989,1.25);
#1354=CIRCLE('',#3991,1.25);
#1355=CIRCLE('',#3993,1.25);
#1356=CIRCLE('',#3995,1.);
#1357=CIRCLE('',#3996,1.);
#1358=CIRCLE('',#3998,1.);
#1359=CIRCLE('',#3999,1.);
#1360=CIRCLE('',#4000,2.);
#1361=CIRCLE('',#4002,1.);
#1362=CIRCLE('',#4004,0.999999999999996);
#1363=CIRCLE('',#4005,1.);
#1364=CIRCLE('',#4007,0.999999999999997);
#1365=CIRCLE('',#4008,1.);
#1366=CIRCLE('',#4010,0.999999999999999);
#1367=CIRCLE('',#4011,1.);
#1368=CIRCLE('',#4013,1.);
#1369=CIRCLE('',#4014,1.);
#1370=CIRCLE('',#4015,2.);
#1371=CIRCLE('',#4017,1.);
#1372=CIRCLE('',#4019,0.999999999999996);
#1373=CIRCLE('',#4020,1.);
#1374=CIRCLE('',#4022,1.);
#1375=CIRCLE('',#4023,1.);
#1376=CIRCLE('',#4024,2.);
#1377=CIRCLE('',#4026,1.);
#1378=CIRCLE('',#4028,0.999999999999996);
#1379=CIRCLE('',#4029,1.);
#1380=CIRCLE('',#4031,1.);
#1381=CIRCLE('',#4032,1.);
#1382=CIRCLE('',#4034,1.);
#1383=CIRCLE('',#4035,1.);
#1384=CIRCLE('',#4036,2.);
#1385=CIRCLE('',#4038,1.);
#1386=CIRCLE('',#4040,1.);
#1387=CIRCLE('',#4041,1.);
#1388=CIRCLE('',#4043,1.);
#1389=CIRCLE('',#4044,1.);
#1390=CIRCLE('',#4045,2.);
#1391=CIRCLE('',#4047,1.);
#1392=CIRCLE('',#4049,0.999999999999996);
#1393=CIRCLE('',#4050,1.);
#1394=CIRCLE('',#4052,1.);
#1395=CIRCLE('',#4053,1.);
#1396=CIRCLE('',#4055,1.);
#1397=CIRCLE('',#4056,1.);
#1398=CIRCLE('',#4057,2.);
#1399=CIRCLE('',#4059,1.);
#1400=CIRCLE('',#4061,0.999999999999996);
#1401=CIRCLE('',#4062,1.);
#1402=CIRCLE('',#4064,0.999999999999996);
#1403=CIRCLE('',#4065,1.);
#1404=CIRCLE('',#4067,1.);
#1405=CIRCLE('',#4068,2.);
#1406=CIRCLE('',#4070,1.);
#1407=CIRCLE('',#4072,0.999999999999998);
#1408=CIRCLE('',#4074,1.);
#1409=CIRCLE('',#4076,1.);
#1410=CIRCLE('',#4078,1.);
#1411=CIRCLE('',#4080,0.999999999999998);
#1412=CIRCLE('',#4082,0.999999999999996);
#1413=CIRCLE('',#4084,0.999999999999996);
#1414=CIRCLE('',#4086,1.);
#1415=CIRCLE('',#4088,0.999999999999995);
#1416=CIRCLE('',#4090,1.);
#1417=CIRCLE('',#4092,1.);
#1418=CIRCLE('',#4094,14.8269230769231);
#1419=CIRCLE('',#4095,1.5);
#1420=CIRCLE('',#4097,1.);
#1421=CIRCLE('',#4100,1.);
#1422=CIRCLE('',#4103,1.);
#1423=CIRCLE('',#4105,13.85);
#1424=CIRCLE('',#4109,5.);
#1425=CIRCLE('',#4110,5.);
#1426=CIRCLE('',#4112,1.);
#1427=CIRCLE('',#4114,3.5);
#1428=CIRCLE('',#4115,5.);
#1429=CIRCLE('',#4116,5.);
#1430=CIRCLE('',#4121,4.5);
#1431=CIRCLE('',#4123,1.);
#1432=CIRCLE('',#4128,4.45);
#1433=CIRCLE('',#4131,4.45);
#1434=CIRCLE('',#4134,4.45);
#1435=CIRCLE('',#4137,4.45);
#1436=CIRCLE('',#4140,4.45);
#1437=CIRCLE('',#4142,4.45);
#1438=CIRCLE('',#4145,4.45);
#1439=CIRCLE('',#4147,4.45);
#1440=CIRCLE('',#4150,4.45);
#1441=CIRCLE('',#4152,4.45);
#1442=CIRCLE('',#4155,4.45);
#1443=CIRCLE('',#4157,4.45);
#1444=CIRCLE('',#4160,4.45);
#1445=CIRCLE('',#4162,4.45);
#1446=CIRCLE('',#4165,4.45);
#1447=CIRCLE('',#4168,4.45);
#1448=CIRCLE('',#4171,4.45);
#1449=CIRCLE('',#4174,4.45);
#1450=CIRCLE('',#4176,4.45);
#1451=CIRCLE('',#4179,4.45);
#1452=CIRCLE('',#4181,4.45);
#1453=CIRCLE('',#4183,3.);
#1454=CIRCLE('',#4184,5.);
#1455=CIRCLE('',#4186,4.45);
#1456=CIRCLE('',#4188,4.45);
#1457=CIRCLE('',#4190,5.);
#1458=CIRCLE('',#4191,5.);
#1459=CIRCLE('',#4193,4.45);
#1460=CIRCLE('',#4195,5.);
#1461=CIRCLE('',#4196,5.);
#1462=CIRCLE('',#4198,4.45);
#1463=CIRCLE('',#4200,14.35);
#1464=CIRCLE('',#4202,4.45);
#1465=CIRCLE('',#4205,4.45);
#1466=CIRCLE('',#4207,0.5);
#1467=CIRCLE('',#4208,0.500000000000007);
#1468=CIRCLE('',#4209,0.500000000000007);
#1469=CIRCLE('',#4212,0.500000000000007);
#1470=CIRCLE('',#4214,0.500000000000007);
#1471=CIRCLE('',#4215,1.5);
#1472=CIRCLE('',#4217,0.499999999999998);
#1473=CIRCLE('',#4219,0.499999999999998);
#1474=CIRCLE('',#4220,4.);
#1475=CIRCLE('',#4221,0.499999999999998);
#1476=CIRCLE('',#4223,0.499999999999998);
#1477=CIRCLE('',#4224,0.500000000000001);
#1478=CIRCLE('',#4225,0.499999999999998);
#1479=CIRCLE('',#4227,0.5);
#1480=CIRCLE('',#4228,0.499999999999998);
#1481=CIRCLE('',#4229,0.499999999999989);
#1482=CIRCLE('',#4230,0.5);
#1483=CIRCLE('',#4232,0.499999999999998);
#1484=CIRCLE('',#4234,0.499999999999998);
#1485=CIRCLE('',#4235,1.5);
#1486=CIRCLE('',#4236,1.);
#1487=CIRCLE('',#4238,0.499999999999998);
#1488=CIRCLE('',#4239,0.500000000000003);
#1489=CIRCLE('',#4240,0.5);
#1490=CIRCLE('',#4241,1.);
#1491=CIRCLE('',#4243,0.499999999999998);
#1492=CIRCLE('',#4245,0.499999999999998);
#1493=CIRCLE('',#4246,1.5);
#1494=CIRCLE('',#4247,1.);
#1495=CIRCLE('',#4249,0.499999999999998);
#1496=CIRCLE('',#4251,0.5);
#1497=CIRCLE('',#4252,1.5);
#1498=CIRCLE('',#4253,1.);
#1499=CIRCLE('',#4255,0.5);
#1500=CIRCLE('',#4256,0.500000000000007);
#1501=CIRCLE('',#4257,0.5);
#1502=CIRCLE('',#4258,1.);
#1503=CIRCLE('',#4260,0.499999999999998);
#1504=CIRCLE('',#4262,0.499999999999998);
#1505=CIRCLE('',#4263,1.5);
#1506=CIRCLE('',#4264,1.);
#1507=CIRCLE('',#4266,0.5);
#1508=CIRCLE('',#4267,0.500000000000003);
#1509=CIRCLE('',#4268,0.5);
#1510=CIRCLE('',#4269,1.);
#1511=CIRCLE('',#4271,0.499999999999998);
#1512=CIRCLE('',#4273,0.500000000000007);
#1513=CIRCLE('',#4274,1.5);
#1514=CIRCLE('',#4275,1.);
#1515=CIRCLE('',#4277,0.499999999999998);
#1516=CIRCLE('',#4279,0.500000000000007);
#1517=CIRCLE('',#4280,1.5);
#1518=CIRCLE('',#4281,1.);
#1519=CIRCLE('',#4283,0.499999999999998);
#1520=CIRCLE('',#4284,0.500000000000002);
#1521=CIRCLE('',#4285,0.5);
#1522=CIRCLE('',#4287,0.499999999999999);
#1523=CIRCLE('',#4289,0.499999999999998);
#1524=CIRCLE('',#4290,2.);
#1525=CIRCLE('',#4292,0.499999999999997);
#1526=CIRCLE('',#4293,14.3269230769231);
#1527=CIRCLE('',#4295,0.500000000000004);
#1528=CIRCLE('',#4297,0.499999999999991);
#1529=CIRCLE('',#4298,1.5);
#1530=CIRCLE('',#4300,0.5);
#1531=CIRCLE('',#4301,0.500000000000007);
#1532=CIRCLE('',#4302,0.5);
#1533=CIRCLE('',#4304,0.5);
#1534=CIRCLE('',#4306,0.500000000000005);
#1535=CIRCLE('',#4307,1.5);
#1536=CIRCLE('',#4309,0.500000000000012);
#1537=CIRCLE('',#4311,0.499999999999999);
#1538=CIRCLE('',#4312,13.35);
#1539=CIRCLE('',#4314,4.);
#1540=CIRCLE('',#4317,14.3269230769231);
#1541=CIRCLE('',#4319,3.45);
#1542=CIRCLE('',#4320,5.45);
#1543=CIRCLE('',#4321,3.45);
#1544=CIRCLE('',#4323,13.35);
#1545=CIRCLE('',#4326,3.45);
#1546=CIRCLE('',#4327,3.45);
#1547=CIRCLE('',#4328,3.45);
#1548=CIRCLE('',#4330,4.);
#1549=CIRCLE('',#4332,4.);
#1550=CIRCLE('',#4352,1.);
#1551=CIRCLE('',#4354,1.);
#1552=CIRCLE('',#4356,0.999999999999998);
#1553=CIRCLE('',#4358,1.);
#1554=CIRCLE('',#4359,1.);
#1555=CIRCLE('',#4361,1.);
#1556=CIRCLE('',#4362,5.45);
#1557=CIRCLE('',#4364,1.);
#1558=CIRCLE('',#4365,3.45);
#1559=CIRCLE('',#4367,1.);
#1560=CIRCLE('',#4369,1.);
#1561=CIRCLE('',#4370,5.45);
#1562=CIRCLE('',#4372,1.);
#1563=CIRCLE('',#4373,4.45);
#1564=CIRCLE('',#4374,3.45);
#1565=CIRCLE('',#4376,1.);
#1566=CIRCLE('',#4378,1.);
#1567=CIRCLE('',#4379,4.45);
#1568=CIRCLE('',#4380,3.45);
#1569=CIRCLE('',#4382,1.);
#1570=CIRCLE('',#4383,4.45);
#1571=CIRCLE('',#4384,5.45);
#1572=CIRCLE('',#4386,1.);
#1573=CIRCLE('',#4388,1.);
#1574=CIRCLE('',#4389,4.45);
#1575=CIRCLE('',#4390,3.45);
#1576=CIRCLE('',#4392,1.);
#1577=CIRCLE('',#4393,4.45);
#1578=CIRCLE('',#4394,5.45);
#1579=CIRCLE('',#4396,1.);
#1580=CIRCLE('',#4398,1.);
#1581=CIRCLE('',#4399,4.45);
#1582=CIRCLE('',#4400,3.45);
#1583=CIRCLE('',#4402,1.);
#1584=CIRCLE('',#4404,1.);
#1585=CIRCLE('',#4405,4.45);
#1586=CIRCLE('',#4406,3.45);
#1587=CIRCLE('',#4408,1.);
#1588=CIRCLE('',#4410,1.);
#1589=CIRCLE('',#4411,4.45);
#1590=CIRCLE('',#4412,5.45);
#1591=CIRCLE('',#4413,0.999999999999999);
#1592=CIRCLE('',#4414,1.);
#1593=CIRCLE('',#4416,1.);
#1594=CIRCLE('',#4417,15.3269230769231);
#1595=CIRCLE('',#4419,1.);
#1596=CIRCLE('',#4421,1.);
#1597=CIRCLE('',#4422,4.45);
#1598=CIRCLE('',#4424,1.);
#1599=CIRCLE('',#4426,1.);
#1600=CIRCLE('',#4428,1.);
#1601=CIRCLE('',#4430,1.);
#1602=CIRCLE('',#4432,1.);
#1603=CIRCLE('',#4434,0.999999999999999);
#1604=CIRCLE('',#4436,1.);
#1605=CIRCLE('',#4437,0.999999999999993);
#1606=CIRCLE('',#4439,1.);
#1607=CIRCLE('',#4441,1.);
#1608=CIRCLE('',#4443,1.);
#1609=CIRCLE('',#4445,1.);
#1610=VERTEX_POINT('',#5794);
#1611=VERTEX_POINT('',#5796);
#1612=VERTEX_POINT('',#5800);
#1613=VERTEX_POINT('',#5801);
#1614=VERTEX_POINT('',#5803);
#1615=VERTEX_POINT('',#5805);
#1616=VERTEX_POINT('',#5807);
#1617=VERTEX_POINT('',#5809);
#1618=VERTEX_POINT('',#5811);
#1619=VERTEX_POINT('',#5813);
#1620=VERTEX_POINT('',#5815);
#1621=VERTEX_POINT('',#5817);
#1622=VERTEX_POINT('',#5819);
#1623=VERTEX_POINT('',#5821);
#1624=VERTEX_POINT('',#5823);
#1625=VERTEX_POINT('',#5825);
#1626=VERTEX_POINT('',#5827);
#1627=VERTEX_POINT('',#5829);
#1628=VERTEX_POINT('',#5831);
#1629=VERTEX_POINT('',#5833);
#1630=VERTEX_POINT('',#5835);
#1631=VERTEX_POINT('',#5837);
#1632=VERTEX_POINT('',#5839);
#1633=VERTEX_POINT('',#5841);
#1634=VERTEX_POINT('',#5843);
#1635=VERTEX_POINT('',#5845);
#1636=VERTEX_POINT('',#5847);
#1637=VERTEX_POINT('',#5849);
#1638=VERTEX_POINT('',#5851);
#1639=VERTEX_POINT('',#5853);
#1640=VERTEX_POINT('',#5855);
#1641=VERTEX_POINT('',#5857);
#1642=VERTEX_POINT('',#5859);
#1643=VERTEX_POINT('',#5862);
#1644=VERTEX_POINT('',#5864);
#1645=VERTEX_POINT('',#5866);
#1646=VERTEX_POINT('',#5868);
#1647=VERTEX_POINT('',#5871);
#1648=VERTEX_POINT('',#5875);
#1649=VERTEX_POINT('',#5879);
#1650=VERTEX_POINT('',#5883);
#1651=VERTEX_POINT('',#5887);
#1652=VERTEX_POINT('',#5891);
#1653=VERTEX_POINT('',#5895);
#1654=VERTEX_POINT('',#5899);
#1655=VERTEX_POINT('',#5903);
#1656=VERTEX_POINT('',#5907);
#1657=VERTEX_POINT('',#5908);
#1658=VERTEX_POINT('',#5910);
#1659=VERTEX_POINT('',#5912);
#1660=VERTEX_POINT('',#5916);
#1661=VERTEX_POINT('',#5917);
#1662=VERTEX_POINT('',#5922);
#1663=VERTEX_POINT('',#5923);
#1664=VERTEX_POINT('',#5928);
#1665=VERTEX_POINT('',#5929);
#1666=VERTEX_POINT('',#5932);
#1667=VERTEX_POINT('',#5936);
#1668=VERTEX_POINT('',#5937);
#1669=VERTEX_POINT('',#5940);
#1670=VERTEX_POINT('',#5944);
#1671=VERTEX_POINT('',#5945);
#1672=VERTEX_POINT('',#5947);
#1673=VERTEX_POINT('',#5949);
#1674=VERTEX_POINT('',#5953);
#1675=VERTEX_POINT('',#5954);
#1676=VERTEX_POINT('',#5959);
#1677=VERTEX_POINT('',#5964);
#1678=VERTEX_POINT('',#5965);
#1679=VERTEX_POINT('',#5967);
#1680=VERTEX_POINT('',#5969);
#1681=VERTEX_POINT('',#5973);
#1682=VERTEX_POINT('',#5974);
#1683=VERTEX_POINT('',#5979);
#1684=VERTEX_POINT('',#5984);
#1685=VERTEX_POINT('',#5985);
#1686=VERTEX_POINT('',#5988);
#1687=VERTEX_POINT('',#5992);
#1688=VERTEX_POINT('',#5993);
#1689=VERTEX_POINT('',#5995);
#1690=VERTEX_POINT('',#5997);
#1691=VERTEX_POINT('',#6001);
#1692=VERTEX_POINT('',#6002);
#1693=VERTEX_POINT('',#6007);
#1694=VERTEX_POINT('',#6012);
#1695=VERTEX_POINT('',#6013);
#1696=VERTEX_POINT('',#6015);
#1697=VERTEX_POINT('',#6017);
#1698=VERTEX_POINT('',#6021);
#1699=VERTEX_POINT('',#6022);
#1700=VERTEX_POINT('',#6027);
#1701=VERTEX_POINT('',#6032);
#1702=VERTEX_POINT('',#6033);
#1703=VERTEX_POINT('',#6036);
#1704=VERTEX_POINT('',#6040);
#1705=VERTEX_POINT('',#6041);
#1706=VERTEX_POINT('',#6043);
#1707=VERTEX_POINT('',#6045);
#1708=VERTEX_POINT('',#6049);
#1709=VERTEX_POINT('',#6050);
#1710=VERTEX_POINT('',#6055);
#1711=VERTEX_POINT('',#6060);
#1712=VERTEX_POINT('',#6062);
#1713=VERTEX_POINT('',#6064);
#1714=VERTEX_POINT('',#6068);
#1715=VERTEX_POINT('',#6069);
#1716=VERTEX_POINT('',#6072);
#1717=VERTEX_POINT('',#6101);
#1718=VERTEX_POINT('',#6103);
#1719=VERTEX_POINT('',#6107);
#1720=VERTEX_POINT('',#6109);
#1721=VERTEX_POINT('',#6111);
#1722=VERTEX_POINT('',#6113);
#1723=VERTEX_POINT('',#6117);
#1724=VERTEX_POINT('',#6121);
#1725=VERTEX_POINT('',#6125);
#1726=VERTEX_POINT('',#6129);
#1727=VERTEX_POINT('',#6133);
#1728=VERTEX_POINT('',#6137);
#1729=VERTEX_POINT('',#6139);
#1730=VERTEX_POINT('',#6143);
#1731=VERTEX_POINT('',#6145);
#1732=VERTEX_POINT('',#6155);
#1733=VERTEX_POINT('',#6157);
#1734=VERTEX_POINT('',#6160);
#1735=VERTEX_POINT('',#6161);
#1736=VERTEX_POINT('',#6163);
#1737=VERTEX_POINT('',#6165);
#1738=VERTEX_POINT('',#6169);
#1739=VERTEX_POINT('',#6173);
#1740=VERTEX_POINT('',#6175);
#1741=VERTEX_POINT('',#6178);
#1742=VERTEX_POINT('',#6179);
#1743=VERTEX_POINT('',#6181);
#1744=VERTEX_POINT('',#6183);
#1745=VERTEX_POINT('',#6187);
#1746=VERTEX_POINT('',#6195);
#1747=VERTEX_POINT('',#6199);
#1748=VERTEX_POINT('',#6201);
#1749=VERTEX_POINT('',#6212);
#1750=VERTEX_POINT('',#6214);
#1751=VERTEX_POINT('',#6218);
#1752=VERTEX_POINT('',#6222);
#1753=VERTEX_POINT('',#6227);
#1754=VERTEX_POINT('',#6229);
#1755=VERTEX_POINT('',#6233);
#1756=VERTEX_POINT('',#6237);
#1757=VERTEX_POINT('',#6241);
#1758=VERTEX_POINT('',#6245);
#1759=VERTEX_POINT('',#6249);
#1760=VERTEX_POINT('',#6253);
#1761=VERTEX_POINT('',#6257);
#1762=VERTEX_POINT('',#6261);
#1763=VERTEX_POINT('',#6265);
#1764=VERTEX_POINT('',#6269);
#1765=VERTEX_POINT('',#6273);
#1766=VERTEX_POINT('',#6277);
#1767=VERTEX_POINT('',#6281);
#1768=VERTEX_POINT('',#6285);
#1769=VERTEX_POINT('',#6289);
#1770=VERTEX_POINT('',#6293);
#1771=VERTEX_POINT('',#6297);
#1772=VERTEX_POINT('',#6301);
#1773=VERTEX_POINT('',#6305);
#1774=VERTEX_POINT('',#6309);
#1775=VERTEX_POINT('',#6313);
#1776=VERTEX_POINT('',#6317);
#1777=VERTEX_POINT('',#6321);
#1778=VERTEX_POINT('',#6325);
#1779=VERTEX_POINT('',#6329);
#1780=VERTEX_POINT('',#6333);
#1781=VERTEX_POINT('',#6337);
#1782=VERTEX_POINT('',#6341);
#1783=VERTEX_POINT('',#6345);
#1784=VERTEX_POINT('',#6351);
#1785=VERTEX_POINT('',#6353);
#1786=VERTEX_POINT('',#6357);
#1787=VERTEX_POINT('',#6361);
#1788=VERTEX_POINT('',#6365);
#1789=VERTEX_POINT('',#6369);
#1790=VERTEX_POINT('',#6371);
#1791=VERTEX_POINT('',#6373);
#1792=VERTEX_POINT('',#6375);
#1793=VERTEX_POINT('',#6379);
#1794=VERTEX_POINT('',#6381);
#1795=VERTEX_POINT('',#6399);
#1796=VERTEX_POINT('',#6403);
#1797=VERTEX_POINT('',#6405);
#1798=VERTEX_POINT('',#6414);
#1799=VERTEX_POINT('',#6416);
#1800=VERTEX_POINT('',#6418);
#1801=VERTEX_POINT('',#6420);
#1802=VERTEX_POINT('',#6422);
#1803=VERTEX_POINT('',#6424);
#1804=VERTEX_POINT('',#6428);
#1805=VERTEX_POINT('',#6432);
#1806=VERTEX_POINT('',#6435);
#1807=VERTEX_POINT('',#6436);
#1808=VERTEX_POINT('',#6438);
#1809=VERTEX_POINT('',#6440);
#1810=VERTEX_POINT('',#6444);
#1811=VERTEX_POINT('',#6446);
#1812=VERTEX_POINT('',#6451);
#1813=VERTEX_POINT('',#6459);
#1814=VERTEX_POINT('',#6461);
#1815=VERTEX_POINT('',#6465);
#1816=VERTEX_POINT('',#6469);
#1817=VERTEX_POINT('',#6473);
#1818=VERTEX_POINT('',#6477);
#1819=VERTEX_POINT('',#6500);
#1820=VERTEX_POINT('',#6502);
#1821=VERTEX_POINT('',#6528);
#1822=VERTEX_POINT('',#6532);
#1823=VERTEX_POINT('',#6536);
#1824=VERTEX_POINT('',#6540);
#1825=VERTEX_POINT('',#6544);
#1826=VERTEX_POINT('',#6572);
#1827=VERTEX_POINT('',#6580);
#1828=VERTEX_POINT('',#6608);
#1829=VERTEX_POINT('',#6635);
#1830=VERTEX_POINT('',#6642);
#1831=VERTEX_POINT('',#6644);
#1832=VERTEX_POINT('',#6656);
#1833=VERTEX_POINT('',#6660);
#1834=VERTEX_POINT('',#6664);
#1835=VERTEX_POINT('',#6665);
#1836=VERTEX_POINT('',#6670);
#1837=VERTEX_POINT('',#6671);
#1838=VERTEX_POINT('',#6684);
#1839=VERTEX_POINT('',#6685);
#1840=VERTEX_POINT('',#6690);
#1841=VERTEX_POINT('',#6691);
#1842=VERTEX_POINT('',#6696);
#1843=VERTEX_POINT('',#6697);
#1844=VERTEX_POINT('',#6702);
#1845=VERTEX_POINT('',#6703);
#1846=VERTEX_POINT('',#6708);
#1847=VERTEX_POINT('',#6709);
#1848=VERTEX_POINT('',#6714);
#1849=VERTEX_POINT('',#6715);
#1850=VERTEX_POINT('',#6734);
#1851=VERTEX_POINT('',#6735);
#1852=VERTEX_POINT('',#6740);
#1853=VERTEX_POINT('',#6741);
#1854=VERTEX_POINT('',#6746);
#1855=VERTEX_POINT('',#6747);
#1856=VERTEX_POINT('',#6752);
#1857=VERTEX_POINT('',#6753);
#1858=VERTEX_POINT('',#6766);
#1859=VERTEX_POINT('',#6767);
#1860=VERTEX_POINT('',#6772);
#1861=VERTEX_POINT('',#6773);
#1862=VERTEX_POINT('',#6778);
#1863=VERTEX_POINT('',#6779);
#1864=VERTEX_POINT('',#6784);
#1865=VERTEX_POINT('',#6785);
#1866=VERTEX_POINT('',#6790);
#1867=VERTEX_POINT('',#6791);
#1868=VERTEX_POINT('',#6796);
#1869=VERTEX_POINT('',#6809);
#1870=VERTEX_POINT('',#6813);
#1871=VERTEX_POINT('',#6817);
#1872=VERTEX_POINT('',#6821);
#1873=VERTEX_POINT('',#6825);
#1874=VERTEX_POINT('',#6829);
#1875=VERTEX_POINT('',#6833);
#1876=VERTEX_POINT('',#6845);
#1877=VERTEX_POINT('',#6849);
#1878=VERTEX_POINT('',#6853);
#1879=VERTEX_POINT('',#6857);
#1880=VERTEX_POINT('',#6861);
#1881=VERTEX_POINT('',#6891);
#1882=VERTEX_POINT('',#6893);
#1883=VERTEX_POINT('',#6900);
#1884=VERTEX_POINT('',#6902);
#1885=VERTEX_POINT('',#6909);
#1886=VERTEX_POINT('',#6911);
#1887=VERTEX_POINT('',#6913);
#1888=VERTEX_POINT('',#6915);
#1889=VERTEX_POINT('',#6917);
#1890=VERTEX_POINT('',#6919);
#1891=VERTEX_POINT('',#6921);
#1892=VERTEX_POINT('',#6925);
#1893=VERTEX_POINT('',#6927);
#1894=VERTEX_POINT('',#6934);
#1895=VERTEX_POINT('',#6942);
#1896=VERTEX_POINT('',#6944);
#1897=VERTEX_POINT('',#6946);
#1898=VERTEX_POINT('',#6948);
#1899=VERTEX_POINT('',#6950);
#1900=VERTEX_POINT('',#6952);
#1901=VERTEX_POINT('',#6954);
#1902=VERTEX_POINT('',#6958);
#1903=VERTEX_POINT('',#6962);
#1904=VERTEX_POINT('',#7018);
#1905=VERTEX_POINT('',#7022);
#1906=VERTEX_POINT('',#7026);
#1907=VERTEX_POINT('',#7030);
#1908=VERTEX_POINT('',#7034);
#1909=VERTEX_POINT('',#7038);
#1910=VERTEX_POINT('',#7039);
#1911=VERTEX_POINT('',#7044);
#1912=VERTEX_POINT('',#7045);
#1913=VERTEX_POINT('',#7050);
#1914=VERTEX_POINT('',#7051);
#1915=VERTEX_POINT('',#7056);
#1916=VERTEX_POINT('',#7057);
#1917=VERTEX_POINT('',#7062);
#1918=VERTEX_POINT('',#7063);
#1919=VERTEX_POINT('',#7068);
#1920=VERTEX_POINT('',#7069);
#1921=VERTEX_POINT('',#7074);
#1922=VERTEX_POINT('',#7075);
#1923=VERTEX_POINT('',#7080);
#1924=VERTEX_POINT('',#7081);
#1925=VERTEX_POINT('',#7086);
#1926=VERTEX_POINT('',#7087);
#1927=VERTEX_POINT('',#7092);
#1928=VERTEX_POINT('',#7093);
#1929=VERTEX_POINT('',#7098);
#1930=VERTEX_POINT('',#7099);
#1931=VERTEX_POINT('',#7104);
#1932=VERTEX_POINT('',#7105);
#1933=VERTEX_POINT('',#7110);
#1934=VERTEX_POINT('',#7134);
#1935=VERTEX_POINT('',#7160);
#1936=VERTEX_POINT('',#7167);
#1937=VERTEX_POINT('',#7171);
#1938=EDGE_CURVE('',#1610,#1610,#1323,.T.);
#1939=EDGE_CURVE('',#1610,#1611,#793,.T.);
#1940=EDGE_CURVE('',#1611,#1611,#1324,.T.);
#1941=EDGE_CURVE('',#1612,#1613,#794,.T.);
#1942=EDGE_CURVE('',#1614,#1612,#1325,.T.);
#1943=EDGE_CURVE('',#1615,#1614,#795,.T.);
#1944=EDGE_CURVE('',#1616,#1615,#1326,.T.);
#1945=EDGE_CURVE('',#1617,#1616,#796,.T.);
#1946=EDGE_CURVE('',#1618,#1617,#1327,.T.);
#1947=EDGE_CURVE('',#1619,#1618,#797,.T.);
#1948=EDGE_CURVE('',#1620,#1619,#1328,.T.);
#1949=EDGE_CURVE('',#1621,#1620,#798,.T.);
#1950=EDGE_CURVE('',#1622,#1621,#1329,.T.);
#1951=EDGE_CURVE('',#1623,#1622,#1330,.T.);
#1952=EDGE_CURVE('',#1624,#1623,#799,.T.);
#1953=EDGE_CURVE('',#1625,#1624,#1331,.T.);
#1954=EDGE_CURVE('',#1626,#1625,#1332,.T.);
#1955=EDGE_CURVE('',#1627,#1626,#800,.T.);
#1956=EDGE_CURVE('',#1628,#1627,#1333,.T.);
#1957=EDGE_CURVE('',#1629,#1628,#1334,.T.);
#1958=EDGE_CURVE('',#1630,#1629,#801,.T.);
#1959=EDGE_CURVE('',#1631,#1630,#1335,.T.);
#1960=EDGE_CURVE('',#1632,#1631,#1336,.T.);
#1961=EDGE_CURVE('',#1633,#1632,#802,.T.);
#1962=EDGE_CURVE('',#1634,#1633,#1337,.T.);
#1963=EDGE_CURVE('',#1635,#1634,#1338,.T.);
#1964=EDGE_CURVE('',#1636,#1635,#803,.T.);
#1965=EDGE_CURVE('',#1637,#1636,#1339,.T.);
#1966=EDGE_CURVE('',#1638,#1637,#804,.T.);
#1967=EDGE_CURVE('',#1639,#1638,#1340,.T.);
#1968=EDGE_CURVE('',#1640,#1639,#805,.T.);
#1969=EDGE_CURVE('',#1641,#1640,#1341,.T.);
#1970=EDGE_CURVE('',#1642,#1641,#806,.T.);
#1971=EDGE_CURVE('',#1613,#1642,#1342,.T.);
#1972=EDGE_CURVE('',#1643,#1643,#1343,.T.);
#1973=EDGE_CURVE('',#1644,#1644,#1344,.T.);
#1974=EDGE_CURVE('',#1645,#1645,#1345,.T.);
#1975=EDGE_CURVE('',#1646,#1646,#1346,.T.);
#1976=EDGE_CURVE('',#1611,#1647,#807,.T.);
#1977=EDGE_CURVE('',#1647,#1647,#1347,.T.);
#1978=EDGE_CURVE('',#1643,#1648,#808,.T.);
#1979=EDGE_CURVE('',#1648,#1648,#1348,.T.);
#1980=EDGE_CURVE('',#1648,#1649,#809,.T.);
#1981=EDGE_CURVE('',#1649,#1649,#1349,.T.);
#1982=EDGE_CURVE('',#1646,#1650,#810,.T.);
#1983=EDGE_CURVE('',#1650,#1650,#1350,.T.);
#1984=EDGE_CURVE('',#1650,#1651,#811,.T.);
#1985=EDGE_CURVE('',#1651,#1651,#1351,.T.);
#1986=EDGE_CURVE('',#1644,#1652,#812,.T.);
#1987=EDGE_CURVE('',#1652,#1652,#1352,.T.);
#1988=EDGE_CURVE('',#1652,#1653,#813,.T.);
#1989=EDGE_CURVE('',#1653,#1653,#1353,.T.);
#1990=EDGE_CURVE('',#1645,#1654,#814,.T.);
#1991=EDGE_CURVE('',#1654,#1654,#1354,.T.);
#1992=EDGE_CURVE('',#1654,#1655,#815,.T.);
#1993=EDGE_CURVE('',#1655,#1655,#1355,.T.);
#1994=EDGE_CURVE('',#1656,#1657,#1356,.T.);
#1995=EDGE_CURVE('',#1657,#1658,#816,.T.);
#1996=EDGE_CURVE('',#1658,#1659,#1357,.T.);
#1997=EDGE_CURVE('',#1659,#1656,#817,.T.);
#1998=EDGE_CURVE('',#1660,#1661,#1358,.T.);
#1999=EDGE_CURVE('',#1661,#1659,#1359,.T.);
#2000=EDGE_CURVE('',#1658,#1660,#1360,.T.);
#2001=EDGE_CURVE('',#1662,#1663,#1361,.T.);
#2002=EDGE_CURVE('',#1663,#1661,#818,.T.);
#2003=EDGE_CURVE('',#1660,#1662,#819,.T.);
#2004=EDGE_CURVE('',#1664,#1665,#1362,.T.);
#2005=EDGE_CURVE('',#1665,#1657,#820,.T.);
#2006=EDGE_CURVE('',#1657,#1666,#1363,.T.);
#2007=EDGE_CURVE('',#1666,#1664,#821,.T.);
#2008=EDGE_CURVE('',#1667,#1668,#1364,.T.);
#2009=EDGE_CURVE('',#1668,#1665,#822,.T.);
#2010=EDGE_CURVE('',#1665,#1669,#1365,.T.);
#2011=EDGE_CURVE('',#1669,#1667,#823,.T.);
#2012=EDGE_CURVE('',#1670,#1671,#1366,.T.);
#2013=EDGE_CURVE('',#1671,#1672,#824,.T.);
#2014=EDGE_CURVE('',#1672,#1673,#1367,.T.);
#2015=EDGE_CURVE('',#1673,#1670,#825,.T.);
#2016=EDGE_CURVE('',#1674,#1675,#1368,.T.);
#2017=EDGE_CURVE('',#1675,#1673,#1369,.T.);
#2018=EDGE_CURVE('',#1672,#1674,#1370,.T.);
#2019=EDGE_CURVE('',#1668,#1676,#1371,.T.);
#2020=EDGE_CURVE('',#1676,#1675,#826,.T.);
#2021=EDGE_CURVE('',#1674,#1668,#827,.T.);
#2022=EDGE_CURVE('',#1677,#1678,#1372,.T.);
#2023=EDGE_CURVE('',#1678,#1679,#828,.T.);
#2024=EDGE_CURVE('',#1679,#1680,#1373,.T.);
#2025=EDGE_CURVE('',#1680,#1677,#829,.T.);
#2026=EDGE_CURVE('',#1681,#1682,#1374,.T.);
#2027=EDGE_CURVE('',#1682,#1680,#1375,.T.);
#2028=EDGE_CURVE('',#1679,#1681,#1376,.T.);
#2029=EDGE_CURVE('',#1671,#1683,#1377,.T.);
#2030=EDGE_CURVE('',#1683,#1682,#830,.T.);
#2031=EDGE_CURVE('',#1681,#1671,#831,.T.);
#2032=EDGE_CURVE('',#1684,#1685,#1378,.T.);
#2033=EDGE_CURVE('',#1685,#1678,#832,.T.);
#2034=EDGE_CURVE('',#1678,#1686,#1379,.T.);
#2035=EDGE_CURVE('',#1686,#1684,#833,.T.);
#2036=EDGE_CURVE('',#1687,#1688,#1380,.T.);
#2037=EDGE_CURVE('',#1688,#1689,#834,.T.);
#2038=EDGE_CURVE('',#1689,#1690,#1381,.T.);
#2039=EDGE_CURVE('',#1690,#1687,#835,.T.);
#2040=EDGE_CURVE('',#1691,#1692,#1382,.T.);
#2041=EDGE_CURVE('',#1692,#1690,#1383,.T.);
#2042=EDGE_CURVE('',#1689,#1691,#1384,.T.);
#2043=EDGE_CURVE('',#1685,#1693,#1385,.T.);
#2044=EDGE_CURVE('',#1693,#1692,#836,.T.);
#2045=EDGE_CURVE('',#1691,#1685,#837,.T.);
#2046=EDGE_CURVE('',#1694,#1695,#1386,.T.);
#2047=EDGE_CURVE('',#1695,#1696,#838,.T.);
#2048=EDGE_CURVE('',#1696,#1697,#1387,.T.);
#2049=EDGE_CURVE('',#1697,#1694,#839,.T.);
#2050=EDGE_CURVE('',#1698,#1699,#1388,.T.);
#2051=EDGE_CURVE('',#1699,#1697,#1389,.T.);
#2052=EDGE_CURVE('',#1696,#1698,#1390,.T.);
#2053=EDGE_CURVE('',#1688,#1700,#1391,.T.);
#2054=EDGE_CURVE('',#1700,#1699,#840,.T.);
#2055=EDGE_CURVE('',#1698,#1688,#841,.T.);
#2056=EDGE_CURVE('',#1701,#1702,#1392,.T.);
#2057=EDGE_CURVE('',#1702,#1695,#842,.T.);
#2058=EDGE_CURVE('',#1695,#1703,#1393,.T.);
#2059=EDGE_CURVE('',#1703,#1701,#843,.T.);
#2060=EDGE_CURVE('',#1704,#1705,#1394,.T.);
#2061=EDGE_CURVE('',#1705,#1706,#844,.T.);
#2062=EDGE_CURVE('',#1706,#1707,#1395,.T.);
#2063=EDGE_CURVE('',#1707,#1704,#845,.T.);
#2064=EDGE_CURVE('',#1708,#1709,#1396,.T.);
#2065=EDGE_CURVE('',#1709,#1707,#1397,.T.);
#2066=EDGE_CURVE('',#1706,#1708,#1398,.T.);
#2067=EDGE_CURVE('',#1702,#1710,#1399,.T.);
#2068=EDGE_CURVE('',#1710,#1709,#846,.T.);
#2069=EDGE_CURVE('',#1708,#1702,#847,.T.);
#2070=EDGE_CURVE('',#1711,#1662,#1400,.T.);
#2071=EDGE_CURVE('',#1662,#1712,#848,.T.);
#2072=EDGE_CURVE('',#1712,#1713,#1401,.T.);
#2073=EDGE_CURVE('',#1713,#1711,#849,.T.);
#2074=EDGE_CURVE('',#1714,#1715,#1402,.T.);
#2075=EDGE_CURVE('',#1715,#1705,#850,.T.);
#2076=EDGE_CURVE('',#1705,#1716,#1403,.T.);
#2077=EDGE_CURVE('',#1716,#1714,#851,.T.);
#2078=EDGE_CURVE('',#1714,#1713,#1404,.T.);
#2079=EDGE_CURVE('',#1712,#1715,#1405,.T.);
#2080=EDGE_CURVE('',#1704,#1716,#1406,.T.);
#2081=EDGE_CURVE('',#1701,#1710,#1407,.T.);
#2082=EDGE_CURVE('',#1694,#1703,#1408,.T.);
#2083=EDGE_CURVE('',#1687,#1700,#1409,.T.);
#2084=EDGE_CURVE('',#1684,#1693,#1410,.T.);
#2085=EDGE_CURVE('',#1677,#1686,#1411,.T.);
#2086=EDGE_CURVE('',#1670,#1683,#1412,.T.);
#2087=EDGE_CURVE('',#1667,#1676,#1413,.T.);
#2088=EDGE_CURVE('',#1664,#1669,#1414,.T.);
#2089=EDGE_CURVE('',#1656,#1666,#1415,.T.);
#2090=EDGE_CURVE('',#1711,#1663,#1416,.T.);
#2091=EDGE_CURVE('',#1682,#1717,#852,.T.);
#2092=EDGE_CURVE('',#1718,#1717,#1417,.T.);
#2093=EDGE_CURVE('',#1718,#1680,#853,.T.);
#2094=EDGE_CURVE('',#1719,#1683,#854,.T.);
#2095=EDGE_CURVE('',#1720,#1719,#855,.T.);
#2096=EDGE_CURVE('',#1721,#1720,#1418,.T.);
#2097=EDGE_CURVE('',#1722,#1721,#1419,.T.);
#2098=EDGE_CURVE('',#1717,#1722,#856,.T.);
#2099=EDGE_CURVE('',#1670,#1723,#857,.T.);
#2100=EDGE_CURVE('',#1719,#1723,#1420,.T.);
#2101=EDGE_CURVE('',#1724,#1673,#858,.T.);
#2102=EDGE_CURVE('',#1723,#1724,#859,.T.);
#2103=EDGE_CURVE('',#1675,#1725,#860,.T.);
#2104=EDGE_CURVE('',#1724,#1725,#1421,.T.);
#2105=EDGE_CURVE('',#1726,#1676,#861,.T.);
#2106=EDGE_CURVE('',#1725,#1726,#862,.T.);
#2107=EDGE_CURVE('',#1667,#1727,#863,.T.);
#2108=EDGE_CURVE('',#1726,#1727,#1422,.T.);
#2109=EDGE_CURVE('',#1728,#1669,#864,.T.);
#2110=EDGE_CURVE('',#1729,#1728,#1423,.T.);
#2111=EDGE_CURVE('',#1727,#1729,#865,.T.);
#2112=EDGE_CURVE('',#1664,#1730,#866,.T.);
#2113=EDGE_CURVE('',#1731,#1730,#41,.T.);
#2114=EDGE_CURVE('',#1728,#1731,#42,.T.);
#2115=EDGE_CURVE('',#1732,#1666,#867,.T.);
#2116=EDGE_CURVE('',#1733,#1732,#868,.T.);
#2117=EDGE_CURVE('',#1730,#1733,#39,.T.);
#2118=EDGE_CURVE('',#1734,#1735,#1424,.T.);
#2119=EDGE_CURVE('',#1734,#1736,#869,.T.);
#2120=EDGE_CURVE('',#1737,#1736,#1425,.T.);
#2121=EDGE_CURVE('',#1737,#1735,#870,.T.);
#2122=EDGE_CURVE('',#1656,#1738,#871,.T.);
#2123=EDGE_CURVE('',#1732,#1738,#1426,.T.);
#2124=EDGE_CURVE('',#1739,#1659,#872,.T.);
#2125=EDGE_CURVE('',#1740,#1739,#1427,.T.);
#2126=EDGE_CURVE('',#1738,#1740,#873,.T.);
#2127=EDGE_CURVE('',#1741,#1742,#874,.T.);
#2128=EDGE_CURVE('',#1743,#1742,#1428,.T.);
#2129=EDGE_CURVE('',#1743,#1744,#875,.T.);
#2130=EDGE_CURVE('',#1741,#1744,#1429,.T.);
#2131=EDGE_CURVE('',#1661,#1745,#876,.T.);
#2132=EDGE_CURVE('',#1739,#1745,#43,.T.);
#2133=EDGE_CURVE('',#1746,#1663,#877,.T.);
#2134=EDGE_CURVE('',#1745,#1746,#878,.T.);
#2135=EDGE_CURVE('',#1711,#1747,#879,.T.);
#2136=EDGE_CURVE('',#1748,#1747,#44,.T.);
#2137=EDGE_CURVE('',#1746,#1748,#45,.T.);
#2138=EDGE_CURVE('',#1749,#1713,#880,.T.);
#2139=EDGE_CURVE('',#1750,#1749,#881,.T.);
#2140=EDGE_CURVE('',#1747,#1750,#1430,.T.);
#2141=EDGE_CURVE('',#1714,#1751,#882,.T.);
#2142=EDGE_CURVE('',#1749,#1751,#1431,.T.);
#2143=EDGE_CURVE('',#1752,#1716,#883,.T.);
#2144=EDGE_CURVE('',#1751,#1752,#884,.T.);
#2145=EDGE_CURVE('',#1753,#1612,#885,.T.);
#2146=EDGE_CURVE('',#1613,#1754,#886,.T.);
#2147=EDGE_CURVE('',#1754,#1753,#887,.T.);
#2148=EDGE_CURVE('',#1753,#1755,#1432,.T.);
#2149=EDGE_CURVE('',#1755,#1614,#888,.T.);
#2150=EDGE_CURVE('',#1756,#1615,#889,.T.);
#2151=EDGE_CURVE('',#1755,#1756,#890,.T.);
#2152=EDGE_CURVE('',#1756,#1757,#1433,.T.);
#2153=EDGE_CURVE('',#1757,#1616,#891,.T.);
#2154=EDGE_CURVE('',#1758,#1617,#892,.T.);
#2155=EDGE_CURVE('',#1757,#1758,#893,.T.);
#2156=EDGE_CURVE('',#1758,#1759,#1434,.T.);
#2157=EDGE_CURVE('',#1759,#1618,#894,.T.);
#2158=EDGE_CURVE('',#1760,#1619,#895,.T.);
#2159=EDGE_CURVE('',#1759,#1760,#896,.T.);
#2160=EDGE_CURVE('',#1760,#1761,#1435,.T.);
#2161=EDGE_CURVE('',#1761,#1620,#897,.T.);
#2162=EDGE_CURVE('',#1762,#1621,#898,.T.);
#2163=EDGE_CURVE('',#1761,#1762,#899,.T.);
#2164=EDGE_CURVE('',#1762,#1763,#1436,.T.);
#2165=EDGE_CURVE('',#1763,#1622,#900,.T.);
#2166=EDGE_CURVE('',#1763,#1764,#1437,.T.);
#2167=EDGE_CURVE('',#1764,#1623,#901,.T.);
#2168=EDGE_CURVE('',#1765,#1624,#902,.T.);
#2169=EDGE_CURVE('',#1764,#1765,#903,.T.);
#2170=EDGE_CURVE('',#1765,#1766,#1438,.T.);
#2171=EDGE_CURVE('',#1766,#1625,#904,.T.);
#2172=EDGE_CURVE('',#1766,#1767,#1439,.T.);
#2173=EDGE_CURVE('',#1767,#1626,#905,.T.);
#2174=EDGE_CURVE('',#1768,#1627,#906,.T.);
#2175=EDGE_CURVE('',#1767,#1768,#907,.T.);
#2176=EDGE_CURVE('',#1768,#1769,#1440,.T.);
#2177=EDGE_CURVE('',#1769,#1628,#908,.T.);
#2178=EDGE_CURVE('',#1769,#1770,#1441,.T.);
#2179=EDGE_CURVE('',#1770,#1629,#909,.T.);
#2180=EDGE_CURVE('',#1771,#1630,#910,.T.);
#2181=EDGE_CURVE('',#1770,#1771,#911,.T.);
#2182=EDGE_CURVE('',#1771,#1772,#1442,.T.);
#2183=EDGE_CURVE('',#1772,#1631,#912,.T.);
#2184=EDGE_CURVE('',#1772,#1773,#1443,.T.);
#2185=EDGE_CURVE('',#1773,#1632,#913,.T.);
#2186=EDGE_CURVE('',#1774,#1633,#914,.T.);
#2187=EDGE_CURVE('',#1773,#1774,#915,.T.);
#2188=EDGE_CURVE('',#1774,#1775,#1444,.T.);
#2189=EDGE_CURVE('',#1775,#1634,#916,.T.);
#2190=EDGE_CURVE('',#1775,#1776,#1445,.T.);
#2191=EDGE_CURVE('',#1776,#1635,#917,.T.);
#2192=EDGE_CURVE('',#1777,#1636,#918,.T.);
#2193=EDGE_CURVE('',#1776,#1777,#919,.T.);
#2194=EDGE_CURVE('',#1777,#1778,#1446,.T.);
#2195=EDGE_CURVE('',#1778,#1637,#920,.T.);
#2196=EDGE_CURVE('',#1779,#1638,#921,.T.);
#2197=EDGE_CURVE('',#1778,#1779,#922,.T.);
#2198=EDGE_CURVE('',#1779,#1780,#1447,.T.);
#2199=EDGE_CURVE('',#1780,#1639,#923,.T.);
#2200=EDGE_CURVE('',#1781,#1640,#924,.T.);
#2201=EDGE_CURVE('',#1780,#1781,#925,.T.);
#2202=EDGE_CURVE('',#1781,#1782,#1448,.T.);
#2203=EDGE_CURVE('',#1782,#1641,#926,.T.);
#2204=EDGE_CURVE('',#1783,#1642,#927,.T.);
#2205=EDGE_CURVE('',#1782,#1783,#928,.T.);
#2206=EDGE_CURVE('',#1783,#1754,#1449,.T.);
#2207=EDGE_CURVE('',#1768,#1784,#929,.T.);
#2208=EDGE_CURVE('',#1785,#1784,#1450,.T.);
#2209=EDGE_CURVE('',#1769,#1785,#930,.T.);
#2210=EDGE_CURVE('',#1786,#1767,#931,.T.);
#2211=EDGE_CURVE('',#1784,#1786,#932,.T.);
#2212=EDGE_CURVE('',#1766,#1787,#933,.T.);
#2213=EDGE_CURVE('',#1786,#1787,#1451,.T.);
#2214=EDGE_CURVE('',#1765,#1788,#934,.T.);
#2215=EDGE_CURVE('',#1787,#1788,#1452,.T.);
#2216=EDGE_CURVE('',#1789,#1764,#935,.T.);
#2217=EDGE_CURVE('',#1790,#1789,#936,.T.);
#2218=EDGE_CURVE('',#1791,#1790,#1453,.T.);
#2219=EDGE_CURVE('',#1792,#1791,#1454,.T.);
#2220=EDGE_CURVE('',#1788,#1792,#937,.T.);
#2221=EDGE_CURVE('',#1763,#1793,#938,.T.);
#2222=EDGE_CURVE('',#1793,#1794,#46,.T.);
#2223=EDGE_CURVE('',#1794,#1795,#939,.T.);
#2224=EDGE_CURVE('',#1789,#1795,#1455,.T.);
#2225=EDGE_CURVE('',#1762,#1796,#940,.T.);
#2226=EDGE_CURVE('',#1797,#1796,#1456,.F.);
#2227=EDGE_CURVE('',#1793,#1797,#47,.F.);
#2228=EDGE_CURVE('',#1798,#1761,#941,.T.);
#2229=EDGE_CURVE('',#1799,#1798,#942,.T.);
#2230=EDGE_CURVE('',#1799,#1800,#943,.T.);
#2231=EDGE_CURVE('',#1800,#1801,#1457,.F.);
#2232=EDGE_CURVE('',#1801,#1802,#944,.T.);
#2233=EDGE_CURVE('',#1803,#1802,#1458,.T.);
#2234=EDGE_CURVE('',#1803,#1796,#945,.T.);
#2235=EDGE_CURVE('',#1760,#1804,#946,.T.);
#2236=EDGE_CURVE('',#1798,#1804,#1459,.T.);
#2237=EDGE_CURVE('',#1805,#1759,#947,.T.);
#2238=EDGE_CURVE('',#1804,#1805,#948,.T.);
#2239=EDGE_CURVE('',#1806,#1807,#1460,.T.);
#2240=EDGE_CURVE('',#1806,#1808,#949,.T.);
#2241=EDGE_CURVE('',#1809,#1808,#1461,.T.);
#2242=EDGE_CURVE('',#1809,#1807,#950,.T.);
#2243=EDGE_CURVE('',#1758,#1810,#951,.T.);
#2244=EDGE_CURVE('',#1811,#1810,#48,.T.);
#2245=EDGE_CURVE('',#1812,#1811,#49,.T.);
#2246=EDGE_CURVE('',#1805,#1812,#1462,.T.);
#2247=EDGE_CURVE('',#1813,#1757,#952,.T.);
#2248=EDGE_CURVE('',#1814,#1813,#953,.T.);
#2249=EDGE_CURVE('',#1810,#1814,#1463,.T.);
#2250=EDGE_CURVE('',#1756,#1815,#954,.T.);
#2251=EDGE_CURVE('',#1813,#1815,#1464,.T.);
#2252=EDGE_CURVE('',#1816,#1755,#955,.T.);
#2253=EDGE_CURVE('',#1815,#1816,#956,.T.);
#2254=EDGE_CURVE('',#1753,#1817,#957,.T.);
#2255=EDGE_CURVE('',#1816,#1817,#1465,.T.);
#2256=EDGE_CURVE('',#1818,#1754,#958,.T.);
#2257=EDGE_CURVE('',#1817,#1818,#959,.T.);
#2258=EDGE_CURVE('',#1819,#1731,#1466,.T.);
#2259=EDGE_CURVE('',#1730,#1820,#1467,.T.);
#2260=EDGE_CURVE('',#1820,#1819,#50,.T.);
#2261=EDGE_CURVE('',#1733,#1821,#1468,.T.);
#2262=EDGE_CURVE('',#1821,#1820,#40,.T.);
#2263=EDGE_CURVE('',#1732,#1822,#1469,.T.);
#2264=EDGE_CURVE('',#1822,#1821,#960,.T.);
#2265=EDGE_CURVE('',#1738,#1823,#1470,.T.);
#2266=EDGE_CURVE('',#1823,#1822,#1471,.T.);
#2267=EDGE_CURVE('',#1740,#1824,#1472,.T.);
#2268=EDGE_CURVE('',#1824,#1823,#961,.T.);
#2269=EDGE_CURVE('',#1739,#1825,#1473,.T.);
#2270=EDGE_CURVE('',#1825,#1824,#1474,.T.);
#2271=EDGE_CURVE('',#1745,#1826,#1475,.T.);
#2272=EDGE_CURVE('',#1826,#1825,#51,.T.);
#2273=EDGE_CURVE('',#1746,#1827,#1476,.T.);
#2274=EDGE_CURVE('',#1827,#1826,#962,.T.);
#2275=EDGE_CURVE('',#1748,#1828,#1477,.T.);
#2276=EDGE_CURVE('',#1828,#1827,#52,.T.);
#2277=EDGE_CURVE('',#1747,#1829,#1478,.T.);
#2278=EDGE_CURVE('',#1829,#1828,#53,.T.);
#2279=EDGE_CURVE('',#1830,#1750,#1479,.T.);
#2280=EDGE_CURVE('',#1749,#1831,#1480,.T.);
#2281=EDGE_CURVE('',#1831,#1830,#963,.T.);
#2282=EDGE_CURVE('',#1751,#1832,#1481,.T.);
#2283=EDGE_CURVE('',#1832,#1831,#1482,.T.);
#2284=EDGE_CURVE('',#1752,#1833,#1483,.T.);
#2285=EDGE_CURVE('',#1833,#1832,#964,.T.);
#2286=EDGE_CURVE('',#1834,#1835,#1484,.T.);
#2287=EDGE_CURVE('',#1835,#1833,#1485,.T.);
#2288=EDGE_CURVE('',#1752,#1834,#1486,.T.);
#2289=EDGE_CURVE('',#1836,#1837,#1487,.T.);
#2290=EDGE_CURVE('',#1837,#1835,#965,.T.);
#2291=EDGE_CURVE('',#1834,#1836,#966,.T.);
#2292=EDGE_CURVE('',#1838,#1839,#1488,.T.);
#2293=EDGE_CURVE('',#1839,#1837,#1489,.T.);
#2294=EDGE_CURVE('',#1836,#1838,#1490,.T.);
#2295=EDGE_CURVE('',#1840,#1841,#1491,.T.);
#2296=EDGE_CURVE('',#1841,#1839,#967,.T.);
#2297=EDGE_CURVE('',#1838,#1840,#968,.T.);
#2298=EDGE_CURVE('',#1842,#1843,#1492,.T.);
#2299=EDGE_CURVE('',#1843,#1841,#1493,.T.);
#2300=EDGE_CURVE('',#1840,#1842,#1494,.T.);
#2301=EDGE_CURVE('',#1844,#1845,#1495,.T.);
#2302=EDGE_CURVE('',#1845,#1843,#969,.T.);
#2303=EDGE_CURVE('',#1842,#1844,#970,.T.);
#2304=EDGE_CURVE('',#1846,#1847,#1496,.T.);
#2305=EDGE_CURVE('',#1847,#1845,#1497,.T.);
#2306=EDGE_CURVE('',#1844,#1846,#1498,.T.);
#2307=EDGE_CURVE('',#1848,#1849,#1499,.T.);
#2308=EDGE_CURVE('',#1849,#1847,#971,.T.);
#2309=EDGE_CURVE('',#1846,#1848,#972,.T.);
#2310=EDGE_CURVE('',#1850,#1851,#1500,.T.);
#2311=EDGE_CURVE('',#1851,#1849,#1501,.T.);
#2312=EDGE_CURVE('',#1848,#1850,#1502,.T.);
#2313=EDGE_CURVE('',#1852,#1853,#1503,.T.);
#2314=EDGE_CURVE('',#1853,#1851,#973,.T.);
#2315=EDGE_CURVE('',#1850,#1852,#974,.T.);
#2316=EDGE_CURVE('',#1854,#1855,#1504,.T.);
#2317=EDGE_CURVE('',#1855,#1853,#1505,.T.);
#2318=EDGE_CURVE('',#1852,#1854,#1506,.T.);
#2319=EDGE_CURVE('',#1856,#1857,#1507,.T.);
#2320=EDGE_CURVE('',#1857,#1855,#975,.T.);
#2321=EDGE_CURVE('',#1854,#1856,#976,.T.);
#2322=EDGE_CURVE('',#1858,#1859,#1508,.T.);
#2323=EDGE_CURVE('',#1859,#1857,#1509,.T.);
#2324=EDGE_CURVE('',#1856,#1858,#1510,.T.);
#2325=EDGE_CURVE('',#1860,#1861,#1511,.T.);
#2326=EDGE_CURVE('',#1861,#1859,#977,.T.);
#2327=EDGE_CURVE('',#1858,#1860,#978,.T.);
#2328=EDGE_CURVE('',#1862,#1863,#1512,.T.);
#2329=EDGE_CURVE('',#1863,#1861,#1513,.T.);
#2330=EDGE_CURVE('',#1860,#1862,#1514,.T.);
#2331=EDGE_CURVE('',#1864,#1865,#1515,.T.);
#2332=EDGE_CURVE('',#1865,#1863,#979,.T.);
#2333=EDGE_CURVE('',#1862,#1864,#980,.T.);
#2334=EDGE_CURVE('',#1866,#1867,#1516,.T.);
#2335=EDGE_CURVE('',#1867,#1865,#1517,.T.);
#2336=EDGE_CURVE('',#1864,#1866,#1518,.T.);
#2337=EDGE_CURVE('',#1718,#1868,#1519,.T.);
#2338=EDGE_CURVE('',#1868,#1867,#981,.T.);
#2339=EDGE_CURVE('',#1866,#1718,#982,.T.);
#2340=EDGE_CURVE('',#1717,#1869,#1520,.T.);
#2341=EDGE_CURVE('',#1869,#1868,#1521,.T.);
#2342=EDGE_CURVE('',#1722,#1870,#1522,.T.);
#2343=EDGE_CURVE('',#1870,#1869,#983,.T.);
#2344=EDGE_CURVE('',#1721,#1871,#1523,.T.);
#2345=EDGE_CURVE('',#1871,#1870,#1524,.T.);
#2346=EDGE_CURVE('',#1720,#1872,#1525,.T.);
#2347=EDGE_CURVE('',#1872,#1871,#1526,.T.);
#2348=EDGE_CURVE('',#1719,#1873,#1527,.T.);
#2349=EDGE_CURVE('',#1873,#1872,#984,.T.);
#2350=EDGE_CURVE('',#1723,#1874,#1528,.T.);
#2351=EDGE_CURVE('',#1874,#1873,#1529,.T.);
#2352=EDGE_CURVE('',#1724,#1875,#1530,.T.);
#2353=EDGE_CURVE('',#1875,#1874,#985,.T.);
#2354=EDGE_CURVE('',#1725,#1876,#1531,.T.);
#2355=EDGE_CURVE('',#1876,#1875,#1532,.T.);
#2356=EDGE_CURVE('',#1726,#1877,#1533,.T.);
#2357=EDGE_CURVE('',#1877,#1876,#986,.T.);
#2358=EDGE_CURVE('',#1727,#1878,#1534,.T.);
#2359=EDGE_CURVE('',#1878,#1877,#1535,.T.);
#2360=EDGE_CURVE('',#1729,#1879,#1536,.T.);
#2361=EDGE_CURVE('',#1879,#1878,#987,.T.);
#2362=EDGE_CURVE('',#1728,#1880,#1537,.T.);
#2363=EDGE_CURVE('',#1880,#1879,#1538,.T.);
#2364=EDGE_CURVE('',#1830,#1829,#1539,.T.);
#2365=EDGE_CURVE('',#1819,#1880,#54,.T.);
#2366=EDGE_CURVE('',#1871,#1881,#988,.T.);
#2367=EDGE_CURVE('',#1882,#1881,#55,.T.);
#2368=EDGE_CURVE('',#1882,#1870,#989,.T.);
#2369=EDGE_CURVE('',#1872,#1883,#990,.T.);
#2370=EDGE_CURVE('',#1884,#1883,#1540,.T.);
#2371=EDGE_CURVE('',#1881,#1884,#56,.T.);
#2372=EDGE_CURVE('',#1885,#1879,#991,.T.);
#2373=EDGE_CURVE('',#1886,#1885,#992,.T.);
#2374=EDGE_CURVE('',#1887,#1886,#1541,.T.);
#2375=EDGE_CURVE('',#1888,#1887,#993,.T.);
#2376=EDGE_CURVE('',#1889,#1888,#1542,.T.);
#2377=EDGE_CURVE('',#1890,#1889,#994,.T.);
#2378=EDGE_CURVE('',#1891,#1890,#1543,.T.);
#2379=EDGE_CURVE('',#1883,#1891,#995,.T.);
#2380=EDGE_CURVE('',#1892,#1819,#996,.T.);
#2381=EDGE_CURVE('',#1893,#1892,#57,.T.);
#2382=EDGE_CURVE('',#1885,#1893,#1544,.T.);
#2383=EDGE_CURVE('',#1821,#1894,#997,.T.);
#2384=EDGE_CURVE('',#1892,#1894,#58,.T.);
#2385=EDGE_CURVE('',#1895,#1824,#998,.T.);
#2386=EDGE_CURVE('',#1896,#1895,#999,.T.);
#2387=EDGE_CURVE('',#1897,#1896,#1545,.T.);
#2388=EDGE_CURVE('',#1897,#1898,#1000,.T.);
#2389=EDGE_CURVE('',#1899,#1898,#1001,.T.);
#2390=EDGE_CURVE('',#1900,#1899,#1546,.T.);
#2391=EDGE_CURVE('',#1901,#1900,#1002,.T.);
#2392=EDGE_CURVE('',#1894,#1901,#1547,.T.);
#2393=EDGE_CURVE('',#1828,#1902,#1003,.F.);
#2394=EDGE_CURVE('',#1895,#1902,#1548,.T.);
#2395=EDGE_CURVE('',#1830,#1903,#1004,.T.);
#2396=EDGE_CURVE('',#1902,#1903,#1549,.T.);
#2397=EDGE_CURVE('',#1677,#1866,#1005,.T.);
#2398=EDGE_CURVE('',#1864,#1686,#1006,.T.);
#2399=EDGE_CURVE('',#1684,#1862,#1007,.T.);
#2400=EDGE_CURVE('',#1860,#1693,#1008,.T.);
#2401=EDGE_CURVE('',#1692,#1858,#1009,.T.);
#2402=EDGE_CURVE('',#1856,#1690,#1010,.T.);
#2403=EDGE_CURVE('',#1687,#1854,#1011,.T.);
#2404=EDGE_CURVE('',#1852,#1700,#1012,.T.);
#2405=EDGE_CURVE('',#1699,#1850,#1013,.T.);
#2406=EDGE_CURVE('',#1848,#1697,#1014,.T.);
#2407=EDGE_CURVE('',#1694,#1846,#1015,.T.);
#2408=EDGE_CURVE('',#1844,#1703,#1016,.T.);
#2409=EDGE_CURVE('',#1701,#1842,#1017,.T.);
#2410=EDGE_CURVE('',#1840,#1710,#1018,.T.);
#2411=EDGE_CURVE('',#1709,#1838,#1019,.T.);
#2412=EDGE_CURVE('',#1836,#1707,#1020,.T.);
#2413=EDGE_CURVE('',#1704,#1834,#1021,.T.);
#2414=EDGE_CURVE('',#1795,#1897,#59,.T.);
#2415=EDGE_CURVE('',#1896,#1789,#1550,.T.);
#2416=EDGE_CURVE('',#1895,#1790,#1551,.T.);
#2417=EDGE_CURVE('',#1902,#1791,#1552,.T.);
#2418=EDGE_CURVE('',#1792,#1903,#1553,.T.);
#2419=EDGE_CURVE('',#1903,#1904,#1022,.T.);
#2420=EDGE_CURVE('',#1904,#1788,#1554,.T.);
#2421=EDGE_CURVE('',#1905,#1787,#1555,.T.);
#2422=EDGE_CURVE('',#1904,#1905,#1556,.T.);
#2423=EDGE_CURVE('',#1906,#1786,#1557,.T.);
#2424=EDGE_CURVE('',#1905,#1906,#1558,.T.);
#2425=EDGE_CURVE('',#1907,#1784,#1559,.T.);
#2426=EDGE_CURVE('',#1906,#1907,#1023,.T.);
#2427=EDGE_CURVE('',#1908,#1785,#1560,.T.);
#2428=EDGE_CURVE('',#1907,#1908,#1561,.T.);
#2429=EDGE_CURVE('',#1909,#1910,#1562,.T.);
#2430=EDGE_CURVE('',#1910,#1785,#1563,.T.);
#2431=EDGE_CURVE('',#1908,#1909,#1564,.T.);
#2432=EDGE_CURVE('',#1911,#1912,#1565,.T.);
#2433=EDGE_CURVE('',#1912,#1910,#1024,.T.);
#2434=EDGE_CURVE('',#1909,#1911,#1025,.T.);
#2435=EDGE_CURVE('',#1913,#1914,#1566,.T.);
#2436=EDGE_CURVE('',#1914,#1912,#1567,.T.);
#2437=EDGE_CURVE('',#1911,#1913,#1568,.T.);
#2438=EDGE_CURVE('',#1915,#1916,#1569,.T.);
#2439=EDGE_CURVE('',#1916,#1914,#1570,.T.);
#2440=EDGE_CURVE('',#1913,#1915,#1571,.T.);
#2441=EDGE_CURVE('',#1917,#1918,#1572,.T.);
#2442=EDGE_CURVE('',#1918,#1916,#1026,.T.);
#2443=EDGE_CURVE('',#1915,#1917,#1027,.T.);
#2444=EDGE_CURVE('',#1919,#1920,#1573,.T.);
#2445=EDGE_CURVE('',#1920,#1918,#1574,.T.);
#2446=EDGE_CURVE('',#1917,#1919,#1575,.T.);
#2447=EDGE_CURVE('',#1921,#1922,#1576,.T.);
#2448=EDGE_CURVE('',#1922,#1920,#1577,.T.);
#2449=EDGE_CURVE('',#1919,#1921,#1578,.T.);
#2450=EDGE_CURVE('',#1923,#1924,#1579,.T.);
#2451=EDGE_CURVE('',#1924,#1922,#1028,.T.);
#2452=EDGE_CURVE('',#1921,#1923,#1029,.T.);
#2453=EDGE_CURVE('',#1925,#1926,#1580,.T.);
#2454=EDGE_CURVE('',#1926,#1924,#1581,.T.);
#2455=EDGE_CURVE('',#1923,#1925,#1582,.T.);
#2456=EDGE_CURVE('',#1927,#1928,#1583,.T.);
#2457=EDGE_CURVE('',#1928,#1926,#1030,.T.);
#2458=EDGE_CURVE('',#1925,#1927,#1031,.T.);
#2459=EDGE_CURVE('',#1929,#1930,#1584,.T.);
#2460=EDGE_CURVE('',#1930,#1928,#1585,.T.);
#2461=EDGE_CURVE('',#1927,#1929,#1586,.T.);
#2462=EDGE_CURVE('',#1931,#1932,#1587,.T.);
#2463=EDGE_CURVE('',#1932,#1930,#1032,.T.);
#2464=EDGE_CURVE('',#1929,#1931,#1033,.T.);
#2465=EDGE_CURVE('',#1882,#1933,#1588,.T.);
#2466=EDGE_CURVE('',#1933,#1932,#1589,.T.);
#2467=EDGE_CURVE('',#1931,#1882,#1590,.T.);
#2468=EDGE_CURVE('',#1881,#1934,#1591,.T.);
#2469=EDGE_CURVE('',#1934,#1933,#60,.T.);
#2470=EDGE_CURVE('',#1884,#1935,#1592,.T.);
#2471=EDGE_CURVE('',#1935,#1934,#61,.T.);
#2472=EDGE_CURVE('',#1883,#1936,#1593,.T.);
#2473=EDGE_CURVE('',#1936,#1935,#1594,.T.);
#2474=EDGE_CURVE('',#1891,#1937,#1595,.T.);
#2475=EDGE_CURVE('',#1937,#1936,#1034,.T.);
#2476=EDGE_CURVE('',#1890,#1818,#1596,.T.);
#2477=EDGE_CURVE('',#1818,#1937,#1597,.T.);
#2478=EDGE_CURVE('',#1889,#1817,#1598,.T.);
#2479=EDGE_CURVE('',#1888,#1816,#1599,.T.);
#2480=EDGE_CURVE('',#1887,#1815,#1600,.T.);
#2481=EDGE_CURVE('',#1886,#1813,#1601,.T.);
#2482=EDGE_CURVE('',#1885,#1814,#1602,.T.);
#2483=EDGE_CURVE('',#1893,#1810,#1603,.T.);
#2484=EDGE_CURVE('',#1894,#1812,#1604,.T.);
#2485=EDGE_CURVE('',#1811,#1892,#1605,.T.);
#2486=EDGE_CURVE('',#1901,#1805,#1606,.T.);
#2487=EDGE_CURVE('',#1900,#1804,#1607,.T.);
#2488=EDGE_CURVE('',#1899,#1798,#1608,.T.);
#2489=EDGE_CURVE('',#1898,#1799,#1609,.F.);
#2490=EDGE_CURVE('',#1910,#1770,#1035,.T.);
#2491=EDGE_CURVE('',#1771,#1912,#1036,.T.);
#2492=EDGE_CURVE('',#1914,#1772,#1037,.T.);
#2493=EDGE_CURVE('',#1916,#1773,#1038,.T.);
#2494=EDGE_CURVE('',#1774,#1918,#1039,.T.);
#2495=EDGE_CURVE('',#1920,#1775,#1040,.T.);
#2496=EDGE_CURVE('',#1922,#1776,#1041,.T.);
#2497=EDGE_CURVE('',#1777,#1924,#1042,.T.);
#2498=EDGE_CURVE('',#1926,#1778,#1043,.T.);
#2499=EDGE_CURVE('',#1779,#1928,#1044,.T.);
#2500=EDGE_CURVE('',#1930,#1780,#1045,.T.);
#2501=EDGE_CURVE('',#1781,#1932,#1046,.T.);
#2502=EDGE_CURVE('',#1935,#1782,#1047,.T.);
#2503=EDGE_CURVE('',#1783,#1937,#1048,.T.);
#2504=EDGE_CURVE('',#1742,#1803,#1049,.T.);
#2505=EDGE_CURVE('',#1802,#1743,#1050,.T.);
#2506=EDGE_CURVE('',#1797,#1741,#1051,.T.);
#2507=EDGE_CURVE('',#1744,#1801,#1052,.T.);
#2508=EDGE_CURVE('',#1800,#1794,#1053,.T.);
#2509=EDGE_CURVE('',#1735,#1806,#1054,.T.);
#2510=EDGE_CURVE('',#1808,#1737,#1055,.T.);
#2511=EDGE_CURVE('',#1736,#1809,#1056,.T.);
#2512=EDGE_CURVE('',#1807,#1734,#1057,.T.);
#2513=ORIENTED_EDGE('',*,*,#1938,.T.);
#2514=ORIENTED_EDGE('',*,*,#1939,.T.);
#2515=ORIENTED_EDGE('',*,*,#1940,.T.);
#2516=ORIENTED_EDGE('',*,*,#1939,.F.);
#2517=ORIENTED_EDGE('',*,*,#1941,.F.);
#2518=ORIENTED_EDGE('',*,*,#1942,.F.);
#2519=ORIENTED_EDGE('',*,*,#1943,.F.);
#2520=ORIENTED_EDGE('',*,*,#1944,.F.);
#2521=ORIENTED_EDGE('',*,*,#1945,.F.);
#2522=ORIENTED_EDGE('',*,*,#1946,.F.);
#2523=ORIENTED_EDGE('',*,*,#1947,.F.);
#2524=ORIENTED_EDGE('',*,*,#1948,.F.);
#2525=ORIENTED_EDGE('',*,*,#1949,.F.);
#2526=ORIENTED_EDGE('',*,*,#1950,.F.);
#2527=ORIENTED_EDGE('',*,*,#1951,.F.);
#2528=ORIENTED_EDGE('',*,*,#1952,.F.);
#2529=ORIENTED_EDGE('',*,*,#1953,.F.);
#2530=ORIENTED_EDGE('',*,*,#1954,.F.);
#2531=ORIENTED_EDGE('',*,*,#1955,.F.);
#2532=ORIENTED_EDGE('',*,*,#1956,.F.);
#2533=ORIENTED_EDGE('',*,*,#1957,.F.);
#2534=ORIENTED_EDGE('',*,*,#1958,.F.);
#2535=ORIENTED_EDGE('',*,*,#1959,.F.);
#2536=ORIENTED_EDGE('',*,*,#1960,.F.);
#2537=ORIENTED_EDGE('',*,*,#1961,.F.);
#2538=ORIENTED_EDGE('',*,*,#1962,.F.);
#2539=ORIENTED_EDGE('',*,*,#1963,.F.);
#2540=ORIENTED_EDGE('',*,*,#1964,.F.);
#2541=ORIENTED_EDGE('',*,*,#1965,.F.);
#2542=ORIENTED_EDGE('',*,*,#1966,.F.);
#2543=ORIENTED_EDGE('',*,*,#1967,.F.);
#2544=ORIENTED_EDGE('',*,*,#1968,.F.);
#2545=ORIENTED_EDGE('',*,*,#1969,.F.);
#2546=ORIENTED_EDGE('',*,*,#1970,.F.);
#2547=ORIENTED_EDGE('',*,*,#1971,.F.);
#2548=ORIENTED_EDGE('',*,*,#1972,.F.);
#2549=ORIENTED_EDGE('',*,*,#1973,.F.);
#2550=ORIENTED_EDGE('',*,*,#1974,.F.);
#2551=ORIENTED_EDGE('',*,*,#1975,.F.);
#2552=ORIENTED_EDGE('',*,*,#1938,.F.);
#2553=ORIENTED_EDGE('',*,*,#1940,.F.);
#2554=ORIENTED_EDGE('',*,*,#1976,.T.);
#2555=ORIENTED_EDGE('',*,*,#1977,.T.);
#2556=ORIENTED_EDGE('',*,*,#1976,.F.);
#2557=ORIENTED_EDGE('',*,*,#1972,.T.);
#2558=ORIENTED_EDGE('',*,*,#1978,.T.);
#2559=ORIENTED_EDGE('',*,*,#1979,.T.);
#2560=ORIENTED_EDGE('',*,*,#1978,.F.);
#2561=ORIENTED_EDGE('',*,*,#1979,.F.);
#2562=ORIENTED_EDGE('',*,*,#1980,.T.);
#2563=ORIENTED_EDGE('',*,*,#1981,.T.);
#2564=ORIENTED_EDGE('',*,*,#1980,.F.);
#2565=ORIENTED_EDGE('',*,*,#1975,.T.);
#2566=ORIENTED_EDGE('',*,*,#1982,.T.);
#2567=ORIENTED_EDGE('',*,*,#1983,.T.);
#2568=ORIENTED_EDGE('',*,*,#1982,.F.);
#2569=ORIENTED_EDGE('',*,*,#1983,.F.);
#2570=ORIENTED_EDGE('',*,*,#1984,.T.);
#2571=ORIENTED_EDGE('',*,*,#1985,.T.);
#2572=ORIENTED_EDGE('',*,*,#1984,.F.);
#2573=ORIENTED_EDGE('',*,*,#1973,.T.);
#2574=ORIENTED_EDGE('',*,*,#1986,.T.);
#2575=ORIENTED_EDGE('',*,*,#1987,.T.);
#2576=ORIENTED_EDGE('',*,*,#1986,.F.);
#2577=ORIENTED_EDGE('',*,*,#1987,.F.);
#2578=ORIENTED_EDGE('',*,*,#1988,.T.);
#2579=ORIENTED_EDGE('',*,*,#1989,.T.);
#2580=ORIENTED_EDGE('',*,*,#1988,.F.);
#2581=ORIENTED_EDGE('',*,*,#1974,.T.);
#2582=ORIENTED_EDGE('',*,*,#1990,.T.);
#2583=ORIENTED_EDGE('',*,*,#1991,.T.);
#2584=ORIENTED_EDGE('',*,*,#1990,.F.);
#2585=ORIENTED_EDGE('',*,*,#1991,.F.);
#2586=ORIENTED_EDGE('',*,*,#1992,.T.);
#2587=ORIENTED_EDGE('',*,*,#1993,.T.);
#2588=ORIENTED_EDGE('',*,*,#1992,.F.);
#2589=ORIENTED_EDGE('',*,*,#1994,.T.);
#2590=ORIENTED_EDGE('',*,*,#1995,.T.);
#2591=ORIENTED_EDGE('',*,*,#1996,.T.);
#2592=ORIENTED_EDGE('',*,*,#1997,.T.);
#2593=ORIENTED_EDGE('',*,*,#1998,.T.);
#2594=ORIENTED_EDGE('',*,*,#1999,.T.);
#2595=ORIENTED_EDGE('',*,*,#1996,.F.);
#2596=ORIENTED_EDGE('',*,*,#2000,.T.);
#2597=ORIENTED_EDGE('',*,*,#2001,.T.);
#2598=ORIENTED_EDGE('',*,*,#2002,.T.);
#2599=ORIENTED_EDGE('',*,*,#1998,.F.);
#2600=ORIENTED_EDGE('',*,*,#2003,.T.);
#2601=ORIENTED_EDGE('',*,*,#2004,.T.);
#2602=ORIENTED_EDGE('',*,*,#2005,.T.);
#2603=ORIENTED_EDGE('',*,*,#2006,.T.);
#2604=ORIENTED_EDGE('',*,*,#2007,.T.);
#2605=ORIENTED_EDGE('',*,*,#2008,.T.);
#2606=ORIENTED_EDGE('',*,*,#2009,.T.);
#2607=ORIENTED_EDGE('',*,*,#2010,.T.);
#2608=ORIENTED_EDGE('',*,*,#2011,.T.);
#2609=ORIENTED_EDGE('',*,*,#2012,.T.);
#2610=ORIENTED_EDGE('',*,*,#2013,.T.);
#2611=ORIENTED_EDGE('',*,*,#2014,.T.);
#2612=ORIENTED_EDGE('',*,*,#2015,.T.);
#2613=ORIENTED_EDGE('',*,*,#2016,.T.);
#2614=ORIENTED_EDGE('',*,*,#2017,.T.);
#2615=ORIENTED_EDGE('',*,*,#2014,.F.);
#2616=ORIENTED_EDGE('',*,*,#2018,.T.);
#2617=ORIENTED_EDGE('',*,*,#2019,.T.);
#2618=ORIENTED_EDGE('',*,*,#2020,.T.);
#2619=ORIENTED_EDGE('',*,*,#2016,.F.);
#2620=ORIENTED_EDGE('',*,*,#2021,.T.);
#2621=ORIENTED_EDGE('',*,*,#2022,.T.);
#2622=ORIENTED_EDGE('',*,*,#2023,.T.);
#2623=ORIENTED_EDGE('',*,*,#2024,.T.);
#2624=ORIENTED_EDGE('',*,*,#2025,.T.);
#2625=ORIENTED_EDGE('',*,*,#2026,.T.);
#2626=ORIENTED_EDGE('',*,*,#2027,.T.);
#2627=ORIENTED_EDGE('',*,*,#2024,.F.);
#2628=ORIENTED_EDGE('',*,*,#2028,.T.);
#2629=ORIENTED_EDGE('',*,*,#2029,.T.);
#2630=ORIENTED_EDGE('',*,*,#2030,.T.);
#2631=ORIENTED_EDGE('',*,*,#2026,.F.);
#2632=ORIENTED_EDGE('',*,*,#2031,.T.);
#2633=ORIENTED_EDGE('',*,*,#2032,.T.);
#2634=ORIENTED_EDGE('',*,*,#2033,.T.);
#2635=ORIENTED_EDGE('',*,*,#2034,.T.);
#2636=ORIENTED_EDGE('',*,*,#2035,.T.);
#2637=ORIENTED_EDGE('',*,*,#2036,.T.);
#2638=ORIENTED_EDGE('',*,*,#2037,.T.);
#2639=ORIENTED_EDGE('',*,*,#2038,.T.);
#2640=ORIENTED_EDGE('',*,*,#2039,.T.);
#2641=ORIENTED_EDGE('',*,*,#2040,.T.);
#2642=ORIENTED_EDGE('',*,*,#2041,.T.);
#2643=ORIENTED_EDGE('',*,*,#2038,.F.);
#2644=ORIENTED_EDGE('',*,*,#2042,.T.);
#2645=ORIENTED_EDGE('',*,*,#2043,.T.);
#2646=ORIENTED_EDGE('',*,*,#2044,.T.);
#2647=ORIENTED_EDGE('',*,*,#2040,.F.);
#2648=ORIENTED_EDGE('',*,*,#2045,.T.);
#2649=ORIENTED_EDGE('',*,*,#2046,.T.);
#2650=ORIENTED_EDGE('',*,*,#2047,.T.);
#2651=ORIENTED_EDGE('',*,*,#2048,.T.);
#2652=ORIENTED_EDGE('',*,*,#2049,.T.);
#2653=ORIENTED_EDGE('',*,*,#2050,.T.);
#2654=ORIENTED_EDGE('',*,*,#2051,.T.);
#2655=ORIENTED_EDGE('',*,*,#2048,.F.);
#2656=ORIENTED_EDGE('',*,*,#2052,.T.);
#2657=ORIENTED_EDGE('',*,*,#2053,.T.);
#2658=ORIENTED_EDGE('',*,*,#2054,.T.);
#2659=ORIENTED_EDGE('',*,*,#2050,.F.);
#2660=ORIENTED_EDGE('',*,*,#2055,.T.);
#2661=ORIENTED_EDGE('',*,*,#2056,.T.);
#2662=ORIENTED_EDGE('',*,*,#2057,.T.);
#2663=ORIENTED_EDGE('',*,*,#2058,.T.);
#2664=ORIENTED_EDGE('',*,*,#2059,.T.);
#2665=ORIENTED_EDGE('',*,*,#2060,.T.);
#2666=ORIENTED_EDGE('',*,*,#2061,.T.);
#2667=ORIENTED_EDGE('',*,*,#2062,.T.);
#2668=ORIENTED_EDGE('',*,*,#2063,.T.);
#2669=ORIENTED_EDGE('',*,*,#2064,.T.);
#2670=ORIENTED_EDGE('',*,*,#2065,.T.);
#2671=ORIENTED_EDGE('',*,*,#2062,.F.);
#2672=ORIENTED_EDGE('',*,*,#2066,.T.);
#2673=ORIENTED_EDGE('',*,*,#2067,.T.);
#2674=ORIENTED_EDGE('',*,*,#2068,.T.);
#2675=ORIENTED_EDGE('',*,*,#2064,.F.);
#2676=ORIENTED_EDGE('',*,*,#2069,.T.);
#2677=ORIENTED_EDGE('',*,*,#2070,.T.);
#2678=ORIENTED_EDGE('',*,*,#2071,.T.);
#2679=ORIENTED_EDGE('',*,*,#2072,.T.);
#2680=ORIENTED_EDGE('',*,*,#2073,.T.);
#2681=ORIENTED_EDGE('',*,*,#2074,.T.);
#2682=ORIENTED_EDGE('',*,*,#2075,.T.);
#2683=ORIENTED_EDGE('',*,*,#2076,.T.);
#2684=ORIENTED_EDGE('',*,*,#2077,.T.);
#2685=ORIENTED_EDGE('',*,*,#2074,.F.);
#2686=ORIENTED_EDGE('',*,*,#2078,.T.);
#2687=ORIENTED_EDGE('',*,*,#2072,.F.);
#2688=ORIENTED_EDGE('',*,*,#2079,.T.);
#2689=ORIENTED_EDGE('',*,*,#2076,.F.);
#2690=ORIENTED_EDGE('',*,*,#2060,.F.);
#2691=ORIENTED_EDGE('',*,*,#2080,.T.);
#2692=ORIENTED_EDGE('',*,*,#2067,.F.);
#2693=ORIENTED_EDGE('',*,*,#2056,.F.);
#2694=ORIENTED_EDGE('',*,*,#2081,.T.);
#2695=ORIENTED_EDGE('',*,*,#2058,.F.);
#2696=ORIENTED_EDGE('',*,*,#2046,.F.);
#2697=ORIENTED_EDGE('',*,*,#2082,.T.);
#2698=ORIENTED_EDGE('',*,*,#2053,.F.);
#2699=ORIENTED_EDGE('',*,*,#2036,.F.);
#2700=ORIENTED_EDGE('',*,*,#2083,.T.);
#2701=ORIENTED_EDGE('',*,*,#2043,.F.);
#2702=ORIENTED_EDGE('',*,*,#2032,.F.);
#2703=ORIENTED_EDGE('',*,*,#2084,.T.);
#2704=ORIENTED_EDGE('',*,*,#2034,.F.);
#2705=ORIENTED_EDGE('',*,*,#2022,.F.);
#2706=ORIENTED_EDGE('',*,*,#2085,.T.);
#2707=ORIENTED_EDGE('',*,*,#2029,.F.);
#2708=ORIENTED_EDGE('',*,*,#2012,.F.);
#2709=ORIENTED_EDGE('',*,*,#2086,.T.);
#2710=ORIENTED_EDGE('',*,*,#2019,.F.);
#2711=ORIENTED_EDGE('',*,*,#2008,.F.);
#2712=ORIENTED_EDGE('',*,*,#2087,.T.);
#2713=ORIENTED_EDGE('',*,*,#2010,.F.);
#2714=ORIENTED_EDGE('',*,*,#2004,.F.);
#2715=ORIENTED_EDGE('',*,*,#2088,.T.);
#2716=ORIENTED_EDGE('',*,*,#2006,.F.);
#2717=ORIENTED_EDGE('',*,*,#1994,.F.);
#2718=ORIENTED_EDGE('',*,*,#2089,.T.);
#2719=ORIENTED_EDGE('',*,*,#2001,.F.);
#2720=ORIENTED_EDGE('',*,*,#2070,.F.);
#2721=ORIENTED_EDGE('',*,*,#2090,.T.);
#2722=ORIENTED_EDGE('',*,*,#2027,.F.);
#2723=ORIENTED_EDGE('',*,*,#2091,.T.);
#2724=ORIENTED_EDGE('',*,*,#2092,.F.);
#2725=ORIENTED_EDGE('',*,*,#2093,.T.);
#2726=ORIENTED_EDGE('',*,*,#2030,.F.);
#2727=ORIENTED_EDGE('',*,*,#2094,.F.);
#2728=ORIENTED_EDGE('',*,*,#2095,.F.);
#2729=ORIENTED_EDGE('',*,*,#2096,.F.);
#2730=ORIENTED_EDGE('',*,*,#2097,.F.);
#2731=ORIENTED_EDGE('',*,*,#2098,.F.);
#2732=ORIENTED_EDGE('',*,*,#2091,.F.);
#2733=ORIENTED_EDGE('',*,*,#2086,.F.);
#2734=ORIENTED_EDGE('',*,*,#2099,.T.);
#2735=ORIENTED_EDGE('',*,*,#2100,.F.);
#2736=ORIENTED_EDGE('',*,*,#2094,.T.);
#2737=ORIENTED_EDGE('',*,*,#2015,.F.);
#2738=ORIENTED_EDGE('',*,*,#2101,.F.);
#2739=ORIENTED_EDGE('',*,*,#2102,.F.);
#2740=ORIENTED_EDGE('',*,*,#2099,.F.);
#2741=ORIENTED_EDGE('',*,*,#2017,.F.);
#2742=ORIENTED_EDGE('',*,*,#2103,.T.);
#2743=ORIENTED_EDGE('',*,*,#2104,.F.);
#2744=ORIENTED_EDGE('',*,*,#2101,.T.);
#2745=ORIENTED_EDGE('',*,*,#2020,.F.);
#2746=ORIENTED_EDGE('',*,*,#2105,.F.);
#2747=ORIENTED_EDGE('',*,*,#2106,.F.);
#2748=ORIENTED_EDGE('',*,*,#2103,.F.);
#2749=ORIENTED_EDGE('',*,*,#2087,.F.);
#2750=ORIENTED_EDGE('',*,*,#2107,.T.);
#2751=ORIENTED_EDGE('',*,*,#2108,.F.);
#2752=ORIENTED_EDGE('',*,*,#2105,.T.);
#2753=ORIENTED_EDGE('',*,*,#2011,.F.);
#2754=ORIENTED_EDGE('',*,*,#2109,.F.);
#2755=ORIENTED_EDGE('',*,*,#2110,.F.);
#2756=ORIENTED_EDGE('',*,*,#2111,.F.);
#2757=ORIENTED_EDGE('',*,*,#2107,.F.);
#2758=ORIENTED_EDGE('',*,*,#2088,.F.);
#2759=ORIENTED_EDGE('',*,*,#2112,.T.);
#2760=ORIENTED_EDGE('',*,*,#2113,.F.);
#2761=ORIENTED_EDGE('',*,*,#2114,.F.);
#2762=ORIENTED_EDGE('',*,*,#2109,.T.);
#2763=ORIENTED_EDGE('',*,*,#2007,.F.);
#2764=ORIENTED_EDGE('',*,*,#2115,.F.);
#2765=ORIENTED_EDGE('',*,*,#2116,.F.);
#2766=ORIENTED_EDGE('',*,*,#2117,.F.);
#2767=ORIENTED_EDGE('',*,*,#2112,.F.);
#2768=ORIENTED_EDGE('',*,*,#2118,.F.);
#2769=ORIENTED_EDGE('',*,*,#2119,.T.);
#2770=ORIENTED_EDGE('',*,*,#2120,.F.);
#2771=ORIENTED_EDGE('',*,*,#2121,.T.);
#2772=ORIENTED_EDGE('',*,*,#2089,.F.);
#2773=ORIENTED_EDGE('',*,*,#2122,.T.);
#2774=ORIENTED_EDGE('',*,*,#2123,.F.);
#2775=ORIENTED_EDGE('',*,*,#2115,.T.);
#2776=ORIENTED_EDGE('',*,*,#1997,.F.);
#2777=ORIENTED_EDGE('',*,*,#2124,.F.);
#2778=ORIENTED_EDGE('',*,*,#2125,.F.);
#2779=ORIENTED_EDGE('',*,*,#2126,.F.);
#2780=ORIENTED_EDGE('',*,*,#2122,.F.);
#2781=ORIENTED_EDGE('',*,*,#2127,.T.);
#2782=ORIENTED_EDGE('',*,*,#2128,.F.);
#2783=ORIENTED_EDGE('',*,*,#2129,.T.);
#2784=ORIENTED_EDGE('',*,*,#2130,.F.);
#2785=ORIENTED_EDGE('',*,*,#1999,.F.);
#2786=ORIENTED_EDGE('',*,*,#2131,.T.);
#2787=ORIENTED_EDGE('',*,*,#2132,.F.);
#2788=ORIENTED_EDGE('',*,*,#2124,.T.);
#2789=ORIENTED_EDGE('',*,*,#2002,.F.);
#2790=ORIENTED_EDGE('',*,*,#2133,.F.);
#2791=ORIENTED_EDGE('',*,*,#2134,.F.);
#2792=ORIENTED_EDGE('',*,*,#2131,.F.);
#2793=ORIENTED_EDGE('',*,*,#2090,.F.);
#2794=ORIENTED_EDGE('',*,*,#2135,.T.);
#2795=ORIENTED_EDGE('',*,*,#2136,.F.);
#2796=ORIENTED_EDGE('',*,*,#2137,.F.);
#2797=ORIENTED_EDGE('',*,*,#2133,.T.);
#2798=ORIENTED_EDGE('',*,*,#2073,.F.);
#2799=ORIENTED_EDGE('',*,*,#2138,.F.);
#2800=ORIENTED_EDGE('',*,*,#2139,.F.);
#2801=ORIENTED_EDGE('',*,*,#2140,.F.);
#2802=ORIENTED_EDGE('',*,*,#2135,.F.);
#2803=ORIENTED_EDGE('',*,*,#2078,.F.);
#2804=ORIENTED_EDGE('',*,*,#2141,.T.);
#2805=ORIENTED_EDGE('',*,*,#2142,.F.);
#2806=ORIENTED_EDGE('',*,*,#2138,.T.);
#2807=ORIENTED_EDGE('',*,*,#2077,.F.);
#2808=ORIENTED_EDGE('',*,*,#2143,.F.);
#2809=ORIENTED_EDGE('',*,*,#2144,.F.);
#2810=ORIENTED_EDGE('',*,*,#2141,.F.);
#2811=ORIENTED_EDGE('',*,*,#2061,.F.);
#2812=ORIENTED_EDGE('',*,*,#2075,.F.);
#2813=ORIENTED_EDGE('',*,*,#2079,.F.);
#2814=ORIENTED_EDGE('',*,*,#2071,.F.);
#2815=ORIENTED_EDGE('',*,*,#2003,.F.);
#2816=ORIENTED_EDGE('',*,*,#2000,.F.);
#2817=ORIENTED_EDGE('',*,*,#1995,.F.);
#2818=ORIENTED_EDGE('',*,*,#2005,.F.);
#2819=ORIENTED_EDGE('',*,*,#2009,.F.);
#2820=ORIENTED_EDGE('',*,*,#2021,.F.);
#2821=ORIENTED_EDGE('',*,*,#2018,.F.);
#2822=ORIENTED_EDGE('',*,*,#2013,.F.);
#2823=ORIENTED_EDGE('',*,*,#2031,.F.);
#2824=ORIENTED_EDGE('',*,*,#2028,.F.);
#2825=ORIENTED_EDGE('',*,*,#2023,.F.);
#2826=ORIENTED_EDGE('',*,*,#2033,.F.);
#2827=ORIENTED_EDGE('',*,*,#2045,.F.);
#2828=ORIENTED_EDGE('',*,*,#2042,.F.);
#2829=ORIENTED_EDGE('',*,*,#2037,.F.);
#2830=ORIENTED_EDGE('',*,*,#2055,.F.);
#2831=ORIENTED_EDGE('',*,*,#2052,.F.);
#2832=ORIENTED_EDGE('',*,*,#2047,.F.);
#2833=ORIENTED_EDGE('',*,*,#2057,.F.);
#2834=ORIENTED_EDGE('',*,*,#2069,.F.);
#2835=ORIENTED_EDGE('',*,*,#2066,.F.);
#2836=ORIENTED_EDGE('',*,*,#1985,.F.);
#2837=ORIENTED_EDGE('',*,*,#1989,.F.);
#2838=ORIENTED_EDGE('',*,*,#1993,.F.);
#2839=ORIENTED_EDGE('',*,*,#1977,.F.);
#2840=ORIENTED_EDGE('',*,*,#1981,.F.);
#2841=ORIENTED_EDGE('',*,*,#2145,.T.);
#2842=ORIENTED_EDGE('',*,*,#1941,.T.);
#2843=ORIENTED_EDGE('',*,*,#2146,.T.);
#2844=ORIENTED_EDGE('',*,*,#2147,.T.);
#2845=ORIENTED_EDGE('',*,*,#2145,.F.);
#2846=ORIENTED_EDGE('',*,*,#2148,.T.);
#2847=ORIENTED_EDGE('',*,*,#2149,.T.);
#2848=ORIENTED_EDGE('',*,*,#1942,.T.);
#2849=ORIENTED_EDGE('',*,*,#2150,.T.);
#2850=ORIENTED_EDGE('',*,*,#1943,.T.);
#2851=ORIENTED_EDGE('',*,*,#2149,.F.);
#2852=ORIENTED_EDGE('',*,*,#2151,.T.);
#2853=ORIENTED_EDGE('',*,*,#2150,.F.);
#2854=ORIENTED_EDGE('',*,*,#2152,.T.);
#2855=ORIENTED_EDGE('',*,*,#2153,.T.);
#2856=ORIENTED_EDGE('',*,*,#1944,.T.);
#2857=ORIENTED_EDGE('',*,*,#2154,.T.);
#2858=ORIENTED_EDGE('',*,*,#1945,.T.);
#2859=ORIENTED_EDGE('',*,*,#2153,.F.);
#2860=ORIENTED_EDGE('',*,*,#2155,.T.);
#2861=ORIENTED_EDGE('',*,*,#2154,.F.);
#2862=ORIENTED_EDGE('',*,*,#2156,.T.);
#2863=ORIENTED_EDGE('',*,*,#2157,.T.);
#2864=ORIENTED_EDGE('',*,*,#1946,.T.);
#2865=ORIENTED_EDGE('',*,*,#2158,.T.);
#2866=ORIENTED_EDGE('',*,*,#1947,.T.);
#2867=ORIENTED_EDGE('',*,*,#2157,.F.);
#2868=ORIENTED_EDGE('',*,*,#2159,.T.);
#2869=ORIENTED_EDGE('',*,*,#2158,.F.);
#2870=ORIENTED_EDGE('',*,*,#2160,.T.);
#2871=ORIENTED_EDGE('',*,*,#2161,.T.);
#2872=ORIENTED_EDGE('',*,*,#1948,.T.);
#2873=ORIENTED_EDGE('',*,*,#2162,.T.);
#2874=ORIENTED_EDGE('',*,*,#1949,.T.);
#2875=ORIENTED_EDGE('',*,*,#2161,.F.);
#2876=ORIENTED_EDGE('',*,*,#2163,.T.);
#2877=ORIENTED_EDGE('',*,*,#2162,.F.);
#2878=ORIENTED_EDGE('',*,*,#2164,.T.);
#2879=ORIENTED_EDGE('',*,*,#2165,.T.);
#2880=ORIENTED_EDGE('',*,*,#1950,.T.);
#2881=ORIENTED_EDGE('',*,*,#2165,.F.);
#2882=ORIENTED_EDGE('',*,*,#2166,.T.);
#2883=ORIENTED_EDGE('',*,*,#2167,.T.);
#2884=ORIENTED_EDGE('',*,*,#1951,.T.);
#2885=ORIENTED_EDGE('',*,*,#2168,.T.);
#2886=ORIENTED_EDGE('',*,*,#1952,.T.);
#2887=ORIENTED_EDGE('',*,*,#2167,.F.);
#2888=ORIENTED_EDGE('',*,*,#2169,.T.);
#2889=ORIENTED_EDGE('',*,*,#2168,.F.);
#2890=ORIENTED_EDGE('',*,*,#2170,.T.);
#2891=ORIENTED_EDGE('',*,*,#2171,.T.);
#2892=ORIENTED_EDGE('',*,*,#1953,.T.);
#2893=ORIENTED_EDGE('',*,*,#2171,.F.);
#2894=ORIENTED_EDGE('',*,*,#2172,.T.);
#2895=ORIENTED_EDGE('',*,*,#2173,.T.);
#2896=ORIENTED_EDGE('',*,*,#1954,.T.);
#2897=ORIENTED_EDGE('',*,*,#2174,.T.);
#2898=ORIENTED_EDGE('',*,*,#1955,.T.);
#2899=ORIENTED_EDGE('',*,*,#2173,.F.);
#2900=ORIENTED_EDGE('',*,*,#2175,.T.);
#2901=ORIENTED_EDGE('',*,*,#2174,.F.);
#2902=ORIENTED_EDGE('',*,*,#2176,.T.);
#2903=ORIENTED_EDGE('',*,*,#2177,.T.);
#2904=ORIENTED_EDGE('',*,*,#1956,.T.);
#2905=ORIENTED_EDGE('',*,*,#2177,.F.);
#2906=ORIENTED_EDGE('',*,*,#2178,.T.);
#2907=ORIENTED_EDGE('',*,*,#2179,.T.);
#2908=ORIENTED_EDGE('',*,*,#1957,.T.);
#2909=ORIENTED_EDGE('',*,*,#2180,.T.);
#2910=ORIENTED_EDGE('',*,*,#1958,.T.);
#2911=ORIENTED_EDGE('',*,*,#2179,.F.);
#2912=ORIENTED_EDGE('',*,*,#2181,.T.);
#2913=ORIENTED_EDGE('',*,*,#2180,.F.);
#2914=ORIENTED_EDGE('',*,*,#2182,.T.);
#2915=ORIENTED_EDGE('',*,*,#2183,.T.);
#2916=ORIENTED_EDGE('',*,*,#1959,.T.);
#2917=ORIENTED_EDGE('',*,*,#2183,.F.);
#2918=ORIENTED_EDGE('',*,*,#2184,.T.);
#2919=ORIENTED_EDGE('',*,*,#2185,.T.);
#2920=ORIENTED_EDGE('',*,*,#1960,.T.);
#2921=ORIENTED_EDGE('',*,*,#2186,.T.);
#2922=ORIENTED_EDGE('',*,*,#1961,.T.);
#2923=ORIENTED_EDGE('',*,*,#2185,.F.);
#2924=ORIENTED_EDGE('',*,*,#2187,.T.);
#2925=ORIENTED_EDGE('',*,*,#2186,.F.);
#2926=ORIENTED_EDGE('',*,*,#2188,.T.);
#2927=ORIENTED_EDGE('',*,*,#2189,.T.);
#2928=ORIENTED_EDGE('',*,*,#1962,.T.);
#2929=ORIENTED_EDGE('',*,*,#2189,.F.);
#2930=ORIENTED_EDGE('',*,*,#2190,.T.);
#2931=ORIENTED_EDGE('',*,*,#2191,.T.);
#2932=ORIENTED_EDGE('',*,*,#1963,.T.);
#2933=ORIENTED_EDGE('',*,*,#2192,.T.);
#2934=ORIENTED_EDGE('',*,*,#1964,.T.);
#2935=ORIENTED_EDGE('',*,*,#2191,.F.);
#2936=ORIENTED_EDGE('',*,*,#2193,.T.);
#2937=ORIENTED_EDGE('',*,*,#2192,.F.);
#2938=ORIENTED_EDGE('',*,*,#2194,.T.);
#2939=ORIENTED_EDGE('',*,*,#2195,.T.);
#2940=ORIENTED_EDGE('',*,*,#1965,.T.);
#2941=ORIENTED_EDGE('',*,*,#2196,.T.);
#2942=ORIENTED_EDGE('',*,*,#1966,.T.);
#2943=ORIENTED_EDGE('',*,*,#2195,.F.);
#2944=ORIENTED_EDGE('',*,*,#2197,.T.);
#2945=ORIENTED_EDGE('',*,*,#2196,.F.);
#2946=ORIENTED_EDGE('',*,*,#2198,.T.);
#2947=ORIENTED_EDGE('',*,*,#2199,.T.);
#2948=ORIENTED_EDGE('',*,*,#1967,.T.);
#2949=ORIENTED_EDGE('',*,*,#2200,.T.);
#2950=ORIENTED_EDGE('',*,*,#1968,.T.);
#2951=ORIENTED_EDGE('',*,*,#2199,.F.);
#2952=ORIENTED_EDGE('',*,*,#2201,.T.);
#2953=ORIENTED_EDGE('',*,*,#2200,.F.);
#2954=ORIENTED_EDGE('',*,*,#2202,.T.);
#2955=ORIENTED_EDGE('',*,*,#2203,.T.);
#2956=ORIENTED_EDGE('',*,*,#1969,.T.);
#2957=ORIENTED_EDGE('',*,*,#2204,.T.);
#2958=ORIENTED_EDGE('',*,*,#1970,.T.);
#2959=ORIENTED_EDGE('',*,*,#2203,.F.);
#2960=ORIENTED_EDGE('',*,*,#2205,.T.);
#2961=ORIENTED_EDGE('',*,*,#2204,.F.);
#2962=ORIENTED_EDGE('',*,*,#2206,.T.);
#2963=ORIENTED_EDGE('',*,*,#2146,.F.);
#2964=ORIENTED_EDGE('',*,*,#1971,.T.);
#2965=ORIENTED_EDGE('',*,*,#2176,.F.);
#2966=ORIENTED_EDGE('',*,*,#2207,.T.);
#2967=ORIENTED_EDGE('',*,*,#2208,.F.);
#2968=ORIENTED_EDGE('',*,*,#2209,.F.);
#2969=ORIENTED_EDGE('',*,*,#2175,.F.);
#2970=ORIENTED_EDGE('',*,*,#2210,.F.);
#2971=ORIENTED_EDGE('',*,*,#2211,.F.);
#2972=ORIENTED_EDGE('',*,*,#2207,.F.);
#2973=ORIENTED_EDGE('',*,*,#2172,.F.);
#2974=ORIENTED_EDGE('',*,*,#2212,.T.);
#2975=ORIENTED_EDGE('',*,*,#2213,.F.);
#2976=ORIENTED_EDGE('',*,*,#2210,.T.);
#2977=ORIENTED_EDGE('',*,*,#2170,.F.);
#2978=ORIENTED_EDGE('',*,*,#2214,.T.);
#2979=ORIENTED_EDGE('',*,*,#2215,.F.);
#2980=ORIENTED_EDGE('',*,*,#2212,.F.);
#2981=ORIENTED_EDGE('',*,*,#2169,.F.);
#2982=ORIENTED_EDGE('',*,*,#2216,.F.);
#2983=ORIENTED_EDGE('',*,*,#2217,.F.);
#2984=ORIENTED_EDGE('',*,*,#2218,.F.);
#2985=ORIENTED_EDGE('',*,*,#2219,.F.);
#2986=ORIENTED_EDGE('',*,*,#2220,.F.);
#2987=ORIENTED_EDGE('',*,*,#2214,.F.);
#2988=ORIENTED_EDGE('',*,*,#2166,.F.);
#2989=ORIENTED_EDGE('',*,*,#2221,.T.);
#2990=ORIENTED_EDGE('',*,*,#2222,.T.);
#2991=ORIENTED_EDGE('',*,*,#2223,.T.);
#2992=ORIENTED_EDGE('',*,*,#2224,.F.);
#2993=ORIENTED_EDGE('',*,*,#2216,.T.);
#2994=ORIENTED_EDGE('',*,*,#2164,.F.);
#2995=ORIENTED_EDGE('',*,*,#2225,.T.);
#2996=ORIENTED_EDGE('',*,*,#2226,.F.);
#2997=ORIENTED_EDGE('',*,*,#2227,.F.);
#2998=ORIENTED_EDGE('',*,*,#2221,.F.);
#2999=ORIENTED_EDGE('',*,*,#2163,.F.);
#3000=ORIENTED_EDGE('',*,*,#2228,.F.);
#3001=ORIENTED_EDGE('',*,*,#2229,.F.);
#3002=ORIENTED_EDGE('',*,*,#2230,.T.);
#3003=ORIENTED_EDGE('',*,*,#2231,.T.);
#3004=ORIENTED_EDGE('',*,*,#2232,.T.);
#3005=ORIENTED_EDGE('',*,*,#2233,.F.);
#3006=ORIENTED_EDGE('',*,*,#2234,.T.);
#3007=ORIENTED_EDGE('',*,*,#2225,.F.);
#3008=ORIENTED_EDGE('',*,*,#2160,.F.);
#3009=ORIENTED_EDGE('',*,*,#2235,.T.);
#3010=ORIENTED_EDGE('',*,*,#2236,.F.);
#3011=ORIENTED_EDGE('',*,*,#2228,.T.);
#3012=ORIENTED_EDGE('',*,*,#2159,.F.);
#3013=ORIENTED_EDGE('',*,*,#2237,.F.);
#3014=ORIENTED_EDGE('',*,*,#2238,.F.);
#3015=ORIENTED_EDGE('',*,*,#2235,.F.);
#3016=ORIENTED_EDGE('',*,*,#2239,.F.);
#3017=ORIENTED_EDGE('',*,*,#2240,.T.);
#3018=ORIENTED_EDGE('',*,*,#2241,.F.);
#3019=ORIENTED_EDGE('',*,*,#2242,.T.);
#3020=ORIENTED_EDGE('',*,*,#2156,.F.);
#3021=ORIENTED_EDGE('',*,*,#2243,.T.);
#3022=ORIENTED_EDGE('',*,*,#2244,.F.);
#3023=ORIENTED_EDGE('',*,*,#2245,.F.);
#3024=ORIENTED_EDGE('',*,*,#2246,.F.);
#3025=ORIENTED_EDGE('',*,*,#2237,.T.);
#3026=ORIENTED_EDGE('',*,*,#2155,.F.);
#3027=ORIENTED_EDGE('',*,*,#2247,.F.);
#3028=ORIENTED_EDGE('',*,*,#2248,.F.);
#3029=ORIENTED_EDGE('',*,*,#2249,.F.);
#3030=ORIENTED_EDGE('',*,*,#2243,.F.);
#3031=ORIENTED_EDGE('',*,*,#2152,.F.);
#3032=ORIENTED_EDGE('',*,*,#2250,.T.);
#3033=ORIENTED_EDGE('',*,*,#2251,.F.);
#3034=ORIENTED_EDGE('',*,*,#2247,.T.);
#3035=ORIENTED_EDGE('',*,*,#2151,.F.);
#3036=ORIENTED_EDGE('',*,*,#2252,.F.);
#3037=ORIENTED_EDGE('',*,*,#2253,.F.);
#3038=ORIENTED_EDGE('',*,*,#2250,.F.);
#3039=ORIENTED_EDGE('',*,*,#2148,.F.);
#3040=ORIENTED_EDGE('',*,*,#2254,.T.);
#3041=ORIENTED_EDGE('',*,*,#2255,.F.);
#3042=ORIENTED_EDGE('',*,*,#2252,.T.);
#3043=ORIENTED_EDGE('',*,*,#2147,.F.);
#3044=ORIENTED_EDGE('',*,*,#2256,.F.);
#3045=ORIENTED_EDGE('',*,*,#2257,.F.);
#3046=ORIENTED_EDGE('',*,*,#2254,.F.);
#3047=ORIENTED_EDGE('',*,*,#2258,.T.);
#3048=ORIENTED_EDGE('',*,*,#2113,.T.);
#3049=ORIENTED_EDGE('',*,*,#2259,.T.);
#3050=ORIENTED_EDGE('',*,*,#2260,.T.);
#3051=ORIENTED_EDGE('',*,*,#2261,.T.);
#3052=ORIENTED_EDGE('',*,*,#2262,.T.);
#3053=ORIENTED_EDGE('',*,*,#2259,.F.);
#3054=ORIENTED_EDGE('',*,*,#2117,.T.);
#3055=ORIENTED_EDGE('',*,*,#2263,.T.);
#3056=ORIENTED_EDGE('',*,*,#2264,.T.);
#3057=ORIENTED_EDGE('',*,*,#2261,.F.);
#3058=ORIENTED_EDGE('',*,*,#2116,.T.);
#3059=ORIENTED_EDGE('',*,*,#2265,.T.);
#3060=ORIENTED_EDGE('',*,*,#2266,.T.);
#3061=ORIENTED_EDGE('',*,*,#2263,.F.);
#3062=ORIENTED_EDGE('',*,*,#2123,.T.);
#3063=ORIENTED_EDGE('',*,*,#2267,.T.);
#3064=ORIENTED_EDGE('',*,*,#2268,.T.);
#3065=ORIENTED_EDGE('',*,*,#2265,.F.);
#3066=ORIENTED_EDGE('',*,*,#2126,.T.);
#3067=ORIENTED_EDGE('',*,*,#2269,.T.);
#3068=ORIENTED_EDGE('',*,*,#2270,.T.);
#3069=ORIENTED_EDGE('',*,*,#2267,.F.);
#3070=ORIENTED_EDGE('',*,*,#2125,.T.);
#3071=ORIENTED_EDGE('',*,*,#2269,.F.);
#3072=ORIENTED_EDGE('',*,*,#2132,.T.);
#3073=ORIENTED_EDGE('',*,*,#2271,.T.);
#3074=ORIENTED_EDGE('',*,*,#2272,.T.);
#3075=ORIENTED_EDGE('',*,*,#2273,.T.);
#3076=ORIENTED_EDGE('',*,*,#2274,.T.);
#3077=ORIENTED_EDGE('',*,*,#2271,.F.);
#3078=ORIENTED_EDGE('',*,*,#2134,.T.);
#3079=ORIENTED_EDGE('',*,*,#2275,.T.);
#3080=ORIENTED_EDGE('',*,*,#2276,.T.);
#3081=ORIENTED_EDGE('',*,*,#2273,.F.);
#3082=ORIENTED_EDGE('',*,*,#2137,.T.);
#3083=ORIENTED_EDGE('',*,*,#2275,.F.);
#3084=ORIENTED_EDGE('',*,*,#2136,.T.);
#3085=ORIENTED_EDGE('',*,*,#2277,.T.);
#3086=ORIENTED_EDGE('',*,*,#2278,.T.);
#3087=ORIENTED_EDGE('',*,*,#2279,.T.);
#3088=ORIENTED_EDGE('',*,*,#2139,.T.);
#3089=ORIENTED_EDGE('',*,*,#2280,.T.);
#3090=ORIENTED_EDGE('',*,*,#2281,.T.);
#3091=ORIENTED_EDGE('',*,*,#2282,.T.);
#3092=ORIENTED_EDGE('',*,*,#2283,.T.);
#3093=ORIENTED_EDGE('',*,*,#2280,.F.);
#3094=ORIENTED_EDGE('',*,*,#2142,.T.);
#3095=ORIENTED_EDGE('',*,*,#2284,.T.);
#3096=ORIENTED_EDGE('',*,*,#2285,.T.);
#3097=ORIENTED_EDGE('',*,*,#2282,.F.);
#3098=ORIENTED_EDGE('',*,*,#2144,.T.);
#3099=ORIENTED_EDGE('',*,*,#2286,.T.);
#3100=ORIENTED_EDGE('',*,*,#2287,.T.);
#3101=ORIENTED_EDGE('',*,*,#2284,.F.);
#3102=ORIENTED_EDGE('',*,*,#2288,.T.);
#3103=ORIENTED_EDGE('',*,*,#2289,.T.);
#3104=ORIENTED_EDGE('',*,*,#2290,.T.);
#3105=ORIENTED_EDGE('',*,*,#2286,.F.);
#3106=ORIENTED_EDGE('',*,*,#2291,.T.);
#3107=ORIENTED_EDGE('',*,*,#2292,.T.);
#3108=ORIENTED_EDGE('',*,*,#2293,.T.);
#3109=ORIENTED_EDGE('',*,*,#2289,.F.);
#3110=ORIENTED_EDGE('',*,*,#2294,.T.);
#3111=ORIENTED_EDGE('',*,*,#2295,.T.);
#3112=ORIENTED_EDGE('',*,*,#2296,.T.);
#3113=ORIENTED_EDGE('',*,*,#2292,.F.);
#3114=ORIENTED_EDGE('',*,*,#2297,.T.);
#3115=ORIENTED_EDGE('',*,*,#2298,.T.);
#3116=ORIENTED_EDGE('',*,*,#2299,.T.);
#3117=ORIENTED_EDGE('',*,*,#2295,.F.);
#3118=ORIENTED_EDGE('',*,*,#2300,.T.);
#3119=ORIENTED_EDGE('',*,*,#2301,.T.);
#3120=ORIENTED_EDGE('',*,*,#2302,.T.);
#3121=ORIENTED_EDGE('',*,*,#2298,.F.);
#3122=ORIENTED_EDGE('',*,*,#2303,.T.);
#3123=ORIENTED_EDGE('',*,*,#2304,.T.);
#3124=ORIENTED_EDGE('',*,*,#2305,.T.);
#3125=ORIENTED_EDGE('',*,*,#2301,.F.);
#3126=ORIENTED_EDGE('',*,*,#2306,.T.);
#3127=ORIENTED_EDGE('',*,*,#2307,.T.);
#3128=ORIENTED_EDGE('',*,*,#2308,.T.);
#3129=ORIENTED_EDGE('',*,*,#2304,.F.);
#3130=ORIENTED_EDGE('',*,*,#2309,.T.);
#3131=ORIENTED_EDGE('',*,*,#2310,.T.);
#3132=ORIENTED_EDGE('',*,*,#2311,.T.);
#3133=ORIENTED_EDGE('',*,*,#2307,.F.);
#3134=ORIENTED_EDGE('',*,*,#2312,.T.);
#3135=ORIENTED_EDGE('',*,*,#2313,.T.);
#3136=ORIENTED_EDGE('',*,*,#2314,.T.);
#3137=ORIENTED_EDGE('',*,*,#2310,.F.);
#3138=ORIENTED_EDGE('',*,*,#2315,.T.);
#3139=ORIENTED_EDGE('',*,*,#2316,.T.);
#3140=ORIENTED_EDGE('',*,*,#2317,.T.);
#3141=ORIENTED_EDGE('',*,*,#2313,.F.);
#3142=ORIENTED_EDGE('',*,*,#2318,.T.);
#3143=ORIENTED_EDGE('',*,*,#2319,.T.);
#3144=ORIENTED_EDGE('',*,*,#2320,.T.);
#3145=ORIENTED_EDGE('',*,*,#2316,.F.);
#3146=ORIENTED_EDGE('',*,*,#2321,.T.);
#3147=ORIENTED_EDGE('',*,*,#2322,.T.);
#3148=ORIENTED_EDGE('',*,*,#2323,.T.);
#3149=ORIENTED_EDGE('',*,*,#2319,.F.);
#3150=ORIENTED_EDGE('',*,*,#2324,.T.);
#3151=ORIENTED_EDGE('',*,*,#2325,.T.);
#3152=ORIENTED_EDGE('',*,*,#2326,.T.);
#3153=ORIENTED_EDGE('',*,*,#2322,.F.);
#3154=ORIENTED_EDGE('',*,*,#2327,.T.);
#3155=ORIENTED_EDGE('',*,*,#2328,.T.);
#3156=ORIENTED_EDGE('',*,*,#2329,.T.);
#3157=ORIENTED_EDGE('',*,*,#2325,.F.);
#3158=ORIENTED_EDGE('',*,*,#2330,.T.);
#3159=ORIENTED_EDGE('',*,*,#2331,.T.);
#3160=ORIENTED_EDGE('',*,*,#2332,.T.);
#3161=ORIENTED_EDGE('',*,*,#2328,.F.);
#3162=ORIENTED_EDGE('',*,*,#2333,.T.);
#3163=ORIENTED_EDGE('',*,*,#2334,.T.);
#3164=ORIENTED_EDGE('',*,*,#2335,.T.);
#3165=ORIENTED_EDGE('',*,*,#2331,.F.);
#3166=ORIENTED_EDGE('',*,*,#2336,.T.);
#3167=ORIENTED_EDGE('',*,*,#2337,.T.);
#3168=ORIENTED_EDGE('',*,*,#2338,.T.);
#3169=ORIENTED_EDGE('',*,*,#2334,.F.);
#3170=ORIENTED_EDGE('',*,*,#2339,.T.);
#3171=ORIENTED_EDGE('',*,*,#2340,.T.);
#3172=ORIENTED_EDGE('',*,*,#2341,.T.);
#3173=ORIENTED_EDGE('',*,*,#2337,.F.);
#3174=ORIENTED_EDGE('',*,*,#2092,.T.);
#3175=ORIENTED_EDGE('',*,*,#2342,.T.);
#3176=ORIENTED_EDGE('',*,*,#2343,.T.);
#3177=ORIENTED_EDGE('',*,*,#2340,.F.);
#3178=ORIENTED_EDGE('',*,*,#2098,.T.);
#3179=ORIENTED_EDGE('',*,*,#2344,.T.);
#3180=ORIENTED_EDGE('',*,*,#2345,.T.);
#3181=ORIENTED_EDGE('',*,*,#2342,.F.);
#3182=ORIENTED_EDGE('',*,*,#2097,.T.);
#3183=ORIENTED_EDGE('',*,*,#2346,.T.);
#3184=ORIENTED_EDGE('',*,*,#2347,.T.);
#3185=ORIENTED_EDGE('',*,*,#2344,.F.);
#3186=ORIENTED_EDGE('',*,*,#2096,.T.);
#3187=ORIENTED_EDGE('',*,*,#2348,.T.);
#3188=ORIENTED_EDGE('',*,*,#2349,.T.);
#3189=ORIENTED_EDGE('',*,*,#2346,.F.);
#3190=ORIENTED_EDGE('',*,*,#2095,.T.);
#3191=ORIENTED_EDGE('',*,*,#2350,.T.);
#3192=ORIENTED_EDGE('',*,*,#2351,.T.);
#3193=ORIENTED_EDGE('',*,*,#2348,.F.);
#3194=ORIENTED_EDGE('',*,*,#2100,.T.);
#3195=ORIENTED_EDGE('',*,*,#2352,.T.);
#3196=ORIENTED_EDGE('',*,*,#2353,.T.);
#3197=ORIENTED_EDGE('',*,*,#2350,.F.);
#3198=ORIENTED_EDGE('',*,*,#2102,.T.);
#3199=ORIENTED_EDGE('',*,*,#2354,.T.);
#3200=ORIENTED_EDGE('',*,*,#2355,.T.);
#3201=ORIENTED_EDGE('',*,*,#2352,.F.);
#3202=ORIENTED_EDGE('',*,*,#2104,.T.);
#3203=ORIENTED_EDGE('',*,*,#2356,.T.);
#3204=ORIENTED_EDGE('',*,*,#2357,.T.);
#3205=ORIENTED_EDGE('',*,*,#2354,.F.);
#3206=ORIENTED_EDGE('',*,*,#2106,.T.);
#3207=ORIENTED_EDGE('',*,*,#2358,.T.);
#3208=ORIENTED_EDGE('',*,*,#2359,.T.);
#3209=ORIENTED_EDGE('',*,*,#2356,.F.);
#3210=ORIENTED_EDGE('',*,*,#2108,.T.);
#3211=ORIENTED_EDGE('',*,*,#2360,.T.);
#3212=ORIENTED_EDGE('',*,*,#2361,.T.);
#3213=ORIENTED_EDGE('',*,*,#2358,.F.);
#3214=ORIENTED_EDGE('',*,*,#2111,.T.);
#3215=ORIENTED_EDGE('',*,*,#2362,.T.);
#3216=ORIENTED_EDGE('',*,*,#2363,.T.);
#3217=ORIENTED_EDGE('',*,*,#2360,.F.);
#3218=ORIENTED_EDGE('',*,*,#2110,.T.);
#3219=ORIENTED_EDGE('',*,*,#2279,.F.);
#3220=ORIENTED_EDGE('',*,*,#2364,.T.);
#3221=ORIENTED_EDGE('',*,*,#2277,.F.);
#3222=ORIENTED_EDGE('',*,*,#2140,.T.);
#3223=ORIENTED_EDGE('',*,*,#2258,.F.);
#3224=ORIENTED_EDGE('',*,*,#2365,.T.);
#3225=ORIENTED_EDGE('',*,*,#2362,.F.);
#3226=ORIENTED_EDGE('',*,*,#2114,.T.);
#3227=ORIENTED_EDGE('',*,*,#2345,.F.);
#3228=ORIENTED_EDGE('',*,*,#2366,.T.);
#3229=ORIENTED_EDGE('',*,*,#2367,.F.);
#3230=ORIENTED_EDGE('',*,*,#2368,.T.);
#3231=ORIENTED_EDGE('',*,*,#2347,.F.);
#3232=ORIENTED_EDGE('',*,*,#2369,.T.);
#3233=ORIENTED_EDGE('',*,*,#2370,.F.);
#3234=ORIENTED_EDGE('',*,*,#2371,.F.);
#3235=ORIENTED_EDGE('',*,*,#2366,.F.);
#3236=ORIENTED_EDGE('',*,*,#2349,.F.);
#3237=ORIENTED_EDGE('',*,*,#2351,.F.);
#3238=ORIENTED_EDGE('',*,*,#2353,.F.);
#3239=ORIENTED_EDGE('',*,*,#2355,.F.);
#3240=ORIENTED_EDGE('',*,*,#2357,.F.);
#3241=ORIENTED_EDGE('',*,*,#2359,.F.);
#3242=ORIENTED_EDGE('',*,*,#2361,.F.);
#3243=ORIENTED_EDGE('',*,*,#2372,.F.);
#3244=ORIENTED_EDGE('',*,*,#2373,.F.);
#3245=ORIENTED_EDGE('',*,*,#2374,.F.);
#3246=ORIENTED_EDGE('',*,*,#2375,.F.);
#3247=ORIENTED_EDGE('',*,*,#2376,.F.);
#3248=ORIENTED_EDGE('',*,*,#2377,.F.);
#3249=ORIENTED_EDGE('',*,*,#2378,.F.);
#3250=ORIENTED_EDGE('',*,*,#2379,.F.);
#3251=ORIENTED_EDGE('',*,*,#2369,.F.);
#3252=ORIENTED_EDGE('',*,*,#2363,.F.);
#3253=ORIENTED_EDGE('',*,*,#2365,.F.);
#3254=ORIENTED_EDGE('',*,*,#2380,.F.);
#3255=ORIENTED_EDGE('',*,*,#2381,.F.);
#3256=ORIENTED_EDGE('',*,*,#2382,.F.);
#3257=ORIENTED_EDGE('',*,*,#2372,.T.);
#3258=ORIENTED_EDGE('',*,*,#2260,.F.);
#3259=ORIENTED_EDGE('',*,*,#2262,.F.);
#3260=ORIENTED_EDGE('',*,*,#2383,.T.);
#3261=ORIENTED_EDGE('',*,*,#2384,.F.);
#3262=ORIENTED_EDGE('',*,*,#2380,.T.);
#3263=ORIENTED_EDGE('',*,*,#2264,.F.);
#3264=ORIENTED_EDGE('',*,*,#2266,.F.);
#3265=ORIENTED_EDGE('',*,*,#2268,.F.);
#3266=ORIENTED_EDGE('',*,*,#2385,.F.);
#3267=ORIENTED_EDGE('',*,*,#2386,.F.);
#3268=ORIENTED_EDGE('',*,*,#2387,.F.);
#3269=ORIENTED_EDGE('',*,*,#2388,.T.);
#3270=ORIENTED_EDGE('',*,*,#2389,.F.);
#3271=ORIENTED_EDGE('',*,*,#2390,.F.);
#3272=ORIENTED_EDGE('',*,*,#2391,.F.);
#3273=ORIENTED_EDGE('',*,*,#2392,.F.);
#3274=ORIENTED_EDGE('',*,*,#2383,.F.);
#3275=ORIENTED_EDGE('',*,*,#2270,.F.);
#3276=ORIENTED_EDGE('',*,*,#2272,.F.);
#3277=ORIENTED_EDGE('',*,*,#2274,.F.);
#3278=ORIENTED_EDGE('',*,*,#2276,.F.);
#3279=ORIENTED_EDGE('',*,*,#2393,.T.);
#3280=ORIENTED_EDGE('',*,*,#2394,.F.);
#3281=ORIENTED_EDGE('',*,*,#2385,.T.);
#3282=ORIENTED_EDGE('',*,*,#2278,.F.);
#3283=ORIENTED_EDGE('',*,*,#2364,.F.);
#3284=ORIENTED_EDGE('',*,*,#2395,.T.);
#3285=ORIENTED_EDGE('',*,*,#2396,.F.);
#3286=ORIENTED_EDGE('',*,*,#2393,.F.);
#3287=ORIENTED_EDGE('',*,*,#2025,.F.);
#3288=ORIENTED_EDGE('',*,*,#2093,.F.);
#3289=ORIENTED_EDGE('',*,*,#2339,.F.);
#3290=ORIENTED_EDGE('',*,*,#2397,.F.);
#3291=ORIENTED_EDGE('',*,*,#2085,.F.);
#3292=ORIENTED_EDGE('',*,*,#2397,.T.);
#3293=ORIENTED_EDGE('',*,*,#2336,.F.);
#3294=ORIENTED_EDGE('',*,*,#2398,.T.);
#3295=ORIENTED_EDGE('',*,*,#2035,.F.);
#3296=ORIENTED_EDGE('',*,*,#2398,.F.);
#3297=ORIENTED_EDGE('',*,*,#2333,.F.);
#3298=ORIENTED_EDGE('',*,*,#2399,.F.);
#3299=ORIENTED_EDGE('',*,*,#2084,.F.);
#3300=ORIENTED_EDGE('',*,*,#2399,.T.);
#3301=ORIENTED_EDGE('',*,*,#2330,.F.);
#3302=ORIENTED_EDGE('',*,*,#2400,.T.);
#3303=ORIENTED_EDGE('',*,*,#2044,.F.);
#3304=ORIENTED_EDGE('',*,*,#2400,.F.);
#3305=ORIENTED_EDGE('',*,*,#2327,.F.);
#3306=ORIENTED_EDGE('',*,*,#2401,.F.);
#3307=ORIENTED_EDGE('',*,*,#2041,.F.);
#3308=ORIENTED_EDGE('',*,*,#2401,.T.);
#3309=ORIENTED_EDGE('',*,*,#2324,.F.);
#3310=ORIENTED_EDGE('',*,*,#2402,.T.);
#3311=ORIENTED_EDGE('',*,*,#2039,.F.);
#3312=ORIENTED_EDGE('',*,*,#2402,.F.);
#3313=ORIENTED_EDGE('',*,*,#2321,.F.);
#3314=ORIENTED_EDGE('',*,*,#2403,.F.);
#3315=ORIENTED_EDGE('',*,*,#2083,.F.);
#3316=ORIENTED_EDGE('',*,*,#2403,.T.);
#3317=ORIENTED_EDGE('',*,*,#2318,.F.);
#3318=ORIENTED_EDGE('',*,*,#2404,.T.);
#3319=ORIENTED_EDGE('',*,*,#2054,.F.);
#3320=ORIENTED_EDGE('',*,*,#2404,.F.);
#3321=ORIENTED_EDGE('',*,*,#2315,.F.);
#3322=ORIENTED_EDGE('',*,*,#2405,.F.);
#3323=ORIENTED_EDGE('',*,*,#2051,.F.);
#3324=ORIENTED_EDGE('',*,*,#2405,.T.);
#3325=ORIENTED_EDGE('',*,*,#2312,.F.);
#3326=ORIENTED_EDGE('',*,*,#2406,.T.);
#3327=ORIENTED_EDGE('',*,*,#2049,.F.);
#3328=ORIENTED_EDGE('',*,*,#2406,.F.);
#3329=ORIENTED_EDGE('',*,*,#2309,.F.);
#3330=ORIENTED_EDGE('',*,*,#2407,.F.);
#3331=ORIENTED_EDGE('',*,*,#2082,.F.);
#3332=ORIENTED_EDGE('',*,*,#2407,.T.);
#3333=ORIENTED_EDGE('',*,*,#2306,.F.);
#3334=ORIENTED_EDGE('',*,*,#2408,.T.);
#3335=ORIENTED_EDGE('',*,*,#2059,.F.);
#3336=ORIENTED_EDGE('',*,*,#2408,.F.);
#3337=ORIENTED_EDGE('',*,*,#2303,.F.);
#3338=ORIENTED_EDGE('',*,*,#2409,.F.);
#3339=ORIENTED_EDGE('',*,*,#2081,.F.);
#3340=ORIENTED_EDGE('',*,*,#2409,.T.);
#3341=ORIENTED_EDGE('',*,*,#2300,.F.);
#3342=ORIENTED_EDGE('',*,*,#2410,.T.);
#3343=ORIENTED_EDGE('',*,*,#2068,.F.);
#3344=ORIENTED_EDGE('',*,*,#2410,.F.);
#3345=ORIENTED_EDGE('',*,*,#2297,.F.);
#3346=ORIENTED_EDGE('',*,*,#2411,.F.);
#3347=ORIENTED_EDGE('',*,*,#2065,.F.);
#3348=ORIENTED_EDGE('',*,*,#2411,.T.);
#3349=ORIENTED_EDGE('',*,*,#2294,.F.);
#3350=ORIENTED_EDGE('',*,*,#2412,.T.);
#3351=ORIENTED_EDGE('',*,*,#2063,.F.);
#3352=ORIENTED_EDGE('',*,*,#2412,.F.);
#3353=ORIENTED_EDGE('',*,*,#2291,.F.);
#3354=ORIENTED_EDGE('',*,*,#2413,.F.);
#3355=ORIENTED_EDGE('',*,*,#2080,.F.);
#3356=ORIENTED_EDGE('',*,*,#2413,.T.);
#3357=ORIENTED_EDGE('',*,*,#2288,.F.);
#3358=ORIENTED_EDGE('',*,*,#2143,.T.);
#3359=ORIENTED_EDGE('',*,*,#2414,.T.);
#3360=ORIENTED_EDGE('',*,*,#2387,.T.);
#3361=ORIENTED_EDGE('',*,*,#2415,.T.);
#3362=ORIENTED_EDGE('',*,*,#2224,.T.);
#3363=ORIENTED_EDGE('',*,*,#2416,.T.);
#3364=ORIENTED_EDGE('',*,*,#2217,.T.);
#3365=ORIENTED_EDGE('',*,*,#2415,.F.);
#3366=ORIENTED_EDGE('',*,*,#2386,.T.);
#3367=ORIENTED_EDGE('',*,*,#2417,.T.);
#3368=ORIENTED_EDGE('',*,*,#2218,.T.);
#3369=ORIENTED_EDGE('',*,*,#2416,.F.);
#3370=ORIENTED_EDGE('',*,*,#2394,.T.);
#3371=ORIENTED_EDGE('',*,*,#2418,.T.);
#3372=ORIENTED_EDGE('',*,*,#2419,.T.);
#3373=ORIENTED_EDGE('',*,*,#2420,.T.);
#3374=ORIENTED_EDGE('',*,*,#2220,.T.);
#3375=ORIENTED_EDGE('',*,*,#2421,.T.);
#3376=ORIENTED_EDGE('',*,*,#2215,.T.);
#3377=ORIENTED_EDGE('',*,*,#2420,.F.);
#3378=ORIENTED_EDGE('',*,*,#2422,.T.);
#3379=ORIENTED_EDGE('',*,*,#2423,.T.);
#3380=ORIENTED_EDGE('',*,*,#2213,.T.);
#3381=ORIENTED_EDGE('',*,*,#2421,.F.);
#3382=ORIENTED_EDGE('',*,*,#2424,.T.);
#3383=ORIENTED_EDGE('',*,*,#2425,.T.);
#3384=ORIENTED_EDGE('',*,*,#2211,.T.);
#3385=ORIENTED_EDGE('',*,*,#2423,.F.);
#3386=ORIENTED_EDGE('',*,*,#2426,.T.);
#3387=ORIENTED_EDGE('',*,*,#2427,.T.);
#3388=ORIENTED_EDGE('',*,*,#2208,.T.);
#3389=ORIENTED_EDGE('',*,*,#2425,.F.);
#3390=ORIENTED_EDGE('',*,*,#2428,.T.);
#3391=ORIENTED_EDGE('',*,*,#2429,.T.);
#3392=ORIENTED_EDGE('',*,*,#2430,.T.);
#3393=ORIENTED_EDGE('',*,*,#2427,.F.);
#3394=ORIENTED_EDGE('',*,*,#2431,.T.);
#3395=ORIENTED_EDGE('',*,*,#2432,.T.);
#3396=ORIENTED_EDGE('',*,*,#2433,.T.);
#3397=ORIENTED_EDGE('',*,*,#2429,.F.);
#3398=ORIENTED_EDGE('',*,*,#2434,.T.);
#3399=ORIENTED_EDGE('',*,*,#2435,.T.);
#3400=ORIENTED_EDGE('',*,*,#2436,.T.);
#3401=ORIENTED_EDGE('',*,*,#2432,.F.);
#3402=ORIENTED_EDGE('',*,*,#2437,.T.);
#3403=ORIENTED_EDGE('',*,*,#2438,.T.);
#3404=ORIENTED_EDGE('',*,*,#2439,.T.);
#3405=ORIENTED_EDGE('',*,*,#2435,.F.);
#3406=ORIENTED_EDGE('',*,*,#2440,.T.);
#3407=ORIENTED_EDGE('',*,*,#2441,.T.);
#3408=ORIENTED_EDGE('',*,*,#2442,.T.);
#3409=ORIENTED_EDGE('',*,*,#2438,.F.);
#3410=ORIENTED_EDGE('',*,*,#2443,.T.);
#3411=ORIENTED_EDGE('',*,*,#2444,.T.);
#3412=ORIENTED_EDGE('',*,*,#2445,.T.);
#3413=ORIENTED_EDGE('',*,*,#2441,.F.);
#3414=ORIENTED_EDGE('',*,*,#2446,.T.);
#3415=ORIENTED_EDGE('',*,*,#2447,.T.);
#3416=ORIENTED_EDGE('',*,*,#2448,.T.);
#3417=ORIENTED_EDGE('',*,*,#2444,.F.);
#3418=ORIENTED_EDGE('',*,*,#2449,.T.);
#3419=ORIENTED_EDGE('',*,*,#2450,.T.);
#3420=ORIENTED_EDGE('',*,*,#2451,.T.);
#3421=ORIENTED_EDGE('',*,*,#2447,.F.);
#3422=ORIENTED_EDGE('',*,*,#2452,.T.);
#3423=ORIENTED_EDGE('',*,*,#2453,.T.);
#3424=ORIENTED_EDGE('',*,*,#2454,.T.);
#3425=ORIENTED_EDGE('',*,*,#2450,.F.);
#3426=ORIENTED_EDGE('',*,*,#2455,.T.);
#3427=ORIENTED_EDGE('',*,*,#2456,.T.);
#3428=ORIENTED_EDGE('',*,*,#2457,.T.);
#3429=ORIENTED_EDGE('',*,*,#2453,.F.);
#3430=ORIENTED_EDGE('',*,*,#2458,.T.);
#3431=ORIENTED_EDGE('',*,*,#2459,.T.);
#3432=ORIENTED_EDGE('',*,*,#2460,.T.);
#3433=ORIENTED_EDGE('',*,*,#2456,.F.);
#3434=ORIENTED_EDGE('',*,*,#2461,.T.);
#3435=ORIENTED_EDGE('',*,*,#2462,.T.);
#3436=ORIENTED_EDGE('',*,*,#2463,.T.);
#3437=ORIENTED_EDGE('',*,*,#2459,.F.);
#3438=ORIENTED_EDGE('',*,*,#2464,.T.);
#3439=ORIENTED_EDGE('',*,*,#2465,.T.);
#3440=ORIENTED_EDGE('',*,*,#2466,.T.);
#3441=ORIENTED_EDGE('',*,*,#2462,.F.);
#3442=ORIENTED_EDGE('',*,*,#2467,.T.);
#3443=ORIENTED_EDGE('',*,*,#2468,.T.);
#3444=ORIENTED_EDGE('',*,*,#2469,.T.);
#3445=ORIENTED_EDGE('',*,*,#2465,.F.);
#3446=ORIENTED_EDGE('',*,*,#2367,.T.);
#3447=ORIENTED_EDGE('',*,*,#2468,.F.);
#3448=ORIENTED_EDGE('',*,*,#2371,.T.);
#3449=ORIENTED_EDGE('',*,*,#2470,.T.);
#3450=ORIENTED_EDGE('',*,*,#2471,.T.);
#3451=ORIENTED_EDGE('',*,*,#2472,.T.);
#3452=ORIENTED_EDGE('',*,*,#2473,.T.);
#3453=ORIENTED_EDGE('',*,*,#2470,.F.);
#3454=ORIENTED_EDGE('',*,*,#2370,.T.);
#3455=ORIENTED_EDGE('',*,*,#2474,.T.);
#3456=ORIENTED_EDGE('',*,*,#2475,.T.);
#3457=ORIENTED_EDGE('',*,*,#2472,.F.);
#3458=ORIENTED_EDGE('',*,*,#2379,.T.);
#3459=ORIENTED_EDGE('',*,*,#2476,.T.);
#3460=ORIENTED_EDGE('',*,*,#2477,.T.);
#3461=ORIENTED_EDGE('',*,*,#2474,.F.);
#3462=ORIENTED_EDGE('',*,*,#2378,.T.);
#3463=ORIENTED_EDGE('',*,*,#2478,.T.);
#3464=ORIENTED_EDGE('',*,*,#2257,.T.);
#3465=ORIENTED_EDGE('',*,*,#2476,.F.);
#3466=ORIENTED_EDGE('',*,*,#2377,.T.);
#3467=ORIENTED_EDGE('',*,*,#2479,.T.);
#3468=ORIENTED_EDGE('',*,*,#2255,.T.);
#3469=ORIENTED_EDGE('',*,*,#2478,.F.);
#3470=ORIENTED_EDGE('',*,*,#2376,.T.);
#3471=ORIENTED_EDGE('',*,*,#2480,.T.);
#3472=ORIENTED_EDGE('',*,*,#2253,.T.);
#3473=ORIENTED_EDGE('',*,*,#2479,.F.);
#3474=ORIENTED_EDGE('',*,*,#2375,.T.);
#3475=ORIENTED_EDGE('',*,*,#2481,.T.);
#3476=ORIENTED_EDGE('',*,*,#2251,.T.);
#3477=ORIENTED_EDGE('',*,*,#2480,.F.);
#3478=ORIENTED_EDGE('',*,*,#2374,.T.);
#3479=ORIENTED_EDGE('',*,*,#2482,.T.);
#3480=ORIENTED_EDGE('',*,*,#2248,.T.);
#3481=ORIENTED_EDGE('',*,*,#2481,.F.);
#3482=ORIENTED_EDGE('',*,*,#2373,.T.);
#3483=ORIENTED_EDGE('',*,*,#2483,.T.);
#3484=ORIENTED_EDGE('',*,*,#2249,.T.);
#3485=ORIENTED_EDGE('',*,*,#2482,.F.);
#3486=ORIENTED_EDGE('',*,*,#2382,.T.);
#3487=ORIENTED_EDGE('',*,*,#2418,.F.);
#3488=ORIENTED_EDGE('',*,*,#2219,.T.);
#3489=ORIENTED_EDGE('',*,*,#2417,.F.);
#3490=ORIENTED_EDGE('',*,*,#2396,.T.);
#3491=ORIENTED_EDGE('',*,*,#2484,.T.);
#3492=ORIENTED_EDGE('',*,*,#2245,.T.);
#3493=ORIENTED_EDGE('',*,*,#2485,.T.);
#3494=ORIENTED_EDGE('',*,*,#2384,.T.);
#3495=ORIENTED_EDGE('',*,*,#2486,.T.);
#3496=ORIENTED_EDGE('',*,*,#2246,.T.);
#3497=ORIENTED_EDGE('',*,*,#2484,.F.);
#3498=ORIENTED_EDGE('',*,*,#2392,.T.);
#3499=ORIENTED_EDGE('',*,*,#2487,.T.);
#3500=ORIENTED_EDGE('',*,*,#2238,.T.);
#3501=ORIENTED_EDGE('',*,*,#2486,.F.);
#3502=ORIENTED_EDGE('',*,*,#2391,.T.);
#3503=ORIENTED_EDGE('',*,*,#2488,.T.);
#3504=ORIENTED_EDGE('',*,*,#2236,.T.);
#3505=ORIENTED_EDGE('',*,*,#2487,.F.);
#3506=ORIENTED_EDGE('',*,*,#2390,.T.);
#3507=ORIENTED_EDGE('',*,*,#2489,.T.);
#3508=ORIENTED_EDGE('',*,*,#2229,.T.);
#3509=ORIENTED_EDGE('',*,*,#2488,.F.);
#3510=ORIENTED_EDGE('',*,*,#2389,.T.);
#3511=ORIENTED_EDGE('',*,*,#2485,.F.);
#3512=ORIENTED_EDGE('',*,*,#2244,.T.);
#3513=ORIENTED_EDGE('',*,*,#2483,.F.);
#3514=ORIENTED_EDGE('',*,*,#2381,.T.);
#3515=ORIENTED_EDGE('',*,*,#2178,.F.);
#3516=ORIENTED_EDGE('',*,*,#2209,.T.);
#3517=ORIENTED_EDGE('',*,*,#2430,.F.);
#3518=ORIENTED_EDGE('',*,*,#2490,.T.);
#3519=ORIENTED_EDGE('',*,*,#2181,.F.);
#3520=ORIENTED_EDGE('',*,*,#2490,.F.);
#3521=ORIENTED_EDGE('',*,*,#2433,.F.);
#3522=ORIENTED_EDGE('',*,*,#2491,.F.);
#3523=ORIENTED_EDGE('',*,*,#2182,.F.);
#3524=ORIENTED_EDGE('',*,*,#2491,.T.);
#3525=ORIENTED_EDGE('',*,*,#2436,.F.);
#3526=ORIENTED_EDGE('',*,*,#2492,.T.);
#3527=ORIENTED_EDGE('',*,*,#2184,.F.);
#3528=ORIENTED_EDGE('',*,*,#2492,.F.);
#3529=ORIENTED_EDGE('',*,*,#2439,.F.);
#3530=ORIENTED_EDGE('',*,*,#2493,.T.);
#3531=ORIENTED_EDGE('',*,*,#2187,.F.);
#3532=ORIENTED_EDGE('',*,*,#2493,.F.);
#3533=ORIENTED_EDGE('',*,*,#2442,.F.);
#3534=ORIENTED_EDGE('',*,*,#2494,.F.);
#3535=ORIENTED_EDGE('',*,*,#2188,.F.);
#3536=ORIENTED_EDGE('',*,*,#2494,.T.);
#3537=ORIENTED_EDGE('',*,*,#2445,.F.);
#3538=ORIENTED_EDGE('',*,*,#2495,.T.);
#3539=ORIENTED_EDGE('',*,*,#2190,.F.);
#3540=ORIENTED_EDGE('',*,*,#2495,.F.);
#3541=ORIENTED_EDGE('',*,*,#2448,.F.);
#3542=ORIENTED_EDGE('',*,*,#2496,.T.);
#3543=ORIENTED_EDGE('',*,*,#2193,.F.);
#3544=ORIENTED_EDGE('',*,*,#2496,.F.);
#3545=ORIENTED_EDGE('',*,*,#2451,.F.);
#3546=ORIENTED_EDGE('',*,*,#2497,.F.);
#3547=ORIENTED_EDGE('',*,*,#2194,.F.);
#3548=ORIENTED_EDGE('',*,*,#2497,.T.);
#3549=ORIENTED_EDGE('',*,*,#2454,.F.);
#3550=ORIENTED_EDGE('',*,*,#2498,.T.);
#3551=ORIENTED_EDGE('',*,*,#2197,.F.);
#3552=ORIENTED_EDGE('',*,*,#2498,.F.);
#3553=ORIENTED_EDGE('',*,*,#2457,.F.);
#3554=ORIENTED_EDGE('',*,*,#2499,.F.);
#3555=ORIENTED_EDGE('',*,*,#2198,.F.);
#3556=ORIENTED_EDGE('',*,*,#2499,.T.);
#3557=ORIENTED_EDGE('',*,*,#2460,.F.);
#3558=ORIENTED_EDGE('',*,*,#2500,.T.);
#3559=ORIENTED_EDGE('',*,*,#2201,.F.);
#3560=ORIENTED_EDGE('',*,*,#2500,.F.);
#3561=ORIENTED_EDGE('',*,*,#2463,.F.);
#3562=ORIENTED_EDGE('',*,*,#2501,.F.);
#3563=ORIENTED_EDGE('',*,*,#2202,.F.);
#3564=ORIENTED_EDGE('',*,*,#2501,.T.);
#3565=ORIENTED_EDGE('',*,*,#2466,.F.);
#3566=ORIENTED_EDGE('',*,*,#2469,.F.);
#3567=ORIENTED_EDGE('',*,*,#2471,.F.);
#3568=ORIENTED_EDGE('',*,*,#2502,.T.);
#3569=ORIENTED_EDGE('',*,*,#2205,.F.);
#3570=ORIENTED_EDGE('',*,*,#2502,.F.);
#3571=ORIENTED_EDGE('',*,*,#2473,.F.);
#3572=ORIENTED_EDGE('',*,*,#2475,.F.);
#3573=ORIENTED_EDGE('',*,*,#2503,.F.);
#3574=ORIENTED_EDGE('',*,*,#2206,.F.);
#3575=ORIENTED_EDGE('',*,*,#2503,.T.);
#3576=ORIENTED_EDGE('',*,*,#2477,.F.);
#3577=ORIENTED_EDGE('',*,*,#2256,.T.);
#3578=ORIENTED_EDGE('',*,*,#2343,.F.);
#3579=ORIENTED_EDGE('',*,*,#2368,.F.);
#3580=ORIENTED_EDGE('',*,*,#2467,.F.);
#3581=ORIENTED_EDGE('',*,*,#2464,.F.);
#3582=ORIENTED_EDGE('',*,*,#2461,.F.);
#3583=ORIENTED_EDGE('',*,*,#2458,.F.);
#3584=ORIENTED_EDGE('',*,*,#2455,.F.);
#3585=ORIENTED_EDGE('',*,*,#2452,.F.);
#3586=ORIENTED_EDGE('',*,*,#2449,.F.);
#3587=ORIENTED_EDGE('',*,*,#2446,.F.);
#3588=ORIENTED_EDGE('',*,*,#2443,.F.);
#3589=ORIENTED_EDGE('',*,*,#2440,.F.);
#3590=ORIENTED_EDGE('',*,*,#2437,.F.);
#3591=ORIENTED_EDGE('',*,*,#2434,.F.);
#3592=ORIENTED_EDGE('',*,*,#2431,.F.);
#3593=ORIENTED_EDGE('',*,*,#2428,.F.);
#3594=ORIENTED_EDGE('',*,*,#2426,.F.);
#3595=ORIENTED_EDGE('',*,*,#2424,.F.);
#3596=ORIENTED_EDGE('',*,*,#2422,.F.);
#3597=ORIENTED_EDGE('',*,*,#2419,.F.);
#3598=ORIENTED_EDGE('',*,*,#2395,.F.);
#3599=ORIENTED_EDGE('',*,*,#2281,.F.);
#3600=ORIENTED_EDGE('',*,*,#2283,.F.);
#3601=ORIENTED_EDGE('',*,*,#2285,.F.);
#3602=ORIENTED_EDGE('',*,*,#2287,.F.);
#3603=ORIENTED_EDGE('',*,*,#2290,.F.);
#3604=ORIENTED_EDGE('',*,*,#2293,.F.);
#3605=ORIENTED_EDGE('',*,*,#2296,.F.);
#3606=ORIENTED_EDGE('',*,*,#2299,.F.);
#3607=ORIENTED_EDGE('',*,*,#2302,.F.);
#3608=ORIENTED_EDGE('',*,*,#2305,.F.);
#3609=ORIENTED_EDGE('',*,*,#2308,.F.);
#3610=ORIENTED_EDGE('',*,*,#2311,.F.);
#3611=ORIENTED_EDGE('',*,*,#2314,.F.);
#3612=ORIENTED_EDGE('',*,*,#2317,.F.);
#3613=ORIENTED_EDGE('',*,*,#2320,.F.);
#3614=ORIENTED_EDGE('',*,*,#2323,.F.);
#3615=ORIENTED_EDGE('',*,*,#2326,.F.);
#3616=ORIENTED_EDGE('',*,*,#2329,.F.);
#3617=ORIENTED_EDGE('',*,*,#2332,.F.);
#3618=ORIENTED_EDGE('',*,*,#2335,.F.);
#3619=ORIENTED_EDGE('',*,*,#2338,.F.);
#3620=ORIENTED_EDGE('',*,*,#2341,.F.);
#3621=ORIENTED_EDGE('',*,*,#2128,.T.);
#3622=ORIENTED_EDGE('',*,*,#2504,.T.);
#3623=ORIENTED_EDGE('',*,*,#2233,.T.);
#3624=ORIENTED_EDGE('',*,*,#2505,.T.);
#3625=ORIENTED_EDGE('',*,*,#2504,.F.);
#3626=ORIENTED_EDGE('',*,*,#2127,.F.);
#3627=ORIENTED_EDGE('',*,*,#2506,.F.);
#3628=ORIENTED_EDGE('',*,*,#2226,.T.);
#3629=ORIENTED_EDGE('',*,*,#2234,.F.);
#3630=ORIENTED_EDGE('',*,*,#2222,.F.);
#3631=ORIENTED_EDGE('',*,*,#2227,.T.);
#3632=ORIENTED_EDGE('',*,*,#2506,.T.);
#3633=ORIENTED_EDGE('',*,*,#2130,.T.);
#3634=ORIENTED_EDGE('',*,*,#2507,.T.);
#3635=ORIENTED_EDGE('',*,*,#2231,.F.);
#3636=ORIENTED_EDGE('',*,*,#2508,.T.);
#3637=ORIENTED_EDGE('',*,*,#2505,.F.);
#3638=ORIENTED_EDGE('',*,*,#2232,.F.);
#3639=ORIENTED_EDGE('',*,*,#2507,.F.);
#3640=ORIENTED_EDGE('',*,*,#2129,.F.);
#3641=ORIENTED_EDGE('',*,*,#2509,.F.);
#3642=ORIENTED_EDGE('',*,*,#2121,.F.);
#3643=ORIENTED_EDGE('',*,*,#2510,.F.);
#3644=ORIENTED_EDGE('',*,*,#2240,.F.);
#3645=ORIENTED_EDGE('',*,*,#2241,.T.);
#3646=ORIENTED_EDGE('',*,*,#2510,.T.);
#3647=ORIENTED_EDGE('',*,*,#2120,.T.);
#3648=ORIENTED_EDGE('',*,*,#2511,.T.);
#3649=ORIENTED_EDGE('',*,*,#2239,.T.);
#3650=ORIENTED_EDGE('',*,*,#2512,.T.);
#3651=ORIENTED_EDGE('',*,*,#2118,.T.);
#3652=ORIENTED_EDGE('',*,*,#2509,.T.);
#3653=ORIENTED_EDGE('',*,*,#2511,.F.);
#3654=ORIENTED_EDGE('',*,*,#2119,.F.);
#3655=ORIENTED_EDGE('',*,*,#2512,.F.);
#3656=ORIENTED_EDGE('',*,*,#2242,.F.);
#3657=ORIENTED_EDGE('',*,*,#2414,.F.);
#3658=ORIENTED_EDGE('',*,*,#2223,.F.);
#3659=ORIENTED_EDGE('',*,*,#2508,.F.);
#3660=ORIENTED_EDGE('',*,*,#2230,.F.);
#3661=ORIENTED_EDGE('',*,*,#2489,.F.);
#3662=ORIENTED_EDGE('',*,*,#2388,.F.);
#3663=CONICAL_SURFACE('',#3950,1.75,0.785398163397448);
#3664=CONICAL_SURFACE('',#3978,1.75,0.785398163397448);
#3665=CONICAL_SURFACE('',#3982,1.75,0.785398163397446);
#3666=CONICAL_SURFACE('',#3986,1.75,0.785398163397448);
#3667=CONICAL_SURFACE('',#3990,1.75,0.785398163397448);
#3668=CONICAL_SURFACE('',#4127,5.2,0.785398163397447);
#3669=CONICAL_SURFACE('',#4130,3.7,0.785398163397449);
#3670=CONICAL_SURFACE('',#4133,3.7,0.785398163397447);
#3671=CONICAL_SURFACE('',#4136,3.7,0.785398163397447);
#3672=CONICAL_SURFACE('',#4139,5.2,0.785398163397448);
#3673=CONICAL_SURFACE('',#4141,3.7,0.785398163397448);
#3674=CONICAL_SURFACE('',#4144,5.2,0.78539816339745);
#3675=CONICAL_SURFACE('',#4146,3.7,0.785398163397447);
#3676=CONICAL_SURFACE('',#4149,5.2,0.785398163397448);
#3677=CONICAL_SURFACE('',#4151,3.7,0.785398163397448);
#3678=CONICAL_SURFACE('',#4154,3.7,0.785398163397448);
#3679=CONICAL_SURFACE('',#4156,5.2,0.785398163397448);
#3680=CONICAL_SURFACE('',#4159,3.7,0.785398163397447);
#3681=CONICAL_SURFACE('',#4161,5.2,0.785398163397447);
#3682=CONICAL_SURFACE('',#4164,3.7,0.785398163397447);
#3683=CONICAL_SURFACE('',#4167,3.7,0.785398163397448);
#3684=CONICAL_SURFACE('',#4170,5.2,0.785398163397447);
#3685=CONICAL_SURFACE('',#4173,3.7,0.785398163397447);
#3686=ADVANCED_FACE('',(#284),#3663,.F.);
#3687=ADVANCED_FACE('',(#285,#217,#218,#219,#220,#221),#230,.T.);
#3688=ADVANCED_FACE('',(#286),#115,.F.);
#3689=ADVANCED_FACE('',(#287),#3664,.F.);
#3690=ADVANCED_FACE('',(#288),#116,.F.);
#3691=ADVANCED_FACE('',(#289),#3665,.F.);
#3692=ADVANCED_FACE('',(#290),#117,.F.);
#3693=ADVANCED_FACE('',(#291),#3666,.F.);
#3694=ADVANCED_FACE('',(#292),#118,.F.);
#3695=ADVANCED_FACE('',(#293),#3667,.F.);
#3696=ADVANCED_FACE('',(#294),#119,.F.);
#3697=ADVANCED_FACE('',(#295),#120,.F.);
#3698=ADVANCED_FACE('',(#296),#73,.F.);
#3699=ADVANCED_FACE('',(#297),#121,.F.);
#3700=ADVANCED_FACE('',(#298),#122,.F.);
#3701=ADVANCED_FACE('',(#299),#123,.F.);
#3702=ADVANCED_FACE('',(#300),#124,.F.);
#3703=ADVANCED_FACE('',(#301),#74,.F.);
#3704=ADVANCED_FACE('',(#302),#125,.F.);
#3705=ADVANCED_FACE('',(#303),#126,.F.);
#3706=ADVANCED_FACE('',(#304),#75,.F.);
#3707=ADVANCED_FACE('',(#305),#127,.F.);
#3708=ADVANCED_FACE('',(#306),#128,.F.);
#3709=ADVANCED_FACE('',(#307),#129,.F.);
#3710=ADVANCED_FACE('',(#308),#76,.F.);
#3711=ADVANCED_FACE('',(#309),#130,.F.);
#3712=ADVANCED_FACE('',(#310),#131,.F.);
#3713=ADVANCED_FACE('',(#311),#77,.F.);
#3714=ADVANCED_FACE('',(#312),#132,.F.);
#3715=ADVANCED_FACE('',(#313),#133,.F.);
#3716=ADVANCED_FACE('',(#314),#134,.F.);
#3717=ADVANCED_FACE('',(#315),#78,.F.);
#3718=ADVANCED_FACE('',(#316),#135,.F.);
#3719=ADVANCED_FACE('',(#317),#136,.F.);
#3720=ADVANCED_FACE('',(#318),#137,.F.);
#3721=ADVANCED_FACE('',(#319),#79,.F.);
#3722=ADVANCED_FACE('',(#320),#62,.F.);
#3723=ADVANCED_FACE('',(#321),#63,.F.);
#3724=ADVANCED_FACE('',(#322),#64,.F.);
#3725=ADVANCED_FACE('',(#323),#65,.F.);
#3726=ADVANCED_FACE('',(#324),#66,.F.);
#3727=ADVANCED_FACE('',(#325),#67,.F.);
#3728=ADVANCED_FACE('',(#326),#68,.F.);
#3729=ADVANCED_FACE('',(#327),#69,.F.);
#3730=ADVANCED_FACE('',(#328),#70,.F.);
#3731=ADVANCED_FACE('',(#329),#71,.F.);
#3732=ADVANCED_FACE('',(#330),#72,.F.);
#3733=ADVANCED_FACE('',(#331),#138,.T.);
#3734=ADVANCED_FACE('',(#332),#231,.F.);
#3735=ADVANCED_FACE('',(#333),#139,.F.);
#3736=ADVANCED_FACE('',(#334),#232,.F.);
#3737=ADVANCED_FACE('',(#335),#140,.T.);
#3738=ADVANCED_FACE('',(#336),#233,.F.);
#3739=ADVANCED_FACE('',(#337),#141,.F.);
#3740=ADVANCED_FACE('',(#338),#234,.F.);
#3741=ADVANCED_FACE('',(#339),#142,.F.);
#3742=ADVANCED_FACE('',(#340,#222),#235,.F.);
#3743=ADVANCED_FACE('',(#341),#143,.F.);
#3744=ADVANCED_FACE('',(#342,#223),#236,.F.);
#3745=ADVANCED_FACE('',(#343),#144,.T.);
#3746=ADVANCED_FACE('',(#344),#237,.F.);
#3747=ADVANCED_FACE('',(#345),#145,.F.);
#3748=ADVANCED_FACE('',(#346),#238,.F.);
#3749=ADVANCED_FACE('',(#347),#146,.T.);
#3750=ADVANCED_FACE('',(#348),#239,.F.);
#3751=ADVANCED_FACE('',(#349,#224,#225,#226,#227,#228),#240,.T.);
#3752=ADVANCED_FACE('',(#350),#241,.T.);
#3753=ADVANCED_FACE('',(#351),#3668,.F.);
#3754=ADVANCED_FACE('',(#352),#242,.T.);
#3755=ADVANCED_FACE('',(#353),#3669,.T.);
#3756=ADVANCED_FACE('',(#354),#243,.T.);
#3757=ADVANCED_FACE('',(#355),#3670,.T.);
#3758=ADVANCED_FACE('',(#356),#244,.T.);
#3759=ADVANCED_FACE('',(#357),#3671,.T.);
#3760=ADVANCED_FACE('',(#358),#245,.T.);
#3761=ADVANCED_FACE('',(#359),#3672,.F.);
#3762=ADVANCED_FACE('',(#360),#3673,.T.);
#3763=ADVANCED_FACE('',(#361),#246,.T.);
#3764=ADVANCED_FACE('',(#362),#3674,.F.);
#3765=ADVANCED_FACE('',(#363),#3675,.T.);
#3766=ADVANCED_FACE('',(#364),#247,.T.);
#3767=ADVANCED_FACE('',(#365),#3676,.F.);
#3768=ADVANCED_FACE('',(#366),#3677,.T.);
#3769=ADVANCED_FACE('',(#367),#248,.T.);
#3770=ADVANCED_FACE('',(#368),#3678,.T.);
#3771=ADVANCED_FACE('',(#369),#3679,.F.);
#3772=ADVANCED_FACE('',(#370),#249,.T.);
#3773=ADVANCED_FACE('',(#371),#3680,.T.);
#3774=ADVANCED_FACE('',(#372),#3681,.F.);
#3775=ADVANCED_FACE('',(#373),#250,.T.);
#3776=ADVANCED_FACE('',(#374),#3682,.T.);
#3777=ADVANCED_FACE('',(#375),#251,.T.);
#3778=ADVANCED_FACE('',(#376),#3683,.T.);
#3779=ADVANCED_FACE('',(#377),#252,.T.);
#3780=ADVANCED_FACE('',(#378),#3684,.F.);
#3781=ADVANCED_FACE('',(#379),#253,.T.);
#3782=ADVANCED_FACE('',(#380),#3685,.T.);
#3783=ADVANCED_FACE('',(#381),#147,.F.);
#3784=ADVANCED_FACE('',(#382),#254,.T.);
#3785=ADVANCED_FACE('',(#383),#148,.T.);
#3786=ADVANCED_FACE('',(#384),#149,.F.);
#3787=ADVANCED_FACE('',(#385),#255,.T.);
#3788=ADVANCED_FACE('',(#386),#150,.T.);
#3789=ADVANCED_FACE('',(#387),#151,.F.);
#3790=ADVANCED_FACE('',(#388),#256,.T.);
#3791=ADVANCED_FACE('',(#389),#152,.T.);
#3792=ADVANCED_FACE('',(#390,#229),#257,.T.);
#3793=ADVANCED_FACE('',(#391),#153,.T.);
#3794=ADVANCED_FACE('',(#392),#258,.T.);
#3795=ADVANCED_FACE('',(#393),#154,.T.);
#3796=ADVANCED_FACE('',(#394),#259,.T.);
#3797=ADVANCED_FACE('',(#395),#155,.F.);
#3798=ADVANCED_FACE('',(#396),#260,.T.);
#3799=ADVANCED_FACE('',(#397),#29,.F.);
#3800=ADVANCED_FACE('',(#398),#30,.F.);
#3801=ADVANCED_FACE('',(#399),#156,.T.);
#3802=ADVANCED_FACE('',(#400),#80,.T.);
#3803=ADVANCED_FACE('',(#401),#157,.T.);
#3804=ADVANCED_FACE('',(#402),#81,.T.);
#3805=ADVANCED_FACE('',(#403),#31,.F.);
#3806=ADVANCED_FACE('',(#404),#158,.T.);
#3807=ADVANCED_FACE('',(#405),#32,.F.);
#3808=ADVANCED_FACE('',(#406),#33,.F.);
#3809=ADVANCED_FACE('',(#407),#159,.T.);
#3810=ADVANCED_FACE('',(#408),#23,.F.);
#3811=ADVANCED_FACE('',(#409),#160,.T.);
#3812=ADVANCED_FACE('',(#410),#82,.T.);
#3813=ADVANCED_FACE('',(#411),#161,.T.);
#3814=ADVANCED_FACE('',(#412),#24,.F.);
#3815=ADVANCED_FACE('',(#413),#162,.T.);
#3816=ADVANCED_FACE('',(#414),#83,.T.);
#3817=ADVANCED_FACE('',(#415),#163,.T.);
#3818=ADVANCED_FACE('',(#416),#84,.T.);
#3819=ADVANCED_FACE('',(#417),#164,.T.);
#3820=ADVANCED_FACE('',(#418),#25,.F.);
#3821=ADVANCED_FACE('',(#419),#165,.T.);
#3822=ADVANCED_FACE('',(#420),#85,.T.);
#3823=ADVANCED_FACE('',(#421),#166,.T.);
#3824=ADVANCED_FACE('',(#422),#26,.F.);
#3825=ADVANCED_FACE('',(#423),#167,.T.);
#3826=ADVANCED_FACE('',(#424),#86,.T.);
#3827=ADVANCED_FACE('',(#425),#168,.T.);
#3828=ADVANCED_FACE('',(#426),#87,.T.);
#3829=ADVANCED_FACE('',(#427),#169,.T.);
#3830=ADVANCED_FACE('',(#428),#27,.F.);
#3831=ADVANCED_FACE('',(#429),#170,.T.);
#3832=ADVANCED_FACE('',(#430),#88,.T.);
#3833=ADVANCED_FACE('',(#431),#89,.T.);
#3834=ADVANCED_FACE('',(#432),#171,.T.);
#3835=ADVANCED_FACE('',(#433),#90,.T.);
#3836=ADVANCED_FACE('',(#434),#172,.T.);
#3837=ADVANCED_FACE('',(#435),#28,.F.);
#3838=ADVANCED_FACE('',(#436),#173,.T.);
#3839=ADVANCED_FACE('',(#437),#91,.T.);
#3840=ADVANCED_FACE('',(#438),#174,.T.);
#3841=ADVANCED_FACE('',(#439),#92,.T.);
#3842=ADVANCED_FACE('',(#440),#93,.T.);
#3843=ADVANCED_FACE('',(#441),#34,.F.);
#3844=ADVANCED_FACE('',(#442),#175,.T.);
#3845=ADVANCED_FACE('',(#443),#176,.F.);
#3846=ADVANCED_FACE('',(#444),#261,.F.);
#3847=ADVANCED_FACE('',(#445),#177,.F.);
#3848=ADVANCED_FACE('',(#446),#178,.T.);
#3849=ADVANCED_FACE('',(#447),#262,.T.);
#3850=ADVANCED_FACE('',(#448),#179,.T.);
#3851=ADVANCED_FACE('',(#449),#180,.F.);
#3852=ADVANCED_FACE('',(#450),#263,.F.);
#3853=ADVANCED_FACE('',(#451),#181,.F.);
#3854=ADVANCED_FACE('',(#452),#264,.F.);
#3855=ADVANCED_FACE('',(#453),#182,.F.);
#3856=ADVANCED_FACE('',(#454),#265,.F.);
#3857=ADVANCED_FACE('',(#455),#183,.T.);
#3858=ADVANCED_FACE('',(#456),#266,.F.);
#3859=ADVANCED_FACE('',(#457),#184,.F.);
#3860=ADVANCED_FACE('',(#458),#267,.F.);
#3861=ADVANCED_FACE('',(#459),#185,.T.);
#3862=ADVANCED_FACE('',(#460),#268,.F.);
#3863=ADVANCED_FACE('',(#461),#186,.F.);
#3864=ADVANCED_FACE('',(#462),#269,.F.);
#3865=ADVANCED_FACE('',(#463),#187,.F.);
#3866=ADVANCED_FACE('',(#464),#270,.F.);
#3867=ADVANCED_FACE('',(#465),#188,.T.);
#3868=ADVANCED_FACE('',(#466),#271,.F.);
#3869=ADVANCED_FACE('',(#467),#189,.F.);
#3870=ADVANCED_FACE('',(#468),#94,.T.);
#3871=ADVANCED_FACE('',(#469),#190,.T.);
#3872=ADVANCED_FACE('',(#470),#95,.T.);
#3873=ADVANCED_FACE('',(#471),#191,.T.);
#3874=ADVANCED_FACE('',(#472),#96,.T.);
#3875=ADVANCED_FACE('',(#473),#97,.T.);
#3876=ADVANCED_FACE('',(#474),#192,.T.);
#3877=ADVANCED_FACE('',(#475),#98,.T.);
#3878=ADVANCED_FACE('',(#476),#99,.T.);
#3879=ADVANCED_FACE('',(#477),#193,.T.);
#3880=ADVANCED_FACE('',(#478),#100,.T.);
#3881=ADVANCED_FACE('',(#479),#101,.T.);
#3882=ADVANCED_FACE('',(#480),#194,.T.);
#3883=ADVANCED_FACE('',(#481),#102,.T.);
#3884=ADVANCED_FACE('',(#482),#103,.T.);
#3885=ADVANCED_FACE('',(#483),#195,.T.);
#3886=ADVANCED_FACE('',(#484),#104,.T.);
#3887=ADVANCED_FACE('',(#485),#196,.T.);
#3888=ADVANCED_FACE('',(#486),#105,.T.);
#3889=ADVANCED_FACE('',(#487),#197,.T.);
#3890=ADVANCED_FACE('',(#488),#106,.T.);
#3891=ADVANCED_FACE('',(#489),#35,.F.);
#3892=ADVANCED_FACE('',(#490),#36,.F.);
#3893=ADVANCED_FACE('',(#491),#107,.T.);
#3894=ADVANCED_FACE('',(#492),#198,.T.);
#3895=ADVANCED_FACE('',(#493),#108,.T.);
#3896=ADVANCED_FACE('',(#494),#199,.T.);
#3897=ADVANCED_FACE('',(#495),#109,.T.);
#3898=ADVANCED_FACE('',(#496),#200,.T.);
#3899=ADVANCED_FACE('',(#497),#110,.T.);
#3900=ADVANCED_FACE('',(#498),#201,.T.);
#3901=ADVANCED_FACE('',(#499),#111,.T.);
#3902=ADVANCED_FACE('',(#500),#112,.T.);
#3903=ADVANCED_FACE('',(#501),#37,.F.);
#3904=ADVANCED_FACE('',(#502),#113,.T.);
#3905=ADVANCED_FACE('',(#503),#202,.T.);
#3906=ADVANCED_FACE('',(#504),#114,.T.);
#3907=ADVANCED_FACE('',(#505),#203,.T.);
#3908=ADVANCED_FACE('',(#506),#38,.F.);
#3909=ADVANCED_FACE('',(#507),#204,.T.);
#3910=ADVANCED_FACE('',(#508),#272,.T.);
#3911=ADVANCED_FACE('',(#509),#205,.T.);
#3912=ADVANCED_FACE('',(#510),#206,.F.);
#3913=ADVANCED_FACE('',(#511),#273,.T.);
#3914=ADVANCED_FACE('',(#512),#207,.T.);
#3915=ADVANCED_FACE('',(#513),#208,.F.);
#3916=ADVANCED_FACE('',(#514),#274,.T.);
#3917=ADVANCED_FACE('',(#515),#209,.T.);
#3918=ADVANCED_FACE('',(#516),#275,.T.);
#3919=ADVANCED_FACE('',(#517),#210,.T.);
#3920=ADVANCED_FACE('',(#518),#276,.T.);
#3921=ADVANCED_FACE('',(#519),#211,.F.);
#3922=ADVANCED_FACE('',(#520),#277,.T.);
#3923=ADVANCED_FACE('',(#521),#212,.T.);
#3924=ADVANCED_FACE('',(#522),#278,.F.);
#3925=ADVANCED_FACE('',(#523),#213,.F.);
#3926=ADVANCED_FACE('',(#524),#279,.F.);
#3927=ADVANCED_FACE('',(#525),#214,.F.);
#3928=ADVANCED_FACE('',(#526),#280,.F.);
#3929=ADVANCED_FACE('',(#527),#281,.F.);
#3930=ADVANCED_FACE('',(#528),#215,.F.);
#3931=ADVANCED_FACE('',(#529),#216,.F.);
#3932=ADVANCED_FACE('',(#530),#282,.F.);
#3933=ADVANCED_FACE('',(#531),#283,.T.);
#3934=CLOSED_SHELL('',(#3686,#3687,#3688,#3689,#3690,#3691,#3692,#3693,
#3694,#3695,#3696,#3697,#3698,#3699,#3700,#3701,#3702,#3703,#3704,#3705,
#3706,#3707,#3708,#3709,#3710,#3711,#3712,#3713,#3714,#3715,#3716,#3717,
#3718,#3719,#3720,#3721,#3722,#3723,#3724,#3725,#3726,#3727,#3728,#3729,
#3730,#3731,#3732,#3733,#3734,#3735,#3736,#3737,#3738,#3739,#3740,#3741,
#3742,#3743,#3744,#3745,#3746,#3747,#3748,#3749,#3750,#3751,#3752,#3753,
#3754,#3755,#3756,#3757,#3758,#3759,#3760,#3761,#3762,#3763,#3764,#3765,
#3766,#3767,#3768,#3769,#3770,#3771,#3772,#3773,#3774,#3775,#3776,#3777,
#3778,#3779,#3780,#3781,#3782,#3783,#3784,#3785,#3786,#3787,#3788,#3789,
#3790,#3791,#3792,#3793,#3794,#3795,#3796,#3797,#3798,#3799,#3800,#3801,
#3802,#3803,#3804,#3805,#3806,#3807,#3808,#3809,#3810,#3811,#3812,#3813,
#3814,#3815,#3816,#3817,#3818,#3819,#3820,#3821,#3822,#3823,#3824,#3825,
#3826,#3827,#3828,#3829,#3830,#3831,#3832,#3833,#3834,#3835,#3836,#3837,
#3838,#3839,#3840,#3841,#3842,#3843,#3844,#3845,#3846,#3847,#3848,#3849,
#3850,#3851,#3852,#3853,#3854,#3855,#3856,#3857,#3858,#3859,#3860,#3861,
#3862,#3863,#3864,#3865,#3866,#3867,#3868,#3869,#3870,#3871,#3872,#3873,
#3874,#3875,#3876,#3877,#3878,#3879,#3880,#3881,#3882,#3883,#3884,#3885,
#3886,#3887,#3888,#3889,#3890,#3891,#3892,#3893,#3894,#3895,#3896,#3897,
#3898,#3899,#3900,#3901,#3902,#3903,#3904,#3905,#3906,#3907,#3908,#3909,
#3910,#3911,#3912,#3913,#3914,#3915,#3916,#3917,#3918,#3919,#3920,#3921,
#3922,#3923,#3924,#3925,#3926,#3927,#3928,#3929,#3930,#3931,#3932,#3933));
#3935=DERIVED_UNIT_ELEMENT(#3937,1.);
#3936=DERIVED_UNIT_ELEMENT(#7313,-3.);
#3937=(
MASS_UNIT()
NAMED_UNIT(*)
SI_UNIT(.KILO.,.GRAM.)
);
#3938=DERIVED_UNIT((#3935,#3936));
#3939=MEASURE_REPRESENTATION_ITEM('density measure',
POSITIVE_RATIO_MEASURE(7850.),#3938);
#3940=PROPERTY_DEFINITION_REPRESENTATION(#3945,#3942);
#3941=PROPERTY_DEFINITION_REPRESENTATION(#3946,#3943);
#3942=REPRESENTATION('material name',(#3944),#7310);
#3943=REPRESENTATION('density',(#3939),#7310);
#3944=DESCRIPTIVE_REPRESENTATION_ITEM('Steel','Steel');
#3945=PROPERTY_DEFINITION('material property','material name',#7330);
#3946=PROPERTY_DEFINITION('material property','density of part',#7330);
#3947=AXIS2_PLACEMENT_3D('',#5790,#4473,#4474);
#3948=AXIS2_PLACEMENT_3D('',#5791,#4475,#4476);
#3949=AXIS2_PLACEMENT_3D('',#5792,#4477,#4478);
#3950=AXIS2_PLACEMENT_3D('',#5793,#4479,#4480);
#3951=AXIS2_PLACEMENT_3D('',#5795,#4481,#4482);
#3952=AXIS2_PLACEMENT_3D('',#5798,#4484,#4485);
#3953=AXIS2_PLACEMENT_3D('',#5799,#4486,#4487);
#3954=AXIS2_PLACEMENT_3D('',#5804,#4489,#4490);
#3955=AXIS2_PLACEMENT_3D('',#5808,#4492,#4493);
#3956=AXIS2_PLACEMENT_3D('',#5812,#4495,#4496);
#3957=AXIS2_PLACEMENT_3D('',#5816,#4498,#4499);
#3958=AXIS2_PLACEMENT_3D('',#5820,#4501,#4502);
#3959=AXIS2_PLACEMENT_3D('',#5822,#4503,#4504);
#3960=AXIS2_PLACEMENT_3D('',#5826,#4506,#4507);
#3961=AXIS2_PLACEMENT_3D('',#5828,#4508,#4509);
#3962=AXIS2_PLACEMENT_3D('',#5832,#4511,#4512);
#3963=AXIS2_PLACEMENT_3D('',#5834,#4513,#4514);
#3964=AXIS2_PLACEMENT_3D('',#5838,#4516,#4517);
#3965=AXIS2_PLACEMENT_3D('',#5840,#4518,#4519);
#3966=AXIS2_PLACEMENT_3D('',#5844,#4521,#4522);
#3967=AXIS2_PLACEMENT_3D('',#5846,#4523,#4524);
#3968=AXIS2_PLACEMENT_3D('',#5850,#4526,#4527);
#3969=AXIS2_PLACEMENT_3D('',#5854,#4529,#4530);
#3970=AXIS2_PLACEMENT_3D('',#5858,#4532,#4533);
#3971=AXIS2_PLACEMENT_3D('',#5861,#4535,#4536);
#3972=AXIS2_PLACEMENT_3D('',#5863,#4537,#4538);
#3973=AXIS2_PLACEMENT_3D('',#5865,#4539,#4540);
#3974=AXIS2_PLACEMENT_3D('',#5867,#4541,#4542);
#3975=AXIS2_PLACEMENT_3D('',#5869,#4543,#4544);
#3976=AXIS2_PLACEMENT_3D('',#5870,#4545,#4546);
#3977=AXIS2_PLACEMENT_3D('',#5873,#4548,#4549);
#3978=AXIS2_PLACEMENT_3D('',#5874,#4550,#4551);
#3979=AXIS2_PLACEMENT_3D('',#5877,#4553,#4554);
#3980=AXIS2_PLACEMENT_3D('',#5878,#4555,#4556);
#3981=AXIS2_PLACEMENT_3D('',#5881,#4558,#4559);
#3982=AXIS2_PLACEMENT_3D('',#5882,#4560,#4561);
#3983=AXIS2_PLACEMENT_3D('',#5885,#4563,#4564);
#3984=AXIS2_PLACEMENT_3D('',#5886,#4565,#4566);
#3985=AXIS2_PLACEMENT_3D('',#5889,#4568,#4569);
#3986=AXIS2_PLACEMENT_3D('',#5890,#4570,#4571);
#3987=AXIS2_PLACEMENT_3D('',#5893,#4573,#4574);
#3988=AXIS2_PLACEMENT_3D('',#5894,#4575,#4576);
#3989=AXIS2_PLACEMENT_3D('',#5897,#4578,#4579);
#3990=AXIS2_PLACEMENT_3D('',#5898,#4580,#4581);
#3991=AXIS2_PLACEMENT_3D('',#5901,#4583,#4584);
#3992=AXIS2_PLACEMENT_3D('',#5902,#4585,#4586);
#3993=AXIS2_PLACEMENT_3D('',#5905,#4588,#4589);
#3994=AXIS2_PLACEMENT_3D('',#5906,#4590,#4591);
#3995=AXIS2_PLACEMENT_3D('',#5909,#4592,#4593);
#3996=AXIS2_PLACEMENT_3D('',#5913,#4595,#4596);
#3997=AXIS2_PLACEMENT_3D('',#5915,#4598,#4599);
#3998=AXIS2_PLACEMENT_3D('',#5918,#4600,#4601);
#3999=AXIS2_PLACEMENT_3D('',#5919,#4602,#4603);
#4000=AXIS2_PLACEMENT_3D('',#5920,#4604,#4605);
#4001=AXIS2_PLACEMENT_3D('',#5921,#4606,#4607);
#4002=AXIS2_PLACEMENT_3D('',#5924,#4608,#4609);
#4003=AXIS2_PLACEMENT_3D('',#5927,#4612,#4613);
#4004=AXIS2_PLACEMENT_3D('',#5930,#4614,#4615);
#4005=AXIS2_PLACEMENT_3D('',#5933,#4617,#4618);
#4006=AXIS2_PLACEMENT_3D('',#5935,#4620,#4621);
#4007=AXIS2_PLACEMENT_3D('',#5938,#4622,#4623);
#4008=AXIS2_PLACEMENT_3D('',#5941,#4625,#4626);
#4009=AXIS2_PLACEMENT_3D('',#5943,#4628,#4629);
#4010=AXIS2_PLACEMENT_3D('',#5946,#4630,#4631);
#4011=AXIS2_PLACEMENT_3D('',#5950,#4633,#4634);
#4012=AXIS2_PLACEMENT_3D('',#5952,#4636,#4637);
#4013=AXIS2_PLACEMENT_3D('',#5955,#4638,#4639);
#4014=AXIS2_PLACEMENT_3D('',#5956,#4640,#4641);
#4015=AXIS2_PLACEMENT_3D('',#5957,#4642,#4643);
#4016=AXIS2_PLACEMENT_3D('',#5958,#4644,#4645);
#4017=AXIS2_PLACEMENT_3D('',#5960,#4646,#4647);
#4018=AXIS2_PLACEMENT_3D('',#5963,#4650,#4651);
#4019=AXIS2_PLACEMENT_3D('',#5966,#4652,#4653);
#4020=AXIS2_PLACEMENT_3D('',#5970,#4655,#4656);
#4021=AXIS2_PLACEMENT_3D('',#5972,#4658,#4659);
#4022=AXIS2_PLACEMENT_3D('',#5975,#4660,#4661);
#4023=AXIS2_PLACEMENT_3D('',#5976,#4662,#4663);
#4024=AXIS2_PLACEMENT_3D('',#5977,#4664,#4665);
#4025=AXIS2_PLACEMENT_3D('',#5978,#4666,#4667);
#4026=AXIS2_PLACEMENT_3D('',#5980,#4668,#4669);
#4027=AXIS2_PLACEMENT_3D('',#5983,#4672,#4673);
#4028=AXIS2_PLACEMENT_3D('',#5986,#4674,#4675);
#4029=AXIS2_PLACEMENT_3D('',#5989,#4677,#4678);
#4030=AXIS2_PLACEMENT_3D('',#5991,#4680,#4681);
#4031=AXIS2_PLACEMENT_3D('',#5994,#4682,#4683);
#4032=AXIS2_PLACEMENT_3D('',#5998,#4685,#4686);
#4033=AXIS2_PLACEMENT_3D('',#6000,#4688,#4689);
#4034=AXIS2_PLACEMENT_3D('',#6003,#4690,#4691);
#4035=AXIS2_PLACEMENT_3D('',#6004,#4692,#4693);
#4036=AXIS2_PLACEMENT_3D('',#6005,#4694,#4695);
#4037=AXIS2_PLACEMENT_3D('',#6006,#4696,#4697);
#4038=AXIS2_PLACEMENT_3D('',#6008,#4698,#4699);
#4039=AXIS2_PLACEMENT_3D('',#6011,#4702,#4703);
#4040=AXIS2_PLACEMENT_3D('',#6014,#4704,#4705);
#4041=AXIS2_PLACEMENT_3D('',#6018,#4707,#4708);
#4042=AXIS2_PLACEMENT_3D('',#6020,#4710,#4711);
#4043=AXIS2_PLACEMENT_3D('',#6023,#4712,#4713);
#4044=AXIS2_PLACEMENT_3D('',#6024,#4714,#4715);
#4045=AXIS2_PLACEMENT_3D('',#6025,#4716,#4717);
#4046=AXIS2_PLACEMENT_3D('',#6026,#4718,#4719);
#4047=AXIS2_PLACEMENT_3D('',#6028,#4720,#4721);
#4048=AXIS2_PLACEMENT_3D('',#6031,#4724,#4725);
#4049=AXIS2_PLACEMENT_3D('',#6034,#4726,#4727);
#4050=AXIS2_PLACEMENT_3D('',#6037,#4729,#4730);
#4051=AXIS2_PLACEMENT_3D('',#6039,#4732,#4733);
#4052=AXIS2_PLACEMENT_3D('',#6042,#4734,#4735);
#4053=AXIS2_PLACEMENT_3D('',#6046,#4737,#4738);
#4054=AXIS2_PLACEMENT_3D('',#6048,#4740,#4741);
#4055=AXIS2_PLACEMENT_3D('',#6051,#4742,#4743);
#4056=AXIS2_PLACEMENT_3D('',#6052,#4744,#4745);
#4057=AXIS2_PLACEMENT_3D('',#6053,#4746,#4747);
#4058=AXIS2_PLACEMENT_3D('',#6054,#4748,#4749);
#4059=AXIS2_PLACEMENT_3D('',#6056,#4750,#4751);
#4060=AXIS2_PLACEMENT_3D('',#6059,#4754,#4755);
#4061=AXIS2_PLACEMENT_3D('',#6061,#4756,#4757);
#4062=AXIS2_PLACEMENT_3D('',#6065,#4759,#4760);
#4063=AXIS2_PLACEMENT_3D('',#6067,#4762,#4763);
#4064=AXIS2_PLACEMENT_3D('',#6070,#4764,#4765);
#4065=AXIS2_PLACEMENT_3D('',#6073,#4767,#4768);
#4066=AXIS2_PLACEMENT_3D('',#6075,#4770,#4771);
#4067=AXIS2_PLACEMENT_3D('',#6076,#4772,#4773);
#4068=AXIS2_PLACEMENT_3D('',#6077,#4774,#4775);
#4069=AXIS2_PLACEMENT_3D('',#6078,#4776,#4777);
#4070=AXIS2_PLACEMENT_3D('',#6079,#4778,#4779);
#4071=AXIS2_PLACEMENT_3D('',#6080,#4780,#4781);
#4072=AXIS2_PLACEMENT_3D('',#6081,#4782,#4783);
#4073=AXIS2_PLACEMENT_3D('',#6082,#4784,#4785);
#4074=AXIS2_PLACEMENT_3D('',#6083,#4786,#4787);
#4075=AXIS2_PLACEMENT_3D('',#6084,#4788,#4789);
#4076=AXIS2_PLACEMENT_3D('',#6085,#4790,#4791);
#4077=AXIS2_PLACEMENT_3D('',#6086,#4792,#4793);
#4078=AXIS2_PLACEMENT_3D('',#6087,#4794,#4795);
#4079=AXIS2_PLACEMENT_3D('',#6088,#4796,#4797);
#4080=AXIS2_PLACEMENT_3D('',#6089,#4798,#4799);
#4081=AXIS2_PLACEMENT_3D('',#6090,#4800,#4801);
#4082=AXIS2_PLACEMENT_3D('',#6091,#4802,#4803);
#4083=AXIS2_PLACEMENT_3D('',#6092,#4804,#4805);
#4084=AXIS2_PLACEMENT_3D('',#6093,#4806,#4807);
#4085=AXIS2_PLACEMENT_3D('',#6094,#4808,#4809);
#4086=AXIS2_PLACEMENT_3D('',#6095,#4810,#4811);
#4087=AXIS2_PLACEMENT_3D('',#6096,#4812,#4813);
#4088=AXIS2_PLACEMENT_3D('',#6097,#4814,#4815);
#4089=AXIS2_PLACEMENT_3D('',#6098,#4816,#4817);
#4090=AXIS2_PLACEMENT_3D('',#6099,#4818,#4819);
#4091=AXIS2_PLACEMENT_3D('',#6100,#4820,#4821);
#4092=AXIS2_PLACEMENT_3D('',#6104,#4823,#4824);
#4093=AXIS2_PLACEMENT_3D('',#6106,#4826,#4827);
#4094=AXIS2_PLACEMENT_3D('',#6112,#4830,#4831);
#4095=AXIS2_PLACEMENT_3D('',#6114,#4832,#4833);
#4096=AXIS2_PLACEMENT_3D('',#6116,#4835,#4836);
#4097=AXIS2_PLACEMENT_3D('',#6119,#4838,#4839);
#4098=AXIS2_PLACEMENT_3D('',#6120,#4840,#4841);
#4099=AXIS2_PLACEMENT_3D('',#6124,#4844,#4845);
#4100=AXIS2_PLACEMENT_3D('',#6127,#4847,#4848);
#4101=AXIS2_PLACEMENT_3D('',#6128,#4849,#4850);
#4102=AXIS2_PLACEMENT_3D('',#6132,#4853,#4854);
#4103=AXIS2_PLACEMENT_3D('',#6135,#4856,#4857);
#4104=AXIS2_PLACEMENT_3D('',#6136,#4858,#4859);
#4105=AXIS2_PLACEMENT_3D('',#6140,#4861,#4862);
#4106=AXIS2_PLACEMENT_3D('',#6142,#4864,#4865);
#4107=AXIS2_PLACEMENT_3D('',#6154,#4867,#4868);
#4108=AXIS2_PLACEMENT_3D('',#6159,#4871,#4872);
#4109=AXIS2_PLACEMENT_3D('',#6162,#4873,#4874);
#4110=AXIS2_PLACEMENT_3D('',#6166,#4876,#4877);
#4111=AXIS2_PLACEMENT_3D('',#6168,#4879,#4880);
#4112=AXIS2_PLACEMENT_3D('',#6171,#4882,#4883);
#4113=AXIS2_PLACEMENT_3D('',#6172,#4884,#4885);
#4114=AXIS2_PLACEMENT_3D('',#6176,#4887,#4888);
#4115=AXIS2_PLACEMENT_3D('',#6182,#4891,#4892);
#4116=AXIS2_PLACEMENT_3D('',#6185,#4894,#4895);
#4117=AXIS2_PLACEMENT_3D('',#6186,#4896,#4897);
#4118=AXIS2_PLACEMENT_3D('',#6194,#4899,#4900);
#4119=AXIS2_PLACEMENT_3D('',#6198,#4903,#4904);
#4120=AXIS2_PLACEMENT_3D('',#6211,#4906,#4907);
#4121=AXIS2_PLACEMENT_3D('',#6216,#4910,#4911);
#4122=AXIS2_PLACEMENT_3D('',#6217,#4912,#4913);
#4123=AXIS2_PLACEMENT_3D('',#6220,#4915,#4916);
#4124=AXIS2_PLACEMENT_3D('',#6221,#4917,#4918);
#4125=AXIS2_PLACEMENT_3D('',#6225,#4921,#4922);
#4126=AXIS2_PLACEMENT_3D('',#6226,#4923,#4924);
#4127=AXIS2_PLACEMENT_3D('',#6232,#4928,#4929);
#4128=AXIS2_PLACEMENT_3D('',#6234,#4930,#4931);
#4129=AXIS2_PLACEMENT_3D('',#6236,#4933,#4934);
#4130=AXIS2_PLACEMENT_3D('',#6240,#4937,#4938);
#4131=AXIS2_PLACEMENT_3D('',#6242,#4939,#4940);
#4132=AXIS2_PLACEMENT_3D('',#6244,#4942,#4943);
#4133=AXIS2_PLACEMENT_3D('',#6248,#4946,#4947);
#4134=AXIS2_PLACEMENT_3D('',#6250,#4948,#4949);
#4135=AXIS2_PLACEMENT_3D('',#6252,#4951,#4952);
#4136=AXIS2_PLACEMENT_3D('',#6256,#4955,#4956);
#4137=AXIS2_PLACEMENT_3D('',#6258,#4957,#4958);
#4138=AXIS2_PLACEMENT_3D('',#6260,#4960,#4961);
#4139=AXIS2_PLACEMENT_3D('',#6264,#4964,#4965);
#4140=AXIS2_PLACEMENT_3D('',#6266,#4966,#4967);
#4141=AXIS2_PLACEMENT_3D('',#6268,#4969,#4970);
#4142=AXIS2_PLACEMENT_3D('',#6270,#4971,#4972);
#4143=AXIS2_PLACEMENT_3D('',#6272,#4974,#4975);
#4144=AXIS2_PLACEMENT_3D('',#6276,#4978,#4979);
#4145=AXIS2_PLACEMENT_3D('',#6278,#4980,#4981);
#4146=AXIS2_PLACEMENT_3D('',#6280,#4983,#4984);
#4147=AXIS2_PLACEMENT_3D('',#6282,#4985,#4986);
#4148=AXIS2_PLACEMENT_3D('',#6284,#4988,#4989);
#4149=AXIS2_PLACEMENT_3D('',#6288,#4992,#4993);
#4150=AXIS2_PLACEMENT_3D('',#6290,#4994,#4995);
#4151=AXIS2_PLACEMENT_3D('',#6292,#4997,#4998);
#4152=AXIS2_PLACEMENT_3D('',#6294,#4999,#5000);
#4153=AXIS2_PLACEMENT_3D('',#6296,#5002,#5003);
#4154=AXIS2_PLACEMENT_3D('',#6300,#5006,#5007);
#4155=AXIS2_PLACEMENT_3D('',#6302,#5008,#5009);
#4156=AXIS2_PLACEMENT_3D('',#6304,#5011,#5012);
#4157=AXIS2_PLACEMENT_3D('',#6306,#5013,#5014);
#4158=AXIS2_PLACEMENT_3D('',#6308,#5016,#5017);
#4159=AXIS2_PLACEMENT_3D('',#6312,#5020,#5021);
#4160=AXIS2_PLACEMENT_3D('',#6314,#5022,#5023);
#4161=AXIS2_PLACEMENT_3D('',#6316,#5025,#5026);
#4162=AXIS2_PLACEMENT_3D('',#6318,#5027,#5028);
#4163=AXIS2_PLACEMENT_3D('',#6320,#5030,#5031);
#4164=AXIS2_PLACEMENT_3D('',#6324,#5034,#5035);
#4165=AXIS2_PLACEMENT_3D('',#6326,#5036,#5037);
#4166=AXIS2_PLACEMENT_3D('',#6328,#5039,#5040);
#4167=AXIS2_PLACEMENT_3D('',#6332,#5043,#5044);
#4168=AXIS2_PLACEMENT_3D('',#6334,#5045,#5046);
#4169=AXIS2_PLACEMENT_3D('',#6336,#5048,#5049);
#4170=AXIS2_PLACEMENT_3D('',#6340,#5052,#5053);
#4171=AXIS2_PLACEMENT_3D('',#6342,#5054,#5055);
#4172=AXIS2_PLACEMENT_3D('',#6344,#5057,#5058);
#4173=AXIS2_PLACEMENT_3D('',#6348,#5061,#5062);
#4174=AXIS2_PLACEMENT_3D('',#6349,#5063,#5064);
#4175=AXIS2_PLACEMENT_3D('',#6350,#5065,#5066);
#4176=AXIS2_PLACEMENT_3D('',#6354,#5068,#5069);
#4177=AXIS2_PLACEMENT_3D('',#6356,#5071,#5072);
#4178=AXIS2_PLACEMENT_3D('',#6360,#5075,#5076);
#4179=AXIS2_PLACEMENT_3D('',#6363,#5078,#5079);
#4180=AXIS2_PLACEMENT_3D('',#6364,#5080,#5081);
#4181=AXIS2_PLACEMENT_3D('',#6367,#5083,#5084);
#4182=AXIS2_PLACEMENT_3D('',#6368,#5085,#5086);
#4183=AXIS2_PLACEMENT_3D('',#6374,#5089,#5090);
#4184=AXIS2_PLACEMENT_3D('',#6376,#5091,#5092);
#4185=AXIS2_PLACEMENT_3D('',#6378,#5094,#5095);
#4186=AXIS2_PLACEMENT_3D('',#6401,#5098,#5099);
#4187=AXIS2_PLACEMENT_3D('',#6402,#5100,#5101);
#4188=AXIS2_PLACEMENT_3D('',#6406,#5103,#5104);
#4189=AXIS2_PLACEMENT_3D('',#6413,#5105,#5106);
#4190=AXIS2_PLACEMENT_3D('',#6421,#5110,#5111);
#4191=AXIS2_PLACEMENT_3D('',#6425,#5113,#5114);
#4192=AXIS2_PLACEMENT_3D('',#6427,#5116,#5117);
#4193=AXIS2_PLACEMENT_3D('',#6430,#5119,#5120);
#4194=AXIS2_PLACEMENT_3D('',#6431,#5121,#5122);
#4195=AXIS2_PLACEMENT_3D('',#6437,#5125,#5126);
#4196=AXIS2_PLACEMENT_3D('',#6441,#5128,#5129);
#4197=AXIS2_PLACEMENT_3D('',#6443,#5131,#5132);
#4198=AXIS2_PLACEMENT_3D('',#6457,#5134,#5135);
#4199=AXIS2_PLACEMENT_3D('',#6458,#5136,#5137);
#4200=AXIS2_PLACEMENT_3D('',#6463,#5140,#5141);
#4201=AXIS2_PLACEMENT_3D('',#6464,#5142,#5143);
#4202=AXIS2_PLACEMENT_3D('',#6467,#5145,#5146);
#4203=AXIS2_PLACEMENT_3D('',#6468,#5147,#5148);
#4204=AXIS2_PLACEMENT_3D('',#6472,#5151,#5152);
#4205=AXIS2_PLACEMENT_3D('',#6475,#5154,#5155);
#4206=AXIS2_PLACEMENT_3D('',#6476,#5156,#5157);
#4207=AXIS2_PLACEMENT_3D('',#6501,#5160,#5161);
#4208=AXIS2_PLACEMENT_3D('',#6503,#5162,#5163);
#4209=AXIS2_PLACEMENT_3D('',#6529,#5164,#5165);
#4210=AXIS2_PLACEMENT_3D('',#6530,#5166,#5167);
#4211=AXIS2_PLACEMENT_3D('',#6531,#5168,#5169);
#4212=AXIS2_PLACEMENT_3D('',#6533,#5170,#5171);
#4213=AXIS2_PLACEMENT_3D('',#6535,#5173,#5174);
#4214=AXIS2_PLACEMENT_3D('',#6537,#5175,#5176);
#4215=AXIS2_PLACEMENT_3D('',#6538,#5177,#5178);
#4216=AXIS2_PLACEMENT_3D('',#6539,#5179,#5180);
#4217=AXIS2_PLACEMENT_3D('',#6541,#5181,#5182);
#4218=AXIS2_PLACEMENT_3D('',#6543,#5184,#5185);
#4219=AXIS2_PLACEMENT_3D('',#6545,#5186,#5187);
#4220=AXIS2_PLACEMENT_3D('',#6546,#5188,#5189);
#4221=AXIS2_PLACEMENT_3D('',#6573,#5190,#5191);
#4222=AXIS2_PLACEMENT_3D('',#6579,#5192,#5193);
#4223=AXIS2_PLACEMENT_3D('',#6581,#5194,#5195);
#4224=AXIS2_PLACEMENT_3D('',#6609,#5197,#5198);
#4225=AXIS2_PLACEMENT_3D('',#6636,#5199,#5200);
#4226=AXIS2_PLACEMENT_3D('',#6641,#5201,#5202);
#4227=AXIS2_PLACEMENT_3D('',#6643,#5203,#5204);
#4228=AXIS2_PLACEMENT_3D('',#6645,#5205,#5206);
#4229=AXIS2_PLACEMENT_3D('',#6657,#5208,#5209);
#4230=AXIS2_PLACEMENT_3D('',#6658,#5210,#5211);
#4231=AXIS2_PLACEMENT_3D('',#6659,#5212,#5213);
#4232=AXIS2_PLACEMENT_3D('',#6661,#5214,#5215);
#4233=AXIS2_PLACEMENT_3D('',#6663,#5217,#5218);
#4234=AXIS2_PLACEMENT_3D('',#6666,#5219,#5220);
#4235=AXIS2_PLACEMENT_3D('',#6667,#5221,#5222);
#4236=AXIS2_PLACEMENT_3D('',#6668,#5223,#5224);
#4237=AXIS2_PLACEMENT_3D('',#6669,#5225,#5226);
#4238=AXIS2_PLACEMENT_3D('',#6672,#5227,#5228);
#4239=AXIS2_PLACEMENT_3D('',#6686,#5231,#5232);
#4240=AXIS2_PLACEMENT_3D('',#6687,#5233,#5234);
#4241=AXIS2_PLACEMENT_3D('',#6688,#5235,#5236);
#4242=AXIS2_PLACEMENT_3D('',#6689,#5237,#5238);
#4243=AXIS2_PLACEMENT_3D('',#6692,#5239,#5240);
#4244=AXIS2_PLACEMENT_3D('',#6695,#5243,#5244);
#4245=AXIS2_PLACEMENT_3D('',#6698,#5245,#5246);
#4246=AXIS2_PLACEMENT_3D('',#6699,#5247,#5248);
#4247=AXIS2_PLACEMENT_3D('',#6700,#5249,#5250);
#4248=AXIS2_PLACEMENT_3D('',#6701,#5251,#5252);
#4249=AXIS2_PLACEMENT_3D('',#6704,#5253,#5254);
#4250=AXIS2_PLACEMENT_3D('',#6707,#5257,#5258);
#4251=AXIS2_PLACEMENT_3D('',#6710,#5259,#5260);
#4252=AXIS2_PLACEMENT_3D('',#6711,#5261,#5262);
#4253=AXIS2_PLACEMENT_3D('',#6712,#5263,#5264);
#4254=AXIS2_PLACEMENT_3D('',#6713,#5265,#5266);
#4255=AXIS2_PLACEMENT_3D('',#6716,#5267,#5268);
#4256=AXIS2_PLACEMENT_3D('',#6736,#5271,#5272);
#4257=AXIS2_PLACEMENT_3D('',#6737,#5273,#5274);
#4258=AXIS2_PLACEMENT_3D('',#6738,#5275,#5276);
#4259=AXIS2_PLACEMENT_3D('',#6739,#5277,#5278);
#4260=AXIS2_PLACEMENT_3D('',#6742,#5279,#5280);
#4261=AXIS2_PLACEMENT_3D('',#6745,#5283,#5284);
#4262=AXIS2_PLACEMENT_3D('',#6748,#5285,#5286);
#4263=AXIS2_PLACEMENT_3D('',#6749,#5287,#5288);
#4264=AXIS2_PLACEMENT_3D('',#6750,#5289,#5290);
#4265=AXIS2_PLACEMENT_3D('',#6751,#5291,#5292);
#4266=AXIS2_PLACEMENT_3D('',#6754,#5293,#5294);
#4267=AXIS2_PLACEMENT_3D('',#6768,#5297,#5298);
#4268=AXIS2_PLACEMENT_3D('',#6769,#5299,#5300);
#4269=AXIS2_PLACEMENT_3D('',#6770,#5301,#5302);
#4270=AXIS2_PLACEMENT_3D('',#6771,#5303,#5304);
#4271=AXIS2_PLACEMENT_3D('',#6774,#5305,#5306);
#4272=AXIS2_PLACEMENT_3D('',#6777,#5309,#5310);
#4273=AXIS2_PLACEMENT_3D('',#6780,#5311,#5312);
#4274=AXIS2_PLACEMENT_3D('',#6781,#5313,#5314);
#4275=AXIS2_PLACEMENT_3D('',#6782,#5315,#5316);
#4276=AXIS2_PLACEMENT_3D('',#6783,#5317,#5318);
#4277=AXIS2_PLACEMENT_3D('',#6786,#5319,#5320);
#4278=AXIS2_PLACEMENT_3D('',#6789,#5323,#5324);
#4279=AXIS2_PLACEMENT_3D('',#6792,#5325,#5326);
#4280=AXIS2_PLACEMENT_3D('',#6793,#5327,#5328);
#4281=AXIS2_PLACEMENT_3D('',#6794,#5329,#5330);
#4282=AXIS2_PLACEMENT_3D('',#6795,#5331,#5332);
#4283=AXIS2_PLACEMENT_3D('',#6797,#5333,#5334);
#4284=AXIS2_PLACEMENT_3D('',#6810,#5337,#5338);
#4285=AXIS2_PLACEMENT_3D('',#6811,#5339,#5340);
#4286=AXIS2_PLACEMENT_3D('',#6812,#5341,#5342);
#4287=AXIS2_PLACEMENT_3D('',#6814,#5343,#5344);
#4288=AXIS2_PLACEMENT_3D('',#6816,#5346,#5347);
#4289=AXIS2_PLACEMENT_3D('',#6818,#5348,#5349);
#4290=AXIS2_PLACEMENT_3D('',#6819,#5350,#5351);
#4291=AXIS2_PLACEMENT_3D('',#6820,#5352,#5353);
#4292=AXIS2_PLACEMENT_3D('',#6822,#5354,#5355);
#4293=AXIS2_PLACEMENT_3D('',#6823,#5356,#5357);
#4294=AXIS2_PLACEMENT_3D('',#6824,#5358,#5359);
#4295=AXIS2_PLACEMENT_3D('',#6826,#5360,#5361);
#4296=AXIS2_PLACEMENT_3D('',#6828,#5363,#5364);
#4297=AXIS2_PLACEMENT_3D('',#6830,#5365,#5366);
#4298=AXIS2_PLACEMENT_3D('',#6831,#5367,#5368);
#4299=AXIS2_PLACEMENT_3D('',#6832,#5369,#5370);
#4300=AXIS2_PLACEMENT_3D('',#6834,#5371,#5372);
#4301=AXIS2_PLACEMENT_3D('',#6846,#5374,#5375);
#4302=AXIS2_PLACEMENT_3D('',#6847,#5376,#5377);
#4303=AXIS2_PLACEMENT_3D('',#6848,#5378,#5379);
#4304=AXIS2_PLACEMENT_3D('',#6850,#5380,#5381);
#4305=AXIS2_PLACEMENT_3D('',#6852,#5383,#5384);
#4306=AXIS2_PLACEMENT_3D('',#6854,#5385,#5386);
#4307=AXIS2_PLACEMENT_3D('',#6855,#5387,#5388);
#4308=AXIS2_PLACEMENT_3D('',#6856,#5389,#5390);
#4309=AXIS2_PLACEMENT_3D('',#6858,#5391,#5392);
#4310=AXIS2_PLACEMENT_3D('',#6860,#5394,#5395);
#4311=AXIS2_PLACEMENT_3D('',#6862,#5396,#5397);
#4312=AXIS2_PLACEMENT_3D('',#6863,#5398,#5399);
#4313=AXIS2_PLACEMENT_3D('',#6864,#5400,#5401);
#4314=AXIS2_PLACEMENT_3D('',#6865,#5402,#5403);
#4315=AXIS2_PLACEMENT_3D('',#6890,#5404,#5405);
#4316=AXIS2_PLACEMENT_3D('',#6899,#5408,#5409);
#4317=AXIS2_PLACEMENT_3D('',#6903,#5411,#5412);
#4318=AXIS2_PLACEMENT_3D('',#6908,#5413,#5414);
#4319=AXIS2_PLACEMENT_3D('',#6914,#5417,#5418);
#4320=AXIS2_PLACEMENT_3D('',#6918,#5420,#5421);
#4321=AXIS2_PLACEMENT_3D('',#6922,#5423,#5424);
#4322=AXIS2_PLACEMENT_3D('',#6924,#5426,#5427);
#4323=AXIS2_PLACEMENT_3D('',#6932,#5429,#5430);
#4324=AXIS2_PLACEMENT_3D('',#6933,#5431,#5432);
#4325=AXIS2_PLACEMENT_3D('',#6941,#5434,#5435);
#4326=AXIS2_PLACEMENT_3D('',#6947,#5438,#5439);
#4327=AXIS2_PLACEMENT_3D('',#6953,#5442,#5443);
#4328=AXIS2_PLACEMENT_3D('',#6956,#5445,#5446);
#4329=AXIS2_PLACEMENT_3D('',#6957,#5447,#5448);
#4330=AXIS2_PLACEMENT_3D('',#6960,#5450,#5451);
#4331=AXIS2_PLACEMENT_3D('',#6961,#5452,#5453);
#4332=AXIS2_PLACEMENT_3D('',#6964,#5455,#5456);
#4333=AXIS2_PLACEMENT_3D('',#6965,#5457,#5458);
#4334=AXIS2_PLACEMENT_3D('',#6967,#5460,#5461);
#4335=AXIS2_PLACEMENT_3D('',#6969,#5463,#5464);
#4336=AXIS2_PLACEMENT_3D('',#6971,#5466,#5467);
#4337=AXIS2_PLACEMENT_3D('',#6973,#5469,#5470);
#4338=AXIS2_PLACEMENT_3D('',#6975,#5472,#5473);
#4339=AXIS2_PLACEMENT_3D('',#6977,#5475,#5476);
#4340=AXIS2_PLACEMENT_3D('',#6979,#5478,#5479);
#4341=AXIS2_PLACEMENT_3D('',#6981,#5481,#5482);
#4342=AXIS2_PLACEMENT_3D('',#6983,#5484,#5485);
#4343=AXIS2_PLACEMENT_3D('',#6985,#5487,#5488);
#4344=AXIS2_PLACEMENT_3D('',#6987,#5490,#5491);
#4345=AXIS2_PLACEMENT_3D('',#6989,#5493,#5494);
#4346=AXIS2_PLACEMENT_3D('',#6991,#5496,#5497);
#4347=AXIS2_PLACEMENT_3D('',#6993,#5499,#5500);
#4348=AXIS2_PLACEMENT_3D('',#6995,#5502,#5503);
#4349=AXIS2_PLACEMENT_3D('',#6997,#5505,#5506);
#4350=AXIS2_PLACEMENT_3D('',#6999,#5508,#5509);
#4351=AXIS2_PLACEMENT_3D('',#7000,#5510,#5511);
#4352=AXIS2_PLACEMENT_3D('',#7011,#5512,#5513);
#4353=AXIS2_PLACEMENT_3D('',#7012,#5514,#5515);
#4354=AXIS2_PLACEMENT_3D('',#7013,#5516,#5517);
#4355=AXIS2_PLACEMENT_3D('',#7014,#5518,#5519);
#4356=AXIS2_PLACEMENT_3D('',#7015,#5520,#5521);
#4357=AXIS2_PLACEMENT_3D('',#7016,#5522,#5523);
#4358=AXIS2_PLACEMENT_3D('',#7017,#5524,#5525);
#4359=AXIS2_PLACEMENT_3D('',#7020,#5527,#5528);
#4360=AXIS2_PLACEMENT_3D('',#7021,#5529,#5530);
#4361=AXIS2_PLACEMENT_3D('',#7023,#5531,#5532);
#4362=AXIS2_PLACEMENT_3D('',#7024,#5533,#5534);
#4363=AXIS2_PLACEMENT_3D('',#7025,#5535,#5536);
#4364=AXIS2_PLACEMENT_3D('',#7027,#5537,#5538);
#4365=AXIS2_PLACEMENT_3D('',#7028,#5539,#5540);
#4366=AXIS2_PLACEMENT_3D('',#7029,#5541,#5542);
#4367=AXIS2_PLACEMENT_3D('',#7031,#5543,#5544);
#4368=AXIS2_PLACEMENT_3D('',#7033,#5546,#5547);
#4369=AXIS2_PLACEMENT_3D('',#7035,#5548,#5549);
#4370=AXIS2_PLACEMENT_3D('',#7036,#5550,#5551);
#4371=AXIS2_PLACEMENT_3D('',#7037,#5552,#5553);
#4372=AXIS2_PLACEMENT_3D('',#7040,#5554,#5555);
#4373=AXIS2_PLACEMENT_3D('',#7041,#5556,#5557);
#4374=AXIS2_PLACEMENT_3D('',#7042,#5558,#5559);
#4375=AXIS2_PLACEMENT_3D('',#7043,#5560,#5561);
#4376=AXIS2_PLACEMENT_3D('',#7046,#5562,#5563);
#4377=AXIS2_PLACEMENT_3D('',#7049,#5566,#5567);
#4378=AXIS2_PLACEMENT_3D('',#7052,#5568,#5569);
#4379=AXIS2_PLACEMENT_3D('',#7053,#5570,#5571);
#4380=AXIS2_PLACEMENT_3D('',#7054,#5572,#5573);
#4381=AXIS2_PLACEMENT_3D('',#7055,#5574,#5575);
#4382=AXIS2_PLACEMENT_3D('',#7058,#5576,#5577);
#4383=AXIS2_PLACEMENT_3D('',#7059,#5578,#5579);
#4384=AXIS2_PLACEMENT_3D('',#7060,#5580,#5581);
#4385=AXIS2_PLACEMENT_3D('',#7061,#5582,#5583);
#4386=AXIS2_PLACEMENT_3D('',#7064,#5584,#5585);
#4387=AXIS2_PLACEMENT_3D('',#7067,#5588,#5589);
#4388=AXIS2_PLACEMENT_3D('',#7070,#5590,#5591);
#4389=AXIS2_PLACEMENT_3D('',#7071,#5592,#5593);
#4390=AXIS2_PLACEMENT_3D('',#7072,#5594,#5595);
#4391=AXIS2_PLACEMENT_3D('',#7073,#5596,#5597);
#4392=AXIS2_PLACEMENT_3D('',#7076,#5598,#5599);
#4393=AXIS2_PLACEMENT_3D('',#7077,#5600,#5601);
#4394=AXIS2_PLACEMENT_3D('',#7078,#5602,#5603);
#4395=AXIS2_PLACEMENT_3D('',#7079,#5604,#5605);
#4396=AXIS2_PLACEMENT_3D('',#7082,#5606,#5607);
#4397=AXIS2_PLACEMENT_3D('',#7085,#5610,#5611);
#4398=AXIS2_PLACEMENT_3D('',#7088,#5612,#5613);
#4399=AXIS2_PLACEMENT_3D('',#7089,#5614,#5615);
#4400=AXIS2_PLACEMENT_3D('',#7090,#5616,#5617);
#4401=AXIS2_PLACEMENT_3D('',#7091,#5618,#5619);
#4402=AXIS2_PLACEMENT_3D('',#7094,#5620,#5621);
#4403=AXIS2_PLACEMENT_3D('',#7097,#5624,#5625);
#4404=AXIS2_PLACEMENT_3D('',#7100,#5626,#5627);
#4405=AXIS2_PLACEMENT_3D('',#7101,#5628,#5629);
#4406=AXIS2_PLACEMENT_3D('',#7102,#5630,#5631);
#4407=AXIS2_PLACEMENT_3D('',#7103,#5632,#5633);
#4408=AXIS2_PLACEMENT_3D('',#7106,#5634,#5635);
#4409=AXIS2_PLACEMENT_3D('',#7109,#5638,#5639);
#4410=AXIS2_PLACEMENT_3D('',#7111,#5640,#5641);
#4411=AXIS2_PLACEMENT_3D('',#7112,#5642,#5643);
#4412=AXIS2_PLACEMENT_3D('',#7113,#5644,#5645);
#4413=AXIS2_PLACEMENT_3D('',#7135,#5646,#5647);
#4414=AXIS2_PLACEMENT_3D('',#7161,#5648,#5649);
#4415=AXIS2_PLACEMENT_3D('',#7166,#5650,#5651);
#4416=AXIS2_PLACEMENT_3D('',#7168,#5652,#5653);
#4417=AXIS2_PLACEMENT_3D('',#7169,#5654,#5655);
#4418=AXIS2_PLACEMENT_3D('',#7170,#5656,#5657);
#4419=AXIS2_PLACEMENT_3D('',#7172,#5658,#5659);
#4420=AXIS2_PLACEMENT_3D('',#7174,#5661,#5662);
#4421=AXIS2_PLACEMENT_3D('',#7175,#5663,#5664);
#4422=AXIS2_PLACEMENT_3D('',#7176,#5665,#5666);
#4423=AXIS2_PLACEMENT_3D('',#7177,#5667,#5668);
#4424=AXIS2_PLACEMENT_3D('',#7178,#5669,#5670);
#4425=AXIS2_PLACEMENT_3D('',#7179,#5671,#5672);
#4426=AXIS2_PLACEMENT_3D('',#7180,#5673,#5674);
#4427=AXIS2_PLACEMENT_3D('',#7181,#5675,#5676);
#4428=AXIS2_PLACEMENT_3D('',#7182,#5677,#5678);
#4429=AXIS2_PLACEMENT_3D('',#7183,#5679,#5680);
#4430=AXIS2_PLACEMENT_3D('',#7184,#5681,#5682);
#4431=AXIS2_PLACEMENT_3D('',#7185,#5683,#5684);
#4432=AXIS2_PLACEMENT_3D('',#7186,#5685,#5686);
#4433=AXIS2_PLACEMENT_3D('',#7187,#5687,#5688);
#4434=AXIS2_PLACEMENT_3D('',#7188,#5689,#5690);
#4435=AXIS2_PLACEMENT_3D('',#7189,#5691,#5692);
#4436=AXIS2_PLACEMENT_3D('',#7220,#5693,#5694);
#4437=AXIS2_PLACEMENT_3D('',#7221,#5695,#5696);
#4438=AXIS2_PLACEMENT_3D('',#7222,#5697,#5698);
#4439=AXIS2_PLACEMENT_3D('',#7223,#5699,#5700);
#4440=AXIS2_PLACEMENT_3D('',#7224,#5701,#5702);
#4441=AXIS2_PLACEMENT_3D('',#7225,#5703,#5704);
#4442=AXIS2_PLACEMENT_3D('',#7226,#5705,#5706);
#4443=AXIS2_PLACEMENT_3D('',#7227,#5707,#5708);
#4444=AXIS2_PLACEMENT_3D('',#7228,#5709,#5710);
#4445=AXIS2_PLACEMENT_3D('',#7229,#5711,#5712);
#4446=AXIS2_PLACEMENT_3D('',#7254,#5713,#5714);
#4447=AXIS2_PLACEMENT_3D('',#7256,#5716,#5717);
#4448=AXIS2_PLACEMENT_3D('',#7258,#5719,#5720);
#4449=AXIS2_PLACEMENT_3D('',#7260,#5722,#5723);
#4450=AXIS2_PLACEMENT_3D('',#7262,#5725,#5726);
#4451=AXIS2_PLACEMENT_3D('',#7264,#5728,#5729);
#4452=AXIS2_PLACEMENT_3D('',#7266,#5731,#5732);
#4453=AXIS2_PLACEMENT_3D('',#7268,#5734,#5735);
#4454=AXIS2_PLACEMENT_3D('',#7270,#5737,#5738);
#4455=AXIS2_PLACEMENT_3D('',#7272,#5740,#5741);
#4456=AXIS2_PLACEMENT_3D('',#7274,#5743,#5744);
#4457=AXIS2_PLACEMENT_3D('',#7276,#5746,#5747);
#4458=AXIS2_PLACEMENT_3D('',#7278,#5749,#5750);
#4459=AXIS2_PLACEMENT_3D('',#7280,#5752,#5753);
#4460=AXIS2_PLACEMENT_3D('',#7282,#5755,#5756);
#4461=AXIS2_PLACEMENT_3D('',#7283,#5757,#5758);
#4462=AXIS2_PLACEMENT_3D('',#7284,#5759,#5760);
#4463=AXIS2_PLACEMENT_3D('',#7287,#5763,#5764);
#4464=AXIS2_PLACEMENT_3D('',#7289,#5766,#5767);
#4465=AXIS2_PLACEMENT_3D('',#7292,#5770,#5771);
#4466=AXIS2_PLACEMENT_3D('',#7293,#5772,#5773);
#4467=AXIS2_PLACEMENT_3D('',#7296,#5776,#5777);
#4468=AXIS2_PLACEMENT_3D('',#7298,#5779,#5780);
#4469=AXIS2_PLACEMENT_3D('',#7300,#5782,#5783);
#4470=AXIS2_PLACEMENT_3D('',#7301,#5784,#5785);
#4471=AXIS2_PLACEMENT_3D('',#7302,#5786,#5787);
#4472=AXIS2_PLACEMENT_3D('',#7303,#5788,#5789);
#4473=DIRECTION('axis',(0.,0.,1.));
#4474=DIRECTION('refdir',(1.,0.,0.));
#4475=DIRECTION('axis',(0.,0.,1.));
#4476=DIRECTION('refdir',(1.,0.,0.));
#4477=DIRECTION('axis',(0.,0.,1.));
#4478=DIRECTION('refdir',(1.,0.,0.));
#4479=DIRECTION('center_axis',(0.,1.,0.));
#4480=DIRECTION('ref_axis',(-1.,0.,0.));
#4481=DIRECTION('center_axis',(0.,1.,0.));
#4482=DIRECTION('ref_axis',(-1.,0.,0.));
#4483=DIRECTION('',(-0.707106781186548,-0.707106781186548,8.65956056235493E-17));
#4484=DIRECTION('center_axis',(0.,-1.,0.));
#4485=DIRECTION('ref_axis',(-1.,0.,0.));
#4486=DIRECTION('center_axis',(0.,1.,0.));
#4487=DIRECTION('ref_axis',(-1.,0.,0.));
#4488=DIRECTION('',(-0.991644500991794,0.,-0.129000711830348));
#4489=DIRECTION('center_axis',(0.,1.,0.));
#4490=DIRECTION('ref_axis',(0.320760381201855,0.,-0.947160375993021));
#4491=DIRECTION('',(-0.865973210385848,0.,-0.500090390723544));
#4492=DIRECTION('center_axis',(0.,-1.,0.));
#4493=DIRECTION('ref_axis',(0.259011637612818,0.,0.965874200701689));
#4494=DIRECTION('',(-0.499564186608634,0.,0.866276874594984));
#4495=DIRECTION('center_axis',(0.,-1.,0.));
#4496=DIRECTION('ref_axis',(0.965990909531498,0.,0.258576028862902));
#4497=DIRECTION('',(0.,0.,1.));
#4498=DIRECTION('center_axis',(0.,-1.,0.));
#4499=DIRECTION('ref_axis',(0.707106781186547,0.,-0.707106781186547));
#4500=DIRECTION('',(1.,0.,0.));
#4501=DIRECTION('center_axis',(0.,1.,0.));
#4502=DIRECTION('ref_axis',(-0.869267744955493,0.,0.494341569747065));
#4503=DIRECTION('center_axis',(0.,-1.,0.));
#4504=DIRECTION('ref_axis',(0.355548319589946,0.,-0.934657901286222));
#4505=DIRECTION('',(1.,0.,0.));
#4506=DIRECTION('center_axis',(0.,1.,0.));
#4507=DIRECTION('ref_axis',(-0.898862049754989,0.,0.438231691585922));
#4508=DIRECTION('center_axis',(0.,-1.,0.));
#4509=DIRECTION('ref_axis',(0.374756023438615,0.,-0.927123466910679));
#4510=DIRECTION('',(1.,0.,8.88181006546966E-15));
#4511=DIRECTION('center_axis',(0.,1.,0.));
#4512=DIRECTION('ref_axis',(-0.869268256660875,0.,0.494340669945093));
#4513=DIRECTION('center_axis',(0.,-1.,0.));
#4514=DIRECTION('ref_axis',(0.355548635932874,0.,-0.934657780947804));
#4515=DIRECTION('',(1.,0.,0.));
#4516=DIRECTION('center_axis',(0.,-1.,0.));
#4517=DIRECTION('ref_axis',(-0.355548633673862,0.,-0.934657781807143));
#4518=DIRECTION('center_axis',(0.,1.,0.));
#4519=DIRECTION('ref_axis',(0.86926825300678,0.,0.494340676370598));
#4520=DIRECTION('',(1.,0.,0.));
#4521=DIRECTION('center_axis',(0.,-1.,0.));
#4522=DIRECTION('ref_axis',(0.,0.,-1.));
#4523=DIRECTION('center_axis',(0.,1.,0.));
#4524=DIRECTION('ref_axis',(0.707106781186547,0.,0.707106781186547));
#4525=DIRECTION('',(1.,0.,1.16865153995148E-16));
#4526=DIRECTION('center_axis',(0.,-1.,0.));
#4527=DIRECTION('ref_axis',(-0.707106781186547,0.,-0.707106781186547));
#4528=DIRECTION('',(0.,0.,-1.));
#4529=DIRECTION('center_axis',(0.,-1.,0.));
#4530=DIRECTION('ref_axis',(-0.707106781186548,0.,0.707106781186548));
#4531=DIRECTION('',(-1.,0.,0.));
#4532=DIRECTION('center_axis',(0.,1.,0.));
#4533=DIRECTION('ref_axis',(0.453199058936816,0.,-0.891409340863548));
#4534=DIRECTION('',(-0.589221225957569,0.,-0.807971748813694));
#4535=DIRECTION('center_axis',(0.,-1.,0.));
#4536=DIRECTION('ref_axis',(-0.509868091837149,0.,0.860252596000933));
#4537=DIRECTION('center_axis',(0.,1.,0.));
#4538=DIRECTION('ref_axis',(-1.,0.,0.));
#4539=DIRECTION('center_axis',(0.,1.,0.));
#4540=DIRECTION('ref_axis',(-1.,0.,0.));
#4541=DIRECTION('center_axis',(0.,1.,0.));
#4542=DIRECTION('ref_axis',(-1.,0.,0.));
#4543=DIRECTION('center_axis',(0.,1.,0.));
#4544=DIRECTION('ref_axis',(-1.,0.,0.));
#4545=DIRECTION('center_axis',(0.,1.,0.));
#4546=DIRECTION('ref_axis',(-1.,0.,0.));
#4547=DIRECTION('',(0.,-1.,0.));
#4548=DIRECTION('center_axis',(0.,-1.,0.));
#4549=DIRECTION('ref_axis',(-1.,0.,0.));
#4550=DIRECTION('center_axis',(0.,1.,0.));
#4551=DIRECTION('ref_axis',(-1.,0.,0.));
#4552=DIRECTION('',(-0.707106781186548,-0.707106781186548,8.65956056235493E-17));
#4553=DIRECTION('center_axis',(0.,-1.,0.));
#4554=DIRECTION('ref_axis',(-1.,0.,0.));
#4555=DIRECTION('center_axis',(0.,1.,0.));
#4556=DIRECTION('ref_axis',(-1.,0.,0.));
#4557=DIRECTION('',(0.,-1.,0.));
#4558=DIRECTION('center_axis',(0.,-1.,0.));
#4559=DIRECTION('ref_axis',(-1.,0.,0.));
#4560=DIRECTION('center_axis',(0.,1.,0.));
#4561=DIRECTION('ref_axis',(-1.,0.,0.));
#4562=DIRECTION('',(-0.707106781186546,-0.707106781186549,8.65956056235491E-17));
#4563=DIRECTION('center_axis',(0.,-1.,0.));
#4564=DIRECTION('ref_axis',(-1.,0.,0.));
#4565=DIRECTION('center_axis',(0.,1.,0.));
#4566=DIRECTION('ref_axis',(-1.,0.,0.));
#4567=DIRECTION('',(0.,-1.,0.));
#4568=DIRECTION('center_axis',(0.,-1.,0.));
#4569=DIRECTION('ref_axis',(-1.,0.,0.));
#4570=DIRECTION('center_axis',(0.,1.,0.));
#4571=DIRECTION('ref_axis',(-1.,0.,0.));
#4572=DIRECTION('',(-0.707106781186548,-0.707106781186548,8.65956056235493E-17));
#4573=DIRECTION('center_axis',(0.,-1.,0.));
#4574=DIRECTION('ref_axis',(-1.,0.,0.));
#4575=DIRECTION('center_axis',(0.,1.,0.));
#4576=DIRECTION('ref_axis',(-1.,0.,0.));
#4577=DIRECTION('',(0.,-1.,0.));
#4578=DIRECTION('center_axis',(0.,-1.,0.));
#4579=DIRECTION('ref_axis',(-1.,0.,0.));
#4580=DIRECTION('center_axis',(0.,1.,0.));
#4581=DIRECTION('ref_axis',(-1.,0.,0.));
#4582=DIRECTION('',(-0.707106781186547,-0.707106781186548,8.65956056235493E-17));
#4583=DIRECTION('center_axis',(0.,-1.,0.));
#4584=DIRECTION('ref_axis',(-1.,0.,0.));
#4585=DIRECTION('center_axis',(0.,1.,0.));
#4586=DIRECTION('ref_axis',(-1.,0.,0.));
#4587=DIRECTION('',(0.,-1.,0.));
#4588=DIRECTION('center_axis',(0.,-1.,0.));
#4589=DIRECTION('ref_axis',(-1.,0.,0.));
#4590=DIRECTION('center_axis',(-1.,0.,0.));
#4591=DIRECTION('ref_axis',(0.,0.707106781186546,-0.707106781186549));
#4592=DIRECTION('center_axis',(1.,0.,0.));
#4593=DIRECTION('ref_axis',(0.,0.,-1.));
#4594=DIRECTION('',(-1.,0.,0.));
#4595=DIRECTION('center_axis',(-1.,0.,0.));
#4596=DIRECTION('ref_axis',(0.,1.,0.));
#4597=DIRECTION('',(1.,0.,0.));
#4598=DIRECTION('center_axis',(0.,-1.,0.));
#4599=DIRECTION('ref_axis',(0.,0.,-1.));
#4600=DIRECTION('center_axis',(0.,0.,-1.));
#4601=DIRECTION('ref_axis',(0.,1.,0.));
#4602=DIRECTION('center_axis',(0.,1.,0.));
#4603=DIRECTION('ref_axis',(-0.707106781186548,0.,0.707106781186548));
#4604=DIRECTION('center_axis',(0.,-1.,0.));
#4605=DIRECTION('ref_axis',(-0.707106781186548,0.,0.707106781186548));
#4606=DIRECTION('center_axis',(0.,0.,-1.));
#4607=DIRECTION('ref_axis',(0.707106781186546,0.707106781186549,0.));
#4608=DIRECTION('center_axis',(0.,0.,-1.));
#4609=DIRECTION('ref_axis',(0.,1.,0.));
#4610=DIRECTION('',(0.,0.,1.));
#4611=DIRECTION('',(0.,0.,-1.));
#4612=DIRECTION('center_axis',(0.,0.,-1.));
#4613=DIRECTION('ref_axis',(0.707106781186552,0.707106781186543,0.));
#4614=DIRECTION('center_axis',(0.,0.,1.));
#4615=DIRECTION('ref_axis',(1.,0.,0.));
#4616=DIRECTION('',(0.,0.,-1.));
#4617=DIRECTION('center_axis',(-4.44089209850064E-15,0.,-1.));
#4618=DIRECTION('ref_axis',(0.,1.,0.));
#4619=DIRECTION('',(0.,0.,1.));
#4620=DIRECTION('center_axis',(0.499564186608634,0.,-0.866276874594984));
#4621=DIRECTION('ref_axis',(0.612550252411198,0.707106781186553,0.353245223988902));
#4622=DIRECTION('center_axis',(-0.499564186608633,0.,0.866276874594985));
#4623=DIRECTION('ref_axis',(0.866276874594985,0.,0.499564186608633));
#4624=DIRECTION('',(0.499564186608634,0.,-0.866276874594984));
#4625=DIRECTION('center_axis',(0.499564186608637,0.,-0.866276874594982));
#4626=DIRECTION('ref_axis',(0.,1.,0.));
#4627=DIRECTION('',(-0.499564186608634,0.,0.866276874594984));
#4628=DIRECTION('center_axis',(0.991644500991794,0.,0.129000711830348));
#4629=DIRECTION('ref_axis',(-0.0912172781131301,0.707106781186548,0.701198551177647));
#4630=DIRECTION('center_axis',(-0.991644500991794,0.,-0.129000711830347));
#4631=DIRECTION('ref_axis',(-0.129000711830347,0.,0.991644500991794));
#4632=DIRECTION('',(0.991644500991794,0.,0.129000711830348));
#4633=DIRECTION('center_axis',(0.991644500991794,0.,0.129000711830348));
#4634=DIRECTION('ref_axis',(0.,1.,0.));
#4635=DIRECTION('',(-0.991644500991794,0.,-0.129000711830348));
#4636=DIRECTION('center_axis',(0.,-1.,0.));
#4637=DIRECTION('ref_axis',(0.,0.,-1.));
#4638=DIRECTION('center_axis',(0.865973210385851,0.,0.50009039072354));
#4639=DIRECTION('ref_axis',(0.,1.,0.));
#4640=DIRECTION('center_axis',(0.,1.,0.));
#4641=DIRECTION('ref_axis',(0.320760381201852,0.,-0.947160375993022));
#4642=DIRECTION('center_axis',(0.,-1.,0.));
#4643=DIRECTION('ref_axis',(0.320760381201852,0.,-0.947160375993022));
#4644=DIRECTION('center_axis',(0.865973210385849,0.,0.500090390723544));
#4645=DIRECTION('ref_axis',(-0.353617306486848,0.707106781186546,0.61233552938972));
#4646=DIRECTION('center_axis',(0.86597321038585,0.,0.500090390723542));
#4647=DIRECTION('ref_axis',(0.,1.,0.));
#4648=DIRECTION('',(-0.865973210385849,0.,-0.500090390723544));
#4649=DIRECTION('',(0.865973210385849,0.,0.500090390723544));
#4650=DIRECTION('center_axis',(1.,0.,0.));
#4651=DIRECTION('ref_axis',(0.,0.707106781186549,0.707106781186546));
#4652=DIRECTION('center_axis',(-1.,0.,0.));
#4653=DIRECTION('ref_axis',(0.,0.,1.));
#4654=DIRECTION('',(1.,0.,0.));
#4655=DIRECTION('center_axis',(1.,0.,-1.11022302462516E-15));
#4656=DIRECTION('ref_axis',(0.,1.,0.));
#4657=DIRECTION('',(-1.,0.,0.));
#4658=DIRECTION('center_axis',(0.,-1.,0.));
#4659=DIRECTION('ref_axis',(0.,0.,-1.));
#4660=DIRECTION('center_axis',(0.58922122595757,0.,0.807971748813693));
#4661=DIRECTION('ref_axis',(0.,1.,0.));
#4662=DIRECTION('center_axis',(0.,1.,0.));
#4663=DIRECTION('ref_axis',(0.453199058936814,0.,-0.891409340863549));
#4664=DIRECTION('center_axis',(0.,-1.,0.));
#4665=DIRECTION('ref_axis',(0.453199058936814,0.,-0.891409340863549));
#4666=DIRECTION('center_axis',(0.589221225957569,0.,0.807971748813694));
#4667=DIRECTION('ref_axis',(-0.571322302593318,0.707106781186548,0.416642324493646));
#4668=DIRECTION('center_axis',(0.589221225957568,0.,0.807971748813695));
#4669=DIRECTION('ref_axis',(0.,1.,0.));
#4670=DIRECTION('',(-0.589221225957569,0.,-0.807971748813694));
#4671=DIRECTION('',(0.589221225957569,0.,0.807971748813694));
#4672=DIRECTION('center_axis',(0.,0.,1.));
#4673=DIRECTION('ref_axis',(-0.707106781186546,0.707106781186549,0.));
#4674=DIRECTION('center_axis',(0.,0.,-1.));
#4675=DIRECTION('ref_axis',(-1.,0.,0.));
#4676=DIRECTION('',(0.,0.,1.));
#4677=DIRECTION('center_axis',(0.,0.,1.));
#4678=DIRECTION('ref_axis',(0.,1.,0.));
#4679=DIRECTION('',(0.,0.,-1.));
#4680=DIRECTION('center_axis',(4.67457502891079E-16,0.,1.));
#4681=DIRECTION('ref_axis',(-0.707106781186548,0.707106781186548,0.));
#4682=DIRECTION('center_axis',(-4.44089209850061E-15,0.,-1.));
#4683=DIRECTION('ref_axis',(-1.,0.,4.44089209850061E-15));
#4684=DIRECTION('',(4.67457502891079E-16,0.,1.));
#4685=DIRECTION('center_axis',(0.,0.,1.));
#4686=DIRECTION('ref_axis',(0.,1.,0.));
#4687=DIRECTION('',(-4.67457502891079E-16,0.,-1.));
#4688=DIRECTION('center_axis',(0.,-1.,0.));
#4689=DIRECTION('ref_axis',(0.,0.,-1.));
#4690=DIRECTION('center_axis',(-1.,0.,0.));
#4691=DIRECTION('ref_axis',(0.,1.,0.));
#4692=DIRECTION('center_axis',(0.,1.,0.));
#4693=DIRECTION('ref_axis',(0.707106781186548,0.,0.707106781186548));
#4694=DIRECTION('center_axis',(0.,-1.,0.));
#4695=DIRECTION('ref_axis',(0.707106781186548,0.,0.707106781186548));
#4696=DIRECTION('center_axis',(-1.,0.,-1.16865153995148E-16));
#4697=DIRECTION('ref_axis',(0.,0.707106781186549,-0.707106781186546));
#4698=DIRECTION('center_axis',(-1.,0.,0.));
#4699=DIRECTION('ref_axis',(0.,1.,0.));
#4700=DIRECTION('',(1.,0.,1.16865153995148E-16));
#4701=DIRECTION('',(-1.,0.,-1.16865153995148E-16));
#4702=DIRECTION('center_axis',(0.000205480470414954,0.,0.999999978888888));
#4703=DIRECTION('ref_axis',(-0.707106766258737,0.707106781186548,0.000145296634031392));
#4704=DIRECTION('center_axis',(-0.000205480470421016,0.,-0.999999978888888));
#4705=DIRECTION('ref_axis',(-0.999999978888888,0.,0.000205480470421016));
#4706=DIRECTION('',(0.000205480470414954,0.,0.999999978888888));
#4707=DIRECTION('center_axis',(0.000205480470421015,0.,0.999999978888888));
#4708=DIRECTION('ref_axis',(0.,1.,0.));
#4709=DIRECTION('',(-0.000205480470414954,0.,-0.999999978888888));
#4710=DIRECTION('center_axis',(0.,-1.,0.));
#4711=DIRECTION('ref_axis',(0.,0.,-1.));
#4712=DIRECTION('center_axis',(-1.,0.,-2.7755575615629E-16));
#4713=DIRECTION('ref_axis',(0.,1.,0.));
#4714=DIRECTION('center_axis',(0.,1.,0.));
#4715=DIRECTION('ref_axis',(0.707179425771997,0.,0.707034129137193));
#4716=DIRECTION('center_axis',(0.,-1.,0.));
#4717=DIRECTION('ref_axis',(0.707179425771997,0.,0.707034129137193));
#4718=DIRECTION('center_axis',(-1.,0.,0.));
#4719=DIRECTION('ref_axis',(0.,0.707106781186546,-0.707106781186549));
#4720=DIRECTION('center_axis',(-1.,0.,2.2204460492503E-15));
#4721=DIRECTION('ref_axis',(0.,1.,0.));
#4722=DIRECTION('',(1.,0.,0.));
#4723=DIRECTION('',(-1.,0.,0.));
#4724=DIRECTION('center_axis',(-1.,0.,0.));
#4725=DIRECTION('ref_axis',(0.,0.707106781186549,-0.707106781186546));
#4726=DIRECTION('center_axis',(1.,0.,0.));
#4727=DIRECTION('ref_axis',(0.,0.,-1.));
#4728=DIRECTION('',(-1.,0.,0.));
#4729=DIRECTION('center_axis',(-1.,0.,-5.5511151231258E-16));
#4730=DIRECTION('ref_axis',(0.,1.,0.));
#4731=DIRECTION('',(1.,0.,0.));
#4732=DIRECTION('center_axis',(-1.,0.,-8.88181006546971E-15));
#4733=DIRECTION('ref_axis',(6.28036983473511E-15,0.707106781186549,-0.707106781186546));
#4734=DIRECTION('center_axis',(1.,0.,8.88178419700124E-15));
#4735=DIRECTION('ref_axis',(8.88178419700124E-15,0.,-1.));
#4736=DIRECTION('',(-1.,0.,-8.88181006546971E-15));
#4737=DIRECTION('center_axis',(-1.,0.,-8.88178419700124E-15));
#4738=DIRECTION('ref_axis',(0.,1.,0.));
#4739=DIRECTION('',(1.,0.,8.88181006546971E-15));
#4740=DIRECTION('center_axis',(0.,-1.,0.));
#4741=DIRECTION('ref_axis',(0.,0.,-1.));
#4742=DIRECTION('center_axis',(-3.5527136788005E-14,0.,-1.));
#4743=DIRECTION('ref_axis',(0.,1.,0.));
#4744=DIRECTION('center_axis',(0.,1.,0.));
#4745=DIRECTION('ref_axis',(-0.707106781186536,0.,0.707106781186559));
#4746=DIRECTION('center_axis',(0.,-1.,0.));
#4747=DIRECTION('ref_axis',(-0.707106781186536,0.,0.707106781186559));
#4748=DIRECTION('center_axis',(-3.35506629882836E-14,0.,-1.));
#4749=DIRECTION('ref_axis',(0.707106781186546,0.707106781186549,-2.35513868802567E-14));
#4750=DIRECTION('center_axis',(-3.10862446895044E-14,0.,-1.));
#4751=DIRECTION('ref_axis',(0.,1.,0.));
#4752=DIRECTION('',(3.35506629882836E-14,0.,1.));
#4753=DIRECTION('',(-3.35506629882836E-14,0.,-1.));
#4754=DIRECTION('center_axis',(-1.,0.,0.));
#4755=DIRECTION('ref_axis',(0.,0.707106781186549,-0.707106781186546));
#4756=DIRECTION('center_axis',(1.,0.,0.));
#4757=DIRECTION('ref_axis',(0.,0.,-1.));
#4758=DIRECTION('',(-1.,0.,0.));
#4759=DIRECTION('center_axis',(-1.,0.,0.));
#4760=DIRECTION('ref_axis',(0.,1.,0.));
#4761=DIRECTION('',(1.,0.,0.));
#4762=DIRECTION('center_axis',(0.,0.,-1.));
#4763=DIRECTION('ref_axis',(0.707106781186546,0.707106781186549,0.));
#4764=DIRECTION('center_axis',(0.,0.,1.));
#4765=DIRECTION('ref_axis',(1.,0.,0.));
#4766=DIRECTION('',(0.,0.,-1.));
#4767=DIRECTION('center_axis',(0.,0.,-1.));
#4768=DIRECTION('ref_axis',(0.,1.,0.));
#4769=DIRECTION('',(0.,0.,1.));
#4770=DIRECTION('center_axis',(0.,-1.,0.));
#4771=DIRECTION('ref_axis',(0.,0.,-1.));
#4772=DIRECTION('center_axis',(0.,1.,0.));
#4773=DIRECTION('ref_axis',(-0.707106781186548,0.,0.707106781186548));
#4774=DIRECTION('center_axis',(0.,-1.,0.));
#4775=DIRECTION('ref_axis',(-0.707106781186548,0.,0.707106781186548));
#4776=DIRECTION('center_axis',(-0.408248290463866,-0.408248290463861,-0.816496580927725));
#4777=DIRECTION('ref_axis',(0.577350269189629,0.577350269189623,-0.577350269189625));
#4778=DIRECTION('center_axis',(0.,-1.,0.));
#4779=DIRECTION('ref_axis',(0.707106781186554,0.,-0.707106781186541));
#4780=DIRECTION('center_axis',(0.408248290463849,-0.816496580927731,-0.408248290463867));
#4781=DIRECTION('ref_axis',(0.577350269189619,0.577350269189618,-0.577350269189641));
#4782=DIRECTION('center_axis',(0.,-1.,0.));
#4783=DIRECTION('ref_axis',(0.707106781186534,0.,-0.707106781186561));
#4784=DIRECTION('center_axis',(-0.81646862288756,-0.408318195620364,0.408234294205449));
#4785=DIRECTION('ref_axis',(-0.577389805798553,0.577389817987893,-0.577271175656482));
#4786=DIRECTION('center_axis',(0.,-1.,0.));
#4787=DIRECTION('ref_axis',(-0.707179425771993,0.,-0.707034129137196));
#4788=DIRECTION('center_axis',(-0.408248290463862,-0.816496580927727,-0.408248290463863));
#4789=DIRECTION('ref_axis',(-0.577350269189625,0.577350269189626,-0.577350269189626));
#4790=DIRECTION('center_axis',(0.,-1.,0.));
#4791=DIRECTION('ref_axis',(-0.707106781186545,0.,-0.70710678118655));
#4792=DIRECTION('center_axis',(-0.40824829046386,-0.816496580927727,-0.408248290463864));
#4793=DIRECTION('ref_axis',(-0.577350269189623,0.577350269189627,-0.577350269189627));
#4794=DIRECTION('center_axis',(0.,-1.,0.));
#4795=DIRECTION('ref_axis',(-0.707106781186545,0.,-0.70710678118655));
#4796=DIRECTION('center_axis',(-0.816496580927727,-0.408248290463864,-0.40824829046386));
#4797=DIRECTION('ref_axis',(-0.577350269189624,0.577350269189629,0.577350269189624));
#4798=DIRECTION('center_axis',(0.,-1.,0.));
#4799=DIRECTION('ref_axis',(-0.707106781186548,0.,0.707106781186548));
#4800=DIRECTION('center_axis',(0.,0.,1.));
#4801=DIRECTION('ref_axis',(1.,0.,0.));
#4802=DIRECTION('center_axis',(0.,-1.,0.));
#4803=DIRECTION('ref_axis',(-0.509868091837153,0.,0.860252596000931));
#4804=DIRECTION('center_axis',(0.149570731745371,-0.816413867759094,0.557760694864555));
#4805=DIRECTION('ref_axis',(0.211460692858096,0.577467225503435,0.78855309196359));
#4806=DIRECTION('center_axis',(0.,-1.,0.));
#4807=DIRECTION('ref_axis',(0.259011637612821,0.,0.965874200701688));
#4808=DIRECTION('center_axis',(0.,0.,1.));
#4809=DIRECTION('ref_axis',(1.,0.,0.));
#4810=DIRECTION('center_axis',(0.,-1.,0.));
#4811=DIRECTION('ref_axis',(0.965990909531499,0.,0.258576028862899));
#4812=DIRECTION('center_axis',(-0.816496580927724,0.408248290463867,-0.408248290463862));
#4813=DIRECTION('ref_axis',(0.577350269189624,0.577350269189629,-0.577350269189624));
#4814=DIRECTION('center_axis',(0.,-1.,0.));
#4815=DIRECTION('ref_axis',(0.70710678118655,0.,-0.707106781186545));
#4816=DIRECTION('center_axis',(0.408248290463859,-0.816496580927727,-0.408248290463866));
#4817=DIRECTION('ref_axis',(0.577350269189622,0.577350269189623,-0.577350269189632));
#4818=DIRECTION('center_axis',(0.,-1.,0.));
#4819=DIRECTION('ref_axis',(0.707106781186545,0.,-0.70710678118655));
#4820=DIRECTION('center_axis',(0.,1.,0.));
#4821=DIRECTION('ref_axis',(0.453199058936815,0.,-0.891409340863548));
#4822=DIRECTION('',(0.,-1.,0.));
#4823=DIRECTION('center_axis',(0.,-1.,0.));
#4824=DIRECTION('ref_axis',(0.453199058936814,0.,-0.891409340863549));
#4825=DIRECTION('',(0.,1.,0.));
#4826=DIRECTION('center_axis',(-0.807971748813694,0.,0.589221225957569));
#4827=DIRECTION('ref_axis',(0.589221225957569,0.,0.807971748813694));
#4828=DIRECTION('',(0.,1.,0.));
#4829=DIRECTION('',(0.589221225957569,0.,0.807971748813694));
#4830=DIRECTION('center_axis',(0.807971748813694,0.,-0.589221225957569));
#4831=DIRECTION('ref_axis',(-0.262886261614155,0.894953789332849,-0.360483742231613));
#4832=DIRECTION('center_axis',(-0.807971748813694,0.,0.589221225957569));
#4833=DIRECTION('ref_axis',(0.262886261614156,-0.894953789332849,0.360483742231614));
#4834=DIRECTION('',(0.589221225957569,0.,0.807971748813694));
#4835=DIRECTION('center_axis',(0.,1.,0.));
#4836=DIRECTION('ref_axis',(-0.509868091837152,0.,0.860252596000932));
#4837=DIRECTION('',(0.,-1.,0.));
#4838=DIRECTION('center_axis',(0.,1.,0.));
#4839=DIRECTION('ref_axis',(-0.509868091837153,0.,0.860252596000931));
#4840=DIRECTION('center_axis',(-0.129000711830348,0.,0.991644500991794));
#4841=DIRECTION('ref_axis',(0.991644500991794,0.,0.129000711830348));
#4842=DIRECTION('',(0.,1.,0.));
#4843=DIRECTION('',(0.991644500991794,0.,0.129000711830348));
#4844=DIRECTION('center_axis',(0.,1.,0.));
#4845=DIRECTION('ref_axis',(0.320760381201849,0.,-0.947160375993023));
#4846=DIRECTION('',(0.,-1.,0.));
#4847=DIRECTION('center_axis',(0.,-1.,0.));
#4848=DIRECTION('ref_axis',(0.320760381201852,0.,-0.947160375993022));
#4849=DIRECTION('center_axis',(-0.500090390723544,0.,0.865973210385849));
#4850=DIRECTION('ref_axis',(0.865973210385849,0.,0.500090390723544));
#4851=DIRECTION('',(0.,1.,0.));
#4852=DIRECTION('',(0.865973210385849,0.,0.500090390723544));
#4853=DIRECTION('center_axis',(0.,1.,0.));
#4854=DIRECTION('ref_axis',(0.25901163761282,0.,0.965874200701688));
#4855=DIRECTION('',(0.,-1.,0.));
#4856=DIRECTION('center_axis',(0.,1.,0.));
#4857=DIRECTION('ref_axis',(0.259011637612821,0.,0.965874200701688));
#4858=DIRECTION('center_axis',(0.866276874594984,0.,0.499564186608634));
#4859=DIRECTION('ref_axis',(0.499564186608634,0.,-0.866276874594984));
#4860=DIRECTION('',(0.,1.,0.));
#4861=DIRECTION('center_axis',(-0.866276874594984,0.,-0.499564186608634));
#4862=DIRECTION('ref_axis',(0.246917994277189,0.869310258614782,-0.428171902825526));
#4863=DIRECTION('',(0.499564186608634,0.,-0.866276874594984));
#4864=DIRECTION('center_axis',(0.,1.,0.));
#4865=DIRECTION('ref_axis',(0.965990909531499,0.,0.2585760288629));
#4866=DIRECTION('',(0.,-1.,0.));
#4867=DIRECTION('center_axis',(1.,0.,0.));
#4868=DIRECTION('ref_axis',(0.,0.,-1.));
#4869=DIRECTION('',(0.,1.,0.));
#4870=DIRECTION('',(0.,0.,-1.));
#4871=DIRECTION('center_axis',(1.,0.,0.));
#4872=DIRECTION('ref_axis',(0.,3.20586843958557E-16,1.));
#4873=DIRECTION('center_axis',(-1.,0.,0.));
#4874=DIRECTION('ref_axis',(5.02429586778808E-15,0.707106781186546,-0.707106781186549));
#4875=DIRECTION('',(0.,2.39023062715391E-15,1.));
#4876=DIRECTION('center_axis',(-1.,0.,0.));
#4877=DIRECTION('ref_axis',(-5.02429586778808E-15,-0.707106781186545,0.70710678118655));
#4878=DIRECTION('',(0.,-2.39023062715391E-15,-1.));
#4879=DIRECTION('center_axis',(0.,1.,0.));
#4880=DIRECTION('ref_axis',(0.707106781186554,0.,-0.707106781186541));
#4881=DIRECTION('',(0.,-1.,0.));
#4882=DIRECTION('center_axis',(0.,1.,0.));
#4883=DIRECTION('ref_axis',(0.707106781186548,0.,-0.707106781186548));
#4884=DIRECTION('center_axis',(0.,0.,-1.));
#4885=DIRECTION('ref_axis',(-1.,0.,0.));
#4886=DIRECTION('',(0.,1.,0.));
#4887=DIRECTION('center_axis',(0.,0.,-1.));
#4888=DIRECTION('ref_axis',(-0.0284154785983404,-0.999596198760293,0.));
#4889=DIRECTION('',(-1.,0.,0.));
#4890=DIRECTION('',(1.,5.55111512312574E-15,0.));
#4891=DIRECTION('center_axis',(0.,0.,1.));
#4892=DIRECTION('ref_axis',(0.707106781186552,-0.707106781186543,0.));
#4893=DIRECTION('',(-1.,-5.55111512312574E-15,0.));
#4894=DIRECTION('center_axis',(0.,0.,1.));
#4895=DIRECTION('ref_axis',(-0.707106781186552,0.707106781186543,0.));
#4896=DIRECTION('center_axis',(0.,1.,0.));
#4897=DIRECTION('ref_axis',(-0.707106781186544,0.,0.707106781186551));
#4898=DIRECTION('',(0.,-1.,0.));
#4899=DIRECTION('center_axis',(1.,0.,0.));
#4900=DIRECTION('ref_axis',(0.,0.,-1.));
#4901=DIRECTION('',(0.,1.,0.));
#4902=DIRECTION('',(0.,0.,-1.));
#4903=DIRECTION('center_axis',(0.,1.,0.));
#4904=DIRECTION('ref_axis',(0.707106781186544,0.,-0.707106781186551));
#4905=DIRECTION('',(0.,-1.,0.));
#4906=DIRECTION('center_axis',(0.,0.,-1.));
#4907=DIRECTION('ref_axis',(-1.,0.,0.));
#4908=DIRECTION('',(0.,1.,0.));
#4909=DIRECTION('',(-1.,0.,0.));
#4910=DIRECTION('center_axis',(0.,0.,1.));
#4911=DIRECTION('ref_axis',(0.210430715716423,0.977608773427834,0.));
#4912=DIRECTION('center_axis',(0.,1.,0.));
#4913=DIRECTION('ref_axis',(-0.707106781186544,0.,0.707106781186551));
#4914=DIRECTION('',(0.,-1.,0.));
#4915=DIRECTION('center_axis',(0.,-1.,0.));
#4916=DIRECTION('ref_axis',(-0.707106781186548,0.,0.707106781186548));
#4917=DIRECTION('center_axis',(1.,0.,0.));
#4918=DIRECTION('ref_axis',(0.,0.,-1.));
#4919=DIRECTION('',(0.,1.,0.));
#4920=DIRECTION('',(0.,0.,-1.));
#4921=DIRECTION('center_axis',(0.,-1.,0.));
#4922=DIRECTION('ref_axis',(1.,0.,0.));
#4923=DIRECTION('center_axis',(-0.0912172781131311,0.707106781186547,0.701198551177648));
#4924=DIRECTION('ref_axis',(0.991644500991794,0.,0.129000711830348));
#4925=DIRECTION('',(0.0912172781131301,0.707106781186548,-0.701198551177647));
#4926=DIRECTION('',(-0.0912172781131312,-0.707106781186548,0.701198551177647));
#4927=DIRECTION('',(0.991644500991794,0.,0.129000711830348));
#4928=DIRECTION('center_axis',(0.,1.,0.));
#4929=DIRECTION('ref_axis',(0.320760381201855,0.,-0.947160375993021));
#4930=DIRECTION('center_axis',(0.,-1.,0.));
#4931=DIRECTION('ref_axis',(0.320760381201855,0.,-0.947160375993021));
#4932=DIRECTION('',(0.353617306486851,0.707106781186549,-0.612335529389714));
#4933=DIRECTION('center_axis',(-0.353617306486849,0.707106781186547,0.612335529389719));
#4934=DIRECTION('ref_axis',(0.865973210385848,0.,0.500090390723544));
#4935=DIRECTION('',(0.35361730648685,0.707106781186548,-0.612335529389717));
#4936=DIRECTION('',(0.865973210385848,0.,0.500090390723544));
#4937=DIRECTION('center_axis',(0.,-1.,0.));
#4938=DIRECTION('ref_axis',(0.259011637612818,0.,0.965874200701689));
#4939=DIRECTION('center_axis',(0.,1.,0.));
#4940=DIRECTION('ref_axis',(0.259011637612818,0.,0.965874200701689));
#4941=DIRECTION('',(-0.612550252411202,0.707106781186547,-0.353245223988907));
#4942=DIRECTION('center_axis',(0.612550252411201,0.707106781186548,0.353245223988907));
#4943=DIRECTION('ref_axis',(0.499564186608634,0.,-0.866276874594984));
#4944=DIRECTION('',(-0.612550252411202,0.707106781186547,-0.353245223988907));
#4945=DIRECTION('',(0.499564186608634,0.,-0.866276874594984));
#4946=DIRECTION('center_axis',(0.,-1.,0.));
#4947=DIRECTION('ref_axis',(0.965990909531498,0.,0.258576028862902));
#4948=DIRECTION('center_axis',(0.,1.,0.));
#4949=DIRECTION('ref_axis',(0.965990909531499,0.,0.258576028862902));
#4950=DIRECTION('',(-0.707106781186544,0.707106781186551,0.));
#4951=DIRECTION('center_axis',(0.707106781186547,0.707106781186548,0.));
#4952=DIRECTION('ref_axis',(0.,0.,-1.));
#4953=DIRECTION('',(-0.707106781186548,0.707106781186547,-2.09345661157836E-15));
#4954=DIRECTION('',(0.,0.,-1.));
#4955=DIRECTION('center_axis',(0.,-1.,0.));
#4956=DIRECTION('ref_axis',(0.707106781186547,0.,-0.707106781186547));
#4957=DIRECTION('center_axis',(0.,1.,0.));
#4958=DIRECTION('ref_axis',(0.707106781186548,0.,-0.707106781186548));
#4959=DIRECTION('',(0.,0.707106781186548,0.707106781186547));
#4960=DIRECTION('center_axis',(0.,0.707106781186547,-0.707106781186548));
#4961=DIRECTION('ref_axis',(-1.,0.,0.));
#4962=DIRECTION('',(0.,0.707106781186548,0.707106781186547));
#4963=DIRECTION('',(-1.,0.,0.));
#4964=DIRECTION('center_axis',(0.,1.,0.));
#4965=DIRECTION('ref_axis',(-0.869267744955493,0.,0.494341569747065));
#4966=DIRECTION('center_axis',(0.,-1.,0.));
#4967=DIRECTION('ref_axis',(-0.869267744955493,0.,0.494341569747065));
#4968=DIRECTION('',(-0.469965859521449,0.707106781186548,0.52832952868855));
#4969=DIRECTION('center_axis',(0.,-1.,0.));
#4970=DIRECTION('ref_axis',(0.355548319589946,0.,-0.934657901286223));
#4971=DIRECTION('center_axis',(0.,1.,0.));
#4972=DIRECTION('ref_axis',(0.355548319589946,0.,-0.934657901286222));
#4973=DIRECTION('',(0.,0.707106781186548,0.707106781186547));
#4974=DIRECTION('center_axis',(0.,0.707106781186547,-0.707106781186548));
#4975=DIRECTION('ref_axis',(-1.,0.,0.));
#4976=DIRECTION('',(0.,0.707106781186548,0.707106781186547));
#4977=DIRECTION('',(-1.,0.,0.));
#4978=DIRECTION('center_axis',(0.,1.,0.));
#4979=DIRECTION('ref_axis',(-0.89886204975499,0.,0.438231691585922));
#4980=DIRECTION('center_axis',(0.,-1.,0.));
#4981=DIRECTION('ref_axis',(-0.898862049754989,0.,0.438231691585922));
#4982=DIRECTION('',(-0.491361577827101,0.707106781186546,0.508491691018903));
#4983=DIRECTION('center_axis',(0.,-1.,0.));
#4984=DIRECTION('ref_axis',(0.374756023438615,0.,-0.927123466910679));
#4985=DIRECTION('center_axis',(0.,1.,0.));
#4986=DIRECTION('ref_axis',(0.374756023438615,0.,-0.927123466910679));
#4987=DIRECTION('',(-4.18691322315674E-15,0.707106781186549,0.707106781186546));
#4988=DIRECTION('center_axis',(6.28038812650454E-15,0.707106781186547,-0.707106781186548));
#4989=DIRECTION('ref_axis',(-1.,0.,-8.88181006546966E-15));
#4990=DIRECTION('',(-6.2803698347351E-15,0.707106781186548,0.707106781186547));
#4991=DIRECTION('',(-1.,0.,-8.88181006546966E-15));
#4992=DIRECTION('center_axis',(0.,1.,0.));
#4993=DIRECTION('ref_axis',(-0.869268256660875,0.,0.494340669945093));
#4994=DIRECTION('center_axis',(0.,-1.,0.));
#4995=DIRECTION('ref_axis',(-0.869268256660875,0.,0.494340669945093));
#4996=DIRECTION('',(-0.469966217156623,0.707106781186548,0.528329210560512));
#4997=DIRECTION('center_axis',(0.,-1.,0.));
#4998=DIRECTION('ref_axis',(0.355548635932874,0.,-0.934657780947804));
#4999=DIRECTION('center_axis',(0.,1.,0.));
#5000=DIRECTION('ref_axis',(0.355548635932874,0.,-0.934657780947804));
#5001=DIRECTION('',(0.,0.707106781186549,0.707106781186546));
#5002=DIRECTION('center_axis',(0.,0.707106781186547,-0.707106781186548));
#5003=DIRECTION('ref_axis',(-1.,0.,0.));
#5004=DIRECTION('',(2.61682076447296E-16,0.707106781186548,0.707106781186547));
#5005=DIRECTION('',(-1.,0.,0.));
#5006=DIRECTION('center_axis',(0.,-1.,0.));
#5007=DIRECTION('ref_axis',(-0.355548633673863,0.,-0.934657781807143));
#5008=DIRECTION('center_axis',(0.,1.,0.));
#5009=DIRECTION('ref_axis',(-0.355548633673862,0.,-0.934657781807143));
#5010=DIRECTION('',(0.469966214602745,0.707106781186548,0.528329212832271));
#5011=DIRECTION('center_axis',(0.,1.,0.));
#5012=DIRECTION('ref_axis',(0.86926825300678,0.,0.494340676370598));
#5013=DIRECTION('center_axis',(0.,-1.,0.));
#5014=DIRECTION('ref_axis',(0.86926825300678,0.,0.494340676370598));
#5015=DIRECTION('',(0.,0.707106781186548,0.707106781186547));
#5016=DIRECTION('center_axis',(0.,0.707106781186547,-0.707106781186548));
#5017=DIRECTION('ref_axis',(-1.,0.,0.));
#5018=DIRECTION('',(0.,0.707106781186548,0.707106781186547));
#5019=DIRECTION('',(-1.,0.,0.));
#5020=DIRECTION('center_axis',(0.,-1.,0.));
#5021=DIRECTION('ref_axis',(0.,0.,-1.));
#5022=DIRECTION('center_axis',(0.,1.,0.));
#5023=DIRECTION('ref_axis',(0.,0.,-1.));
#5024=DIRECTION('',(0.625530487090731,0.707106781186548,0.329714436626655));
#5025=DIRECTION('center_axis',(0.,1.,0.));
#5026=DIRECTION('ref_axis',(0.707106781186548,0.,0.707106781186548));
#5027=DIRECTION('center_axis',(0.,-1.,0.));
#5028=DIRECTION('ref_axis',(0.707106781186548,0.,0.707106781186548));
#5029=DIRECTION('',(0.,0.707106781186549,0.707106781186546));
#5030=DIRECTION('center_axis',(8.26361428743791E-17,0.707106781186548,-0.707106781186547));
#5031=DIRECTION('ref_axis',(-1.,0.,-1.16865153995148E-16));
#5032=DIRECTION('',(0.,0.707106781186547,0.707106781186548));
#5033=DIRECTION('',(-1.,0.,-1.16865153995148E-16));
#5034=DIRECTION('center_axis',(0.,-1.,0.));
#5035=DIRECTION('ref_axis',(-0.707106781186547,0.,-0.707106781186547));
#5036=DIRECTION('center_axis',(0.,1.,0.));
#5037=DIRECTION('ref_axis',(-0.707106781186548,0.,-0.707106781186548));
#5038=DIRECTION('',(0.707106781186548,0.707106781186547,0.));
#5039=DIRECTION('center_axis',(-0.707106781186547,0.707106781186548,0.));
#5040=DIRECTION('ref_axis',(0.,0.,1.));
#5041=DIRECTION('',(0.707106781186548,0.707106781186547,0.));
#5042=DIRECTION('',(0.,0.,1.));
#5043=DIRECTION('center_axis',(0.,-1.,0.));
#5044=DIRECTION('ref_axis',(-0.707106781186548,0.,0.707106781186548));
#5045=DIRECTION('center_axis',(0.,1.,0.));
#5046=DIRECTION('ref_axis',(-0.707106781186548,0.,0.707106781186548));
#5047=DIRECTION('',(0.,0.707106781186548,-0.707106781186547));
#5048=DIRECTION('center_axis',(0.,0.707106781186547,0.707106781186548));
#5049=DIRECTION('ref_axis',(1.,0.,0.));
#5050=DIRECTION('',(0.,0.707106781186548,-0.707106781186547));
#5051=DIRECTION('',(1.,0.,0.));
#5052=DIRECTION('center_axis',(0.,1.,0.));
#5053=DIRECTION('ref_axis',(0.453199058936816,0.,-0.891409340863548));
#5054=DIRECTION('center_axis',(0.,-1.,0.));
#5055=DIRECTION('ref_axis',(0.453199058936816,0.,-0.891409340863547));
#5056=DIRECTION('',(0.571322302593315,0.70710678118655,-0.416642324493647));
#5057=DIRECTION('center_axis',(-0.571322302593316,0.707106781186549,0.416642324493647));
#5058=DIRECTION('ref_axis',(0.589221225957569,0.,0.807971748813694));
#5059=DIRECTION('',(0.571322302593321,0.707106781186546,-0.416642324493645));
#5060=DIRECTION('',(0.589221225957569,0.,0.807971748813694));
#5061=DIRECTION('center_axis',(0.,-1.,0.));
#5062=DIRECTION('ref_axis',(-0.509868091837149,0.,0.860252596000933));
#5063=DIRECTION('center_axis',(0.,1.,0.));
#5064=DIRECTION('ref_axis',(-0.509868091837149,0.,0.860252596000933));
#5065=DIRECTION('center_axis',(0.,1.,0.));
#5066=DIRECTION('ref_axis',(-0.869268256660875,0.,0.494340669945093));
#5067=DIRECTION('',(0.,-1.,0.));
#5068=DIRECTION('center_axis',(0.,1.,0.));
#5069=DIRECTION('ref_axis',(-0.355548635932877,0.,0.934657780947802));
#5070=DIRECTION('',(0.,-1.,0.));
#5071=DIRECTION('center_axis',(8.88181006546966E-15,0.,-1.));
#5072=DIRECTION('ref_axis',(-1.,0.,-8.88181006546966E-15));
#5073=DIRECTION('',(0.,1.,0.));
#5074=DIRECTION('',(1.,0.,8.88181006546966E-15));
#5075=DIRECTION('center_axis',(0.,1.,0.));
#5076=DIRECTION('ref_axis',(0.374756023438615,0.,-0.927123466910679));
#5077=DIRECTION('',(0.,-1.,0.));
#5078=DIRECTION('center_axis',(0.,-1.,0.));
#5079=DIRECTION('ref_axis',(0.374756023438615,0.,-0.927123466910679));
#5080=DIRECTION('center_axis',(0.,1.,0.));
#5081=DIRECTION('ref_axis',(-0.89886204975499,0.,0.438231691585922));
#5082=DIRECTION('',(0.,-1.,0.));
#5083=DIRECTION('center_axis',(0.,1.,0.));
#5084=DIRECTION('ref_axis',(-0.374756023438611,0.,0.92712346691068));
#5085=DIRECTION('center_axis',(0.,0.,-1.));
#5086=DIRECTION('ref_axis',(-1.,0.,0.));
#5087=DIRECTION('',(0.,1.,0.));
#5088=DIRECTION('',(1.,0.,0.));
#5089=DIRECTION('center_axis',(0.,0.,1.));
#5090=DIRECTION('ref_axis',(-0.249999999999999,-0.968245836551854,0.));
#5091=DIRECTION('center_axis',(0.,0.,-1.));
#5092=DIRECTION('ref_axis',(0.249999999999999,0.968245836551854,0.));
#5093=DIRECTION('',(1.,0.,0.));
#5094=DIRECTION('center_axis',(0.,1.,0.));
#5095=DIRECTION('ref_axis',(0.355548319589946,0.,-0.934657901286222));
#5096=DIRECTION('',(0.,-1.,0.));
#5097=DIRECTION('',(0.,-1.,0.));
#5098=DIRECTION('center_axis',(0.,-1.,0.));
#5099=DIRECTION('ref_axis',(0.236726889459283,0.,-0.971576234686158));
#5100=DIRECTION('center_axis',(0.,1.,0.));
#5101=DIRECTION('ref_axis',(-0.869267744955493,0.,0.494341569747065));
#5102=DIRECTION('',(0.,-1.,0.));
#5103=DIRECTION('center_axis',(5.55111512312574E-15,-1.,-2.49800180540659E-15));
#5104=DIRECTION('ref_axis',(-0.869267744955493,0.,0.494341569747065));
#5105=DIRECTION('center_axis',(0.,0.,-1.));
#5106=DIRECTION('ref_axis',(-1.,0.,0.));
#5107=DIRECTION('',(0.,1.,0.));
#5108=DIRECTION('',(1.,0.,0.));
#5109=DIRECTION('',(0.,1.,0.));
#5110=DIRECTION('center_axis',(0.,0.,-1.));
#5111=DIRECTION('ref_axis',(-0.707106781186543,-0.707106781186552,-3.76822190084106E-15));
#5112=DIRECTION('',(1.,5.55111512312574E-15,0.));
#5113=DIRECTION('center_axis',(0.,0.,-1.));
#5114=DIRECTION('ref_axis',(0.707106781186543,0.707106781186552,3.76822190084106E-15));
#5115=DIRECTION('',(-1.,-5.55111512312574E-15,0.));
#5116=DIRECTION('center_axis',(0.,1.,0.));
#5117=DIRECTION('ref_axis',(0.707106781186548,0.,-0.707106781186548));
#5118=DIRECTION('',(0.,-1.,0.));
#5119=DIRECTION('center_axis',(0.,-1.,0.));
#5120=DIRECTION('ref_axis',(0.707106781186548,0.,-0.707106781186548));
#5121=DIRECTION('center_axis',(1.,0.,0.));
#5122=DIRECTION('ref_axis',(0.,0.,-1.));
#5123=DIRECTION('',(0.,1.,0.));
#5124=DIRECTION('',(0.,0.,1.));
#5125=DIRECTION('center_axis',(1.,0.,0.));
#5126=DIRECTION('ref_axis',(-1.00485917355762E-14,-0.707106781186549,-0.707106781186546));
#5127=DIRECTION('',(0.,2.39023062715391E-15,1.));
#5128=DIRECTION('center_axis',(1.,0.,0.));
#5129=DIRECTION('ref_axis',(5.02429586778808E-15,0.707106781186549,0.707106781186545));
#5130=DIRECTION('',(0.,-2.39023062715391E-15,-1.));
#5131=DIRECTION('center_axis',(0.,1.,0.));
#5132=DIRECTION('ref_axis',(0.965990909531498,0.,0.258576028862902));
#5133=DIRECTION('',(0.,-1.,0.));
#5134=DIRECTION('center_axis',(0.,-1.,0.));
#5135=DIRECTION('ref_axis',(0.995531057836266,0.,0.0944347016906627));
#5136=DIRECTION('center_axis',(0.866276874594984,0.,0.499564186608634));
#5137=DIRECTION('ref_axis',(0.499564186608634,0.,-0.866276874594984));
#5138=DIRECTION('',(0.,1.,0.));
#5139=DIRECTION('',(-0.499564186608634,0.,0.866276874594984));
#5140=DIRECTION('center_axis',(0.866276874594984,0.,0.499564186608634));
#5141=DIRECTION('ref_axis',(0.246917994277188,0.869310258614782,-0.428171902825526));
#5142=DIRECTION('center_axis',(0.,1.,0.));
#5143=DIRECTION('ref_axis',(0.259011637612818,0.,0.965874200701689));
#5144=DIRECTION('',(0.,-1.,0.));
#5145=DIRECTION('center_axis',(0.,-1.,0.));
#5146=DIRECTION('ref_axis',(0.259011637612819,0.,0.965874200701688));
#5147=DIRECTION('center_axis',(-0.500090390723544,0.,0.865973210385848));
#5148=DIRECTION('ref_axis',(0.865973210385848,0.,0.500090390723544));
#5149=DIRECTION('',(0.,1.,0.));
#5150=DIRECTION('',(-0.865973210385848,0.,-0.500090390723544));
#5151=DIRECTION('center_axis',(0.,1.,0.));
#5152=DIRECTION('ref_axis',(0.320760381201855,0.,-0.947160375993021));
#5153=DIRECTION('',(0.,-1.,0.));
#5154=DIRECTION('center_axis',(0.,1.,0.));
#5155=DIRECTION('ref_axis',(0.320760381201853,0.,-0.947160375993021));
#5156=DIRECTION('center_axis',(-0.129000711830348,0.,0.991644500991794));
#5157=DIRECTION('ref_axis',(0.991644500991794,0.,0.129000711830348));
#5158=DIRECTION('',(0.,1.,0.));
#5159=DIRECTION('',(-0.991644500991794,0.,-0.129000711830348));
#5160=DIRECTION('center_axis',(0.20472618028905,-0.85789140218491,-0.471284980835868));
#5161=DIRECTION('ref_axis',(-0.429296690923486,-0.511400651465801,0.744428455153683));
#5162=DIRECTION('center_axis',(-1.6901420110689E-12,0.421526407388364,0.906816126827406));
#5163=DIRECTION('ref_axis',(-1.,2.91433543964099E-15,-1.86517468137024E-12));
#5164=DIRECTION('center_axis',(0.,0.,1.));
#5165=DIRECTION('ref_axis',(-1.,0.,0.));
#5166=DIRECTION('center_axis',(-0.993408382993874,0.,-0.114628899486549));
#5167=DIRECTION('ref_axis',(-0.114628899486549,3.18436666670804E-16,0.993408382993874));
#5168=DIRECTION('center_axis',(0.,0.,-1.));
#5169=DIRECTION('ref_axis',(-0.707106781186553,-0.707106781186543,0.));
#5170=DIRECTION('center_axis',(0.,0.,1.));
#5171=DIRECTION('ref_axis',(-1.,0.,0.));
#5172=DIRECTION('',(0.,0.,1.));
#5173=DIRECTION('center_axis',(0.,-1.,0.));
#5174=DIRECTION('ref_axis',(0.,0.,-1.));
#5175=DIRECTION('center_axis',(1.,0.,0.));
#5176=DIRECTION('ref_axis',(0.,0.,1.));
#5177=DIRECTION('center_axis',(0.,-1.,0.));
#5178=DIRECTION('ref_axis',(0.707106781186548,0.,-0.707106781186548));
#5179=DIRECTION('center_axis',(-1.,0.,0.));
#5180=DIRECTION('ref_axis',(0.,-0.707106781186549,0.707106781186546));
#5181=DIRECTION('center_axis',(1.,0.,0.));
#5182=DIRECTION('ref_axis',(0.,0.,1.));
#5183=DIRECTION('',(1.,0.,0.));
#5184=DIRECTION('center_axis',(0.,0.,-1.));
#5185=DIRECTION('ref_axis',(-1.,0.,0.));
#5186=DIRECTION('center_axis',(0.9978902480327,-0.0649234386122366,9.0099370481429E-18));
#5187=DIRECTION('ref_axis',(0.,1.38777878078145E-16,1.));
#5188=DIRECTION('center_axis',(0.,0.,1.));
#5189=DIRECTION('ref_axis',(-0.0284154785983404,-0.999596198760293,0.));
#5190=DIRECTION('center_axis',(0.,0.,1.));
#5191=DIRECTION('ref_axis',(-1.,0.,0.));
#5192=DIRECTION('center_axis',(0.,0.,-1.));
#5193=DIRECTION('ref_axis',(-0.777103783760368,-0.629372472598953,0.));
#5194=DIRECTION('center_axis',(0.,0.,1.));
#5195=DIRECTION('ref_axis',(-1.,0.,0.));
#5196=DIRECTION('',(0.,0.,1.));
#5197=DIRECTION('center_axis',(0.830309634651349,-0.459396483885744,0.315500841834944));
#5198=DIRECTION('ref_axis',(-0.35520121411805,-1.7347234759768E-17,0.934789868092858));
#5199=DIRECTION('center_axis',(0.930723934936606,-0.365722513575689,3.2235095036519E-11));
#5200=DIRECTION('ref_axis',(-3.4638958368305E-11,-1.1518563880486E-14,1.));
#5201=DIRECTION('center_axis',(-1.,0.,0.));
#5202=DIRECTION('ref_axis',(0.,-0.707106781186549,0.707106781186546));
#5203=DIRECTION('center_axis',(-1.,0.,0.));
#5204=DIRECTION('ref_axis',(0.,-1.,0.));
#5205=DIRECTION('center_axis',(1.,0.,0.));
#5206=DIRECTION('ref_axis',(0.,0.,1.));
#5207=DIRECTION('',(1.,0.,0.));
#5208=DIRECTION('center_axis',(0.,0.,1.));
#5209=DIRECTION('ref_axis',(-1.,0.,0.));
#5210=DIRECTION('center_axis',(0.,1.,0.));
#5211=DIRECTION('ref_axis',(-0.707106781186547,0.,0.707106781186547));
#5212=DIRECTION('center_axis',(0.,0.,-1.));
#5213=DIRECTION('ref_axis',(-0.70710678118654,-0.707106781186555,0.));
#5214=DIRECTION('center_axis',(0.,0.,1.));
#5215=DIRECTION('ref_axis',(-1.,0.,0.));
#5216=DIRECTION('',(0.,0.,1.));
#5217=DIRECTION('center_axis',(0.,-1.,0.));
#5218=DIRECTION('ref_axis',(0.,0.,-1.));
#5219=DIRECTION('center_axis',(1.,0.,1.77635683940026E-14));
#5220=DIRECTION('ref_axis',(-1.77635683940026E-14,0.,1.));
#5221=DIRECTION('center_axis',(0.,-1.,0.));
#5222=DIRECTION('ref_axis',(0.707106781186552,0.,-0.707106781186543));
#5223=DIRECTION('center_axis',(0.,1.,0.));
#5224=DIRECTION('ref_axis',(0.707106781186552,0.,-0.707106781186543));
#5225=DIRECTION('center_axis',(-1.,0.,-8.88181006546971E-15));
#5226=DIRECTION('ref_axis',(0.,-0.707106781186549,0.707106781186546));
#5227=DIRECTION('center_axis',(1.,0.,8.88178419700128E-15));
#5228=DIRECTION('ref_axis',(-8.88178419700128E-15,0.,1.));
#5229=DIRECTION('',(1.,0.,8.88181006546971E-15));
#5230=DIRECTION('',(-1.,0.,-8.88181006546971E-15));
#5231=DIRECTION('center_axis',(3.55271367880048E-14,0.,1.));
#5232=DIRECTION('ref_axis',(-1.,0.,3.55271367880048E-14));
#5233=DIRECTION('center_axis',(0.,1.,0.));
#5234=DIRECTION('ref_axis',(-0.707106781186536,0.,0.707106781186559));
#5235=DIRECTION('center_axis',(0.,-1.,0.));
#5236=DIRECTION('ref_axis',(-0.707106781186536,0.,0.707106781186559));
#5237=DIRECTION('center_axis',(-3.35506629882836E-14,0.,-1.));
#5238=DIRECTION('ref_axis',(-0.707106781186546,-0.707106781186549,2.35513868802567E-14));
#5239=DIRECTION('center_axis',(3.55271367880051E-14,0.,1.));
#5240=DIRECTION('ref_axis',(-1.,0.,3.55271367880051E-14));
#5241=DIRECTION('',(3.35506629882836E-14,0.,1.));
#5242=DIRECTION('',(-3.35506629882836E-14,0.,-1.));
#5243=DIRECTION('center_axis',(0.,-1.,0.));
#5244=DIRECTION('ref_axis',(0.,0.,-1.));
#5245=DIRECTION('center_axis',(1.,0.,0.));
#5246=DIRECTION('ref_axis',(0.,0.,1.));
#5247=DIRECTION('center_axis',(0.,-1.,0.));
#5248=DIRECTION('ref_axis',(0.707106781186534,0.,-0.707106781186561));
#5249=DIRECTION('center_axis',(0.,1.,0.));
#5250=DIRECTION('ref_axis',(0.707106781186534,0.,-0.707106781186561));
#5251=DIRECTION('center_axis',(-1.,0.,0.));
#5252=DIRECTION('ref_axis',(0.,-0.707106781186549,0.707106781186546));
#5253=DIRECTION('center_axis',(1.,0.,-1.11022302462516E-15));
#5254=DIRECTION('ref_axis',(1.11022302462516E-15,0.,1.));
#5255=DIRECTION('',(1.,0.,0.));
#5256=DIRECTION('',(-1.,0.,0.));
#5257=DIRECTION('center_axis',(0.,-1.,0.));
#5258=DIRECTION('ref_axis',(0.,0.,-1.));
#5259=DIRECTION('center_axis',(-0.000205480470416575,0.,-0.999999978888888));
#5260=DIRECTION('ref_axis',(0.999999978888888,0.,-0.000205480470416575));
#5261=DIRECTION('center_axis',(0.,-1.,0.));
#5262=DIRECTION('ref_axis',(-0.707179425771994,0.,-0.707034129137196));
#5263=DIRECTION('center_axis',(0.,1.,0.));
#5264=DIRECTION('ref_axis',(-0.707179425771994,0.,-0.707034129137196));
#5265=DIRECTION('center_axis',(0.000205480470414954,0.,0.999999978888888));
#5266=DIRECTION('ref_axis',(0.707106766258737,-0.707106781186548,-0.000145296634032962));
#5267=DIRECTION('center_axis',(-0.000205480470416575,0.,-0.999999978888888));
#5268=DIRECTION('ref_axis',(0.999999978888888,0.,-0.000205480470416575));
#5269=DIRECTION('',(-0.000205480470414954,0.,-0.999999978888888));
#5270=DIRECTION('',(0.000205480470414954,0.,0.999999978888888));
#5271=DIRECTION('center_axis',(1.,0.,-5.5511151231257E-16));
#5272=DIRECTION('ref_axis',(5.5511151231257E-16,0.,1.));
#5273=DIRECTION('center_axis',(0.,1.,0.));
#5274=DIRECTION('ref_axis',(0.707179425771994,0.,0.707034129137195));
#5275=DIRECTION('center_axis',(0.,-1.,0.));
#5276=DIRECTION('ref_axis',(0.707179425771994,0.,0.707034129137195));
#5277=DIRECTION('center_axis',(-1.,0.,0.));
#5278=DIRECTION('ref_axis',(0.,-0.707106781186549,0.707106781186546));
#5279=DIRECTION('center_axis',(1.,0.,4.44089209850064E-15));
#5280=DIRECTION('ref_axis',(-4.44089209850064E-15,0.,1.));
#5281=DIRECTION('',(1.,0.,0.));
#5282=DIRECTION('',(-1.,0.,0.));
#5283=DIRECTION('center_axis',(0.,-1.,0.));
#5284=DIRECTION('ref_axis',(0.,0.,-1.));
#5285=DIRECTION('center_axis',(0.,0.,-1.));
#5286=DIRECTION('ref_axis',(1.,0.,0.));
#5287=DIRECTION('center_axis',(0.,-1.,0.));
#5288=DIRECTION('ref_axis',(-0.707106781186545,0.,-0.70710678118655));
#5289=DIRECTION('center_axis',(0.,1.,0.));
#5290=DIRECTION('ref_axis',(-0.707106781186545,0.,-0.70710678118655));
#5291=DIRECTION('center_axis',(4.67457502891079E-16,0.,1.));
#5292=DIRECTION('ref_axis',(0.707106781186549,-0.707106781186546,0.));
#5293=DIRECTION('center_axis',(0.,0.,-1.));
#5294=DIRECTION('ref_axis',(1.,0.,0.));
#5295=DIRECTION('',(-4.67457502891079E-16,0.,-1.));
#5296=DIRECTION('',(4.67457502891079E-16,0.,1.));
#5297=DIRECTION('center_axis',(1.,0.,0.));
#5298=DIRECTION('ref_axis',(0.,0.,1.));
#5299=DIRECTION('center_axis',(0.,1.,0.));
#5300=DIRECTION('ref_axis',(0.707106781186548,0.,0.707106781186548));
#5301=DIRECTION('center_axis',(0.,-1.,0.));
#5302=DIRECTION('ref_axis',(0.707106781186548,0.,0.707106781186548));
#5303=DIRECTION('center_axis',(-1.,0.,-1.16865153995148E-16));
#5304=DIRECTION('ref_axis',(0.,-0.707106781186549,0.707106781186546));
#5305=DIRECTION('center_axis',(1.,0.,0.));
#5306=DIRECTION('ref_axis',(0.,0.,1.));
#5307=DIRECTION('',(1.,0.,1.16865153995148E-16));
#5308=DIRECTION('',(-1.,0.,-1.16865153995148E-16));
#5309=DIRECTION('center_axis',(0.,-1.,0.));
#5310=DIRECTION('ref_axis',(0.,0.,-1.));
#5311=DIRECTION('center_axis',(0.,0.,-1.));
#5312=DIRECTION('ref_axis',(1.,0.,0.));
#5313=DIRECTION('center_axis',(0.,-1.,0.));
#5314=DIRECTION('ref_axis',(-0.707106781186548,0.,-0.707106781186548));
#5315=DIRECTION('center_axis',(0.,1.,0.));
#5316=DIRECTION('ref_axis',(-0.707106781186548,0.,-0.707106781186548));
#5317=DIRECTION('center_axis',(0.,0.,1.));
#5318=DIRECTION('ref_axis',(0.70710678118654,-0.707106781186555,0.));
#5319=DIRECTION('center_axis',(0.,0.,-1.));
#5320=DIRECTION('ref_axis',(1.,0.,0.));
#5321=DIRECTION('',(0.,0.,-1.));
#5322=DIRECTION('',(0.,0.,1.));
#5323=DIRECTION('center_axis',(0.,-1.,0.));
#5324=DIRECTION('ref_axis',(0.,0.,-1.));
#5325=DIRECTION('center_axis',(-1.,0.,0.));
#5326=DIRECTION('ref_axis',(0.,0.,-1.));
#5327=DIRECTION('center_axis',(0.,-1.,0.));
#5328=DIRECTION('ref_axis',(-0.707106781186548,0.,0.707106781186548));
#5329=DIRECTION('center_axis',(0.,1.,0.));
#5330=DIRECTION('ref_axis',(-0.707106781186548,0.,0.707106781186548));
#5331=DIRECTION('center_axis',(1.,0.,0.));
#5332=DIRECTION('ref_axis',(0.,-0.707106781186549,-0.707106781186546));
#5333=DIRECTION('center_axis',(-1.,0.,-2.22044604925032E-15));
#5334=DIRECTION('ref_axis',(2.22044604925032E-15,0.,-1.));
#5335=DIRECTION('',(-1.,0.,0.));
#5336=DIRECTION('',(1.,0.,0.));
#5337=DIRECTION('center_axis',(-0.589221225957573,0.,-0.807971748813691));
#5338=DIRECTION('ref_axis',(0.807971748813691,0.,-0.589221225957573));
#5339=DIRECTION('center_axis',(0.,1.,0.));
#5340=DIRECTION('ref_axis',(0.453199058936814,0.,-0.891409340863549));
#5341=DIRECTION('center_axis',(0.589221225957569,0.,0.807971748813694));
#5342=DIRECTION('ref_axis',(0.571322302593317,-0.707106781186549,-0.416642324493646));
#5343=DIRECTION('center_axis',(-0.589221225957567,-1.3083339433119E-15,
-0.807971748813696));
#5344=DIRECTION('ref_axis',(0.807971748813696,0.,-0.589221225957566));
#5345=DIRECTION('',(-0.589221225957569,0.,-0.807971748813694));
#5346=DIRECTION('center_axis',(-0.807971748813694,0.,0.589221225957569));
#5347=DIRECTION('ref_axis',(0.589221225957568,0.,0.807971748813695));
#5348=DIRECTION('center_axis',(-0.354643164268927,-0.798583097928238,-0.486305728673498));
#5349=DIRECTION('ref_axis',(0.807971748813695,0.,-0.589221225957568));
#5350=DIRECTION('center_axis',(0.807971748813694,0.,-0.589221225957569));
#5351=DIRECTION('ref_axis',(0.262886261614156,-0.894953789332849,0.360483742231614));
#5352=DIRECTION('center_axis',(-0.807971748813694,0.,0.589221225957569));
#5353=DIRECTION('ref_axis',(0.589221225957569,0.,0.807971748813694));
#5354=DIRECTION('center_axis',(-0.589221225957569,2.61666788662381E-15,
-0.807971748813694));
#5355=DIRECTION('ref_axis',(0.807971748813694,0.,-0.589221225957569));
#5356=DIRECTION('center_axis',(-0.807971748813694,0.,0.589221225957569));
#5357=DIRECTION('ref_axis',(-0.262886261614155,0.894953789332849,-0.360483742231613));
#5358=DIRECTION('center_axis',(-0.589221225957569,0.,-0.807971748813694));
#5359=DIRECTION('ref_axis',(0.571322302593317,-0.707106781186549,-0.416642324493646));
#5360=DIRECTION('center_axis',(-0.589221225957561,0.,-0.8079717488137));
#5361=DIRECTION('ref_axis',(0.8079717488137,0.,-0.589221225957561));
#5362=DIRECTION('',(-0.589221225957569,0.,-0.807971748813694));
#5363=DIRECTION('center_axis',(0.,-1.,0.));
#5364=DIRECTION('ref_axis',(0.,0.,-1.));
#5365=DIRECTION('center_axis',(-0.991644500991794,0.,-0.12900071183035));
#5366=DIRECTION('ref_axis',(0.12900071183035,0.,-0.991644500991794));
#5367=DIRECTION('center_axis',(0.,-1.,0.));
#5368=DIRECTION('ref_axis',(-0.509868091837153,0.,0.860252596000931));
#5369=DIRECTION('center_axis',(-0.991644500991794,0.,-0.129000711830348));
#5370=DIRECTION('ref_axis',(0.0912172781131293,-0.707106781186542,-0.701198551177653));
#5371=DIRECTION('center_axis',(-0.991644500991794,0.,-0.129000711830347));
#5372=DIRECTION('ref_axis',(0.129000711830347,0.,-0.991644500991794));
#5373=DIRECTION('',(-0.991644500991794,0.,-0.129000711830348));
#5374=DIRECTION('center_axis',(-0.865973210385858,0.,-0.500090390723528));
#5375=DIRECTION('ref_axis',(0.500090390723528,0.,-0.865973210385858));
#5376=DIRECTION('center_axis',(0.,1.,0.));
#5377=DIRECTION('ref_axis',(0.320760381201852,0.,-0.947160375993022));
#5378=DIRECTION('center_axis',(-0.865973210385849,0.,-0.500090390723544));
#5379=DIRECTION('ref_axis',(0.353617306486847,-0.707106781186559,-0.612335529389706));
#5380=DIRECTION('center_axis',(-0.865973210385853,0.,-0.500090390723536));
#5381=DIRECTION('ref_axis',(0.500090390723536,0.,-0.865973210385853));
#5382=DIRECTION('',(-0.865973210385849,0.,-0.500090390723544));
#5383=DIRECTION('center_axis',(0.,-1.,0.));
#5384=DIRECTION('ref_axis',(0.259011637612823,0.,0.965874200701688));
#5385=DIRECTION('center_axis',(-0.499564186608636,0.,0.866276874594983));
#5386=DIRECTION('ref_axis',(-0.866276874594983,0.,-0.499564186608636));
#5387=DIRECTION('center_axis',(0.,-1.,0.));
#5388=DIRECTION('ref_axis',(0.259011637612821,0.,0.965874200701688));
#5389=DIRECTION('center_axis',(-0.499564186608634,0.,0.866276874594984));
#5390=DIRECTION('ref_axis',(-0.612550252411209,-0.707106781186536,-0.353245223988918));
#5391=DIRECTION('center_axis',(-0.499564186608628,0.,0.866276874594987));
#5392=DIRECTION('ref_axis',(-0.866276874594987,0.,-0.499564186608628));
#5393=DIRECTION('',(-0.499564186608634,0.,0.866276874594984));
#5394=DIRECTION('center_axis',(0.866276874594984,0.,0.499564186608634));
#5395=DIRECTION('ref_axis',(0.499564186608634,0.,-0.866276874594984));
#5396=DIRECTION('center_axis',(-0.265485993501599,0.847098948195647,0.460370024241694));
#5397=DIRECTION('ref_axis',(-0.866276874594975,0.,-0.49956418660865));
#5398=DIRECTION('center_axis',(0.866276874594984,0.,0.499564186608634));
#5399=DIRECTION('ref_axis',(0.246917994277189,0.869310258614782,-0.428171902825526));
#5400=DIRECTION('center_axis',(0.,0.,1.));
#5401=DIRECTION('ref_axis',(1.,0.,0.));
#5402=DIRECTION('center_axis',(0.,0.,-1.));
#5403=DIRECTION('ref_axis',(0.210430715716423,0.977608773427834,0.));
#5404=DIRECTION('center_axis',(-0.807971748813694,-3.48734241637337E-31,
0.589221225957569));
#5405=DIRECTION('ref_axis',(0.262886261614156,-0.894953789332849,0.360483742231613));
#5406=DIRECTION('',(-0.807971748813694,-3.48734241637337E-31,0.589221225957569));
#5407=DIRECTION('',(0.807971748813694,0.,-0.589221225957569));
#5408=DIRECTION('center_axis',(0.807971748813694,3.48734241637337E-31,-0.589221225957569));
#5409=DIRECTION('ref_axis',(0.589221225957569,-4.93038065763132E-31,0.807971748813694));
#5410=DIRECTION('',(-0.807971748813696,-3.4861019226324E-31,0.589221225957567));
#5411=DIRECTION('center_axis',(0.807971748813694,0.,-0.589221225957569));
#5412=DIRECTION('ref_axis',(-0.215078847545703,0.930998802104586,-0.294927651837257));
#5413=DIRECTION('center_axis',(0.,1.,0.));
#5414=DIRECTION('ref_axis',(0.,0.,1.));
#5415=DIRECTION('',(-0.866276874594982,2.95564992348067E-31,-0.499564186608638));
#5416=DIRECTION('',(0.499564186608634,0.,-0.866276874594984));
#5417=DIRECTION('center_axis',(0.,1.,0.));
#5418=DIRECTION('ref_axis',(0.259011637612819,0.,0.965874200701688));
#5419=DIRECTION('',(0.865973210385848,0.,0.500090390723544));
#5420=DIRECTION('center_axis',(0.,-1.,0.));
#5421=DIRECTION('ref_axis',(0.320760381201853,0.,-0.947160375993021));
#5422=DIRECTION('',(0.991644500991794,0.,0.129000711830348));
#5423=DIRECTION('center_axis',(0.,1.,0.));
#5424=DIRECTION('ref_axis',(-0.50986809183715,0.,0.860252596000933));
#5425=DIRECTION('',(0.589221225957569,0.,0.807971748813694));
#5426=DIRECTION('center_axis',(0.866276874594984,0.,0.499564186608634));
#5427=DIRECTION('ref_axis',(-0.499564186608634,-4.93038065763132E-31,0.866276874594984));
#5428=DIRECTION('',(-0.866276874594984,0.,-0.499564186608634));
#5429=DIRECTION('center_axis',(-0.866276874594984,0.,-0.499564186608634));
#5430=DIRECTION('ref_axis',(0.246917994277189,0.869310258614782,-0.428171902825526));
#5431=DIRECTION('center_axis',(-0.866276874594984,0.,-0.499564186608634));
#5432=DIRECTION('ref_axis',(-0.246917994277185,-0.869310258614783,0.428171902825526));
#5433=DIRECTION('',(0.866276874594984,0.,0.499564186608634));
#5434=DIRECTION('center_axis',(0.,-1.,0.));
#5435=DIRECTION('ref_axis',(0.,0.,-1.));
#5436=DIRECTION('',(0.,0.,1.));
#5437=DIRECTION('',(-1.,0.,0.));
#5438=DIRECTION('center_axis',(0.,1.,0.));
#5439=DIRECTION('ref_axis',(0.236726889459283,0.,-0.971576234686158));
#5440=DIRECTION('',(0.,0.,1.));
#5441=DIRECTION('',(-1.,0.,0.));
#5442=DIRECTION('center_axis',(0.,1.,0.));
#5443=DIRECTION('ref_axis',(0.707106781186548,0.,-0.707106781186548));
#5444=DIRECTION('',(0.,0.,-1.));
#5445=DIRECTION('center_axis',(0.,1.,0.));
#5446=DIRECTION('ref_axis',(0.995531057836266,0.,0.0944347016906627));
#5447=DIRECTION('center_axis',(0.,0.,-1.));
#5448=DIRECTION('ref_axis',(-0.25,-0.968245836551854,0.));
#5449=DIRECTION('',(0.,0.,1.));
#5450=DIRECTION('center_axis',(0.,0.,-1.));
#5451=DIRECTION('ref_axis',(-0.249999999999999,-0.968245836551854,0.));
#5452=DIRECTION('center_axis',(0.,0.,1.));
#5453=DIRECTION('ref_axis',(0.661437827766147,0.75,0.));
#5454=DIRECTION('',(0.,0.,-1.));
#5455=DIRECTION('center_axis',(0.,0.,1.));
#5456=DIRECTION('ref_axis',(0.249999999999999,0.968245836551854,0.));
#5457=DIRECTION('center_axis',(0.,0.,1.));
#5458=DIRECTION('ref_axis',(1.,0.,0.));
#5459=DIRECTION('',(0.,-1.,0.));
#5460=DIRECTION('center_axis',(0.,1.,0.));
#5461=DIRECTION('ref_axis',(-0.707106781186548,0.,0.707106781186548));
#5462=DIRECTION('',(0.,1.,0.));
#5463=DIRECTION('center_axis',(-1.,0.,0.));
#5464=DIRECTION('ref_axis',(0.,0.,1.));
#5465=DIRECTION('',(0.,-1.,0.));
#5466=DIRECTION('center_axis',(0.,1.,0.));
#5467=DIRECTION('ref_axis',(-0.707106781186544,0.,-0.707106781186551));
#5468=DIRECTION('',(0.,1.,0.));
#5469=DIRECTION('center_axis',(1.16865153995148E-16,0.,-1.));
#5470=DIRECTION('ref_axis',(-1.,0.,-1.16865153995148E-16));
#5471=DIRECTION('',(0.,-1.,0.));
#5472=DIRECTION('center_axis',(0.,1.,0.));
#5473=DIRECTION('ref_axis',(0.707106781186549,0.,0.707106781186546));
#5474=DIRECTION('',(0.,1.,0.));
#5475=DIRECTION('center_axis',(-1.,0.,4.67457502891079E-16));
#5476=DIRECTION('ref_axis',(4.67457502891079E-16,0.,1.));
#5477=DIRECTION('',(0.,-1.,0.));
#5478=DIRECTION('center_axis',(0.,1.,0.));
#5479=DIRECTION('ref_axis',(-0.707106781186546,0.,-0.707106781186549));
#5480=DIRECTION('',(0.,1.,0.));
#5481=DIRECTION('center_axis',(0.,0.,-1.));
#5482=DIRECTION('ref_axis',(-1.,0.,0.));
#5483=DIRECTION('',(0.,-1.,0.));
#5484=DIRECTION('center_axis',(0.,1.,0.));
#5485=DIRECTION('ref_axis',(0.707179425771993,0.,0.707034129137197));
#5486=DIRECTION('',(0.,1.,0.));
#5487=DIRECTION('center_axis',(-0.999999978888888,0.,0.000205480470414954));
#5488=DIRECTION('ref_axis',(0.000205480470414954,0.,0.999999978888888));
#5489=DIRECTION('',(0.,-1.,0.));
#5490=DIRECTION('center_axis',(0.,1.,0.));
#5491=DIRECTION('ref_axis',(-0.707179425771993,0.,-0.707034129137196));
#5492=DIRECTION('',(0.,1.,0.));
#5493=DIRECTION('center_axis',(0.,0.,-1.));
#5494=DIRECTION('ref_axis',(-1.,0.,0.));
#5495=DIRECTION('',(0.,-1.,0.));
#5496=DIRECTION('center_axis',(0.,1.,0.));
#5497=DIRECTION('ref_axis',(0.707106781186535,0.,-0.70710678118656));
#5498=DIRECTION('',(0.,1.,0.));
#5499=DIRECTION('center_axis',(1.,0.,-3.35506629882836E-14));
#5500=DIRECTION('ref_axis',(-3.35506629882836E-14,0.,-1.));
#5501=DIRECTION('',(0.,-1.,0.));
#5502=DIRECTION('center_axis',(0.,1.,0.));
#5503=DIRECTION('ref_axis',(-0.707106781186541,0.,0.707106781186554));
#5504=DIRECTION('',(0.,1.,0.));
#5505=DIRECTION('center_axis',(8.88181006546971E-15,0.,-1.));
#5506=DIRECTION('ref_axis',(-1.,0.,-8.88181006546971E-15));
#5507=DIRECTION('',(0.,-1.,0.));
#5508=DIRECTION('center_axis',(0.,1.,0.));
#5509=DIRECTION('ref_axis',(0.707106781186554,0.,-0.707106781186541));
#5510=DIRECTION('center_axis',(0.,1.,0.));
#5511=DIRECTION('ref_axis',(0.,0.,1.));
#5512=DIRECTION('center_axis',(1.,0.,0.));
#5513=DIRECTION('ref_axis',(0.,-1.,0.));
#5514=DIRECTION('center_axis',(1.,0.,0.));
#5515=DIRECTION('ref_axis',(0.,-0.707106781186549,-0.707106781186546));
#5516=DIRECTION('center_axis',(1.,0.,0.));
#5517=DIRECTION('ref_axis',(0.,-1.,0.));
#5518=DIRECTION('center_axis',(0.,0.,1.));
#5519=DIRECTION('ref_axis',(1.,0.,0.));
#5520=DIRECTION('center_axis',(0.875000000000002,-0.484122918275923,0.));
#5521=DIRECTION('ref_axis',(-0.484122918275923,-0.875000000000002,0.));
#5522=DIRECTION('center_axis',(-1.,0.,0.));
#5523=DIRECTION('ref_axis',(0.,-0.707106781186549,-0.707106781186546));
#5524=DIRECTION('center_axis',(-1.,0.,0.));
#5525=DIRECTION('ref_axis',(0.,0.,-1.));
#5526=DIRECTION('',(-1.,0.,0.));
#5527=DIRECTION('center_axis',(1.,0.,0.));
#5528=DIRECTION('ref_axis',(0.,-1.,0.));
#5529=DIRECTION('center_axis',(0.,1.,0.));
#5530=DIRECTION('ref_axis',(0.,0.,1.));
#5531=DIRECTION('center_axis',(0.719115845792961,0.,0.694890207392128));
#5532=DIRECTION('ref_axis',(0.,-1.,0.));
#5533=DIRECTION('center_axis',(0.,-1.,0.));
#5534=DIRECTION('ref_axis',(-0.374756023438611,0.,0.92712346691068));
#5535=DIRECTION('center_axis',(0.,1.,0.));
#5536=DIRECTION('ref_axis',(0.,0.,1.));
#5537=DIRECTION('center_axis',(1.,0.,8.88178419700128E-15));
#5538=DIRECTION('ref_axis',(0.,-1.,0.));
#5539=DIRECTION('center_axis',(0.,1.,0.));
#5540=DIRECTION('ref_axis',(0.374756023438615,0.,-0.927123466910679));
#5541=DIRECTION('center_axis',(-1.,0.,-8.88181006546966E-15));
#5542=DIRECTION('ref_axis',(6.28036983473508E-15,-0.707106781186546,-0.707106781186549));
#5543=DIRECTION('center_axis',(1.,0.,8.88178419700124E-15));
#5544=DIRECTION('ref_axis',(0.,-1.,0.));
#5545=DIRECTION('',(-1.,0.,-8.88181006546966E-15));
#5546=DIRECTION('center_axis',(0.,1.,0.));
#5547=DIRECTION('ref_axis',(0.,0.,1.));
#5548=DIRECTION('center_axis',(0.747170334972546,0.,0.664632598160076));
#5549=DIRECTION('ref_axis',(0.,-1.,0.));
#5550=DIRECTION('center_axis',(0.,-1.,0.));
#5551=DIRECTION('ref_axis',(-0.355548635932877,0.,0.934657780947802));
#5552=DIRECTION('center_axis',(0.,1.,0.));
#5553=DIRECTION('ref_axis',(0.,0.,1.));
#5554=DIRECTION('center_axis',(1.,0.,0.));
#5555=DIRECTION('ref_axis',(0.,-1.,0.));
#5556=DIRECTION('center_axis',(0.,-1.,0.));
#5557=DIRECTION('ref_axis',(0.355548635932873,0.,-0.934657780947804));
#5558=DIRECTION('center_axis',(0.,1.,0.));
#5559=DIRECTION('ref_axis',(0.355548635932873,0.,-0.934657780947804));
#5560=DIRECTION('center_axis',(-1.,0.,0.));
#5561=DIRECTION('ref_axis',(0.,-0.707106781186549,-0.707106781186546));
#5562=DIRECTION('center_axis',(1.,0.,-5.55111512312578E-16));
#5563=DIRECTION('ref_axis',(0.,-1.,0.));
#5564=DIRECTION('',(1.,0.,0.));
#5565=DIRECTION('',(-1.,0.,0.));
#5566=DIRECTION('center_axis',(0.,1.,0.));
#5567=DIRECTION('ref_axis',(0.,0.,1.));
#5568=DIRECTION('center_axis',(0.747170338185297,0.,-0.664632594548348));
#5569=DIRECTION('ref_axis',(0.,-1.,0.));
#5570=DIRECTION('center_axis',(0.,-1.,0.));
#5571=DIRECTION('ref_axis',(-0.355548633673863,0.,-0.934657781807143));
#5572=DIRECTION('center_axis',(0.,1.,0.));
#5573=DIRECTION('ref_axis',(-0.355548633673863,0.,-0.934657781807143));
#5574=DIRECTION('center_axis',(0.,1.,0.));
#5575=DIRECTION('ref_axis',(0.,0.,1.));
#5576=DIRECTION('center_axis',(1.,0.,5.55111512312578E-16));
#5577=DIRECTION('ref_axis',(0.,-1.,0.));
#5578=DIRECTION('center_axis',(0.,1.,0.));
#5579=DIRECTION('ref_axis',(0.355548633673862,0.,0.934657781807143));
#5580=DIRECTION('center_axis',(0.,-1.,0.));
#5581=DIRECTION('ref_axis',(0.355548633673862,0.,0.934657781807143));
#5582=DIRECTION('center_axis',(-1.,0.,0.));
#5583=DIRECTION('ref_axis',(0.,-0.707106781186549,-0.707106781186546));
#5584=DIRECTION('center_axis',(1.,0.,0.));
#5585=DIRECTION('ref_axis',(0.,-1.,0.));
#5586=DIRECTION('',(1.,0.,0.));
#5587=DIRECTION('',(-1.,0.,0.));
#5588=DIRECTION('center_axis',(0.,1.,0.));
#5589=DIRECTION('ref_axis',(0.,0.,1.));
#5590=DIRECTION('center_axis',(0.466286627987617,0.,-0.884633698521562));
#5591=DIRECTION('ref_axis',(0.,-1.,0.));
#5592=DIRECTION('center_axis',(0.,-1.,0.));
#5593=DIRECTION('ref_axis',(-0.516581732164611,0.,-0.856237883998255));
#5594=DIRECTION('center_axis',(0.,1.,0.));
#5595=DIRECTION('ref_axis',(-0.516581732164611,0.,-0.856237883998255));
#5596=DIRECTION('center_axis',(0.,-1.,0.));
#5597=DIRECTION('ref_axis',(0.,0.,-1.));
#5598=DIRECTION('center_axis',(1.,0.,0.));
#5599=DIRECTION('ref_axis',(0.,-1.,0.));
#5600=DIRECTION('center_axis',(0.,1.,0.));
#5601=DIRECTION('ref_axis',(0.516581732164611,0.,0.856237883998256));
#5602=DIRECTION('center_axis',(0.,-1.,0.));
#5603=DIRECTION('ref_axis',(0.516581732164611,0.,0.856237883998256));
#5604=DIRECTION('center_axis',(-1.,0.,-1.16865153995148E-16));
#5605=DIRECTION('ref_axis',(0.,-0.707106781186546,-0.707106781186549));
#5606=DIRECTION('center_axis',(1.,0.,0.));
#5607=DIRECTION('ref_axis',(0.,-1.,0.));
#5608=DIRECTION('',(1.,0.,1.16865153995148E-16));
#5609=DIRECTION('',(-1.,0.,-1.16865153995148E-16));
#5610=DIRECTION('center_axis',(0.,1.,0.));
#5611=DIRECTION('ref_axis',(0.,0.,1.));
#5612=DIRECTION('center_axis',(0.,0.,-1.));
#5613=DIRECTION('ref_axis',(0.,-1.,0.));
#5614=DIRECTION('center_axis',(0.,-1.,0.));
#5615=DIRECTION('ref_axis',(-0.707106781186548,0.,-0.707106781186548));
#5616=DIRECTION('center_axis',(0.,1.,0.));
#5617=DIRECTION('ref_axis',(-0.707106781186548,0.,-0.707106781186548));
#5618=DIRECTION('center_axis',(0.,0.,1.));
#5619=DIRECTION('ref_axis',(-0.707106781186546,-0.707106781186549,0.));
#5620=DIRECTION('center_axis',(0.,0.,-1.));
#5621=DIRECTION('ref_axis',(0.,-1.,0.));
#5622=DIRECTION('',(0.,0.,-1.));
#5623=DIRECTION('',(0.,0.,1.));
#5624=DIRECTION('center_axis',(0.,1.,0.));
#5625=DIRECTION('ref_axis',(0.,0.,1.));
#5626=DIRECTION('center_axis',(-1.,0.,0.));
#5627=DIRECTION('ref_axis',(0.,-1.,0.));
#5628=DIRECTION('center_axis',(0.,-1.,0.));
#5629=DIRECTION('ref_axis',(-0.707106781186548,0.,0.707106781186548));
#5630=DIRECTION('center_axis',(0.,1.,0.));
#5631=DIRECTION('ref_axis',(-0.707106781186548,0.,0.707106781186548));
#5632=DIRECTION('center_axis',(1.,0.,0.));
#5633=DIRECTION('ref_axis',(0.,-0.707106781186549,0.707106781186546));
#5634=DIRECTION('center_axis',(-1.,0.,0.));
#5635=DIRECTION('ref_axis',(0.,-1.,0.));
#5636=DIRECTION('',(-1.,0.,0.));
#5637=DIRECTION('',(1.,0.,0.));
#5638=DIRECTION('center_axis',(0.,-1.,0.));
#5639=DIRECTION('ref_axis',(0.,0.,-1.));
#5640=DIRECTION('center_axis',(-0.958211428402825,-2.65957097567944E-16,
-0.286060934904119));
#5641=DIRECTION('ref_axis',(2.77555756156289E-16,-1.,0.));
#5642=DIRECTION('center_axis',(0.,1.,0.));
#5643=DIRECTION('ref_axis',(0.0524837355576843,0.,-0.998621779004399));
#5644=DIRECTION('center_axis',(0.,-1.,0.));
#5645=DIRECTION('ref_axis',(0.0524837355576843,0.,-0.998621779004399));
#5646=DIRECTION('center_axis',(-0.57862636635652,-0.762542611419994,-0.289344593738721));
#5647=DIRECTION('ref_axis',(0.47054211199027,-0.601884570082451,0.645232582206137));
#5648=DIRECTION('center_axis',(-0.455022758198283,-0.635325645819903,-0.623951611333082));
#5649=DIRECTION('ref_axis',(0.374347355912288,-0.7722443420081,0.513325173119297));
#5650=DIRECTION('center_axis',(0.807971748813694,0.,-0.589221225957569));
#5651=DIRECTION('ref_axis',(-0.589221225957569,0.,-0.807971748813694));
#5652=DIRECTION('center_axis',(-0.589221225957571,1.96250091496786E-15,
-0.807971748813693));
#5653=DIRECTION('ref_axis',(-3.33066907387546E-15,-1.,0.));
#5654=DIRECTION('center_axis',(-0.807971748813694,0.,0.589221225957569));
#5655=DIRECTION('ref_axis',(-0.215078847545703,0.930998802104586,-0.294927651837256));
#5656=DIRECTION('center_axis',(0.589221225957569,0.,0.807971748813694));
#5657=DIRECTION('ref_axis',(-0.571322302593315,-0.70710678118655,0.416642324493647));
#5658=DIRECTION('center_axis',(-0.589221225957568,0.,-0.807971748813695));
#5659=DIRECTION('ref_axis',(0.,-1.,0.));
#5660=DIRECTION('',(-0.589221225957569,0.,-0.807971748813694));
#5661=DIRECTION('center_axis',(0.,1.,0.));
#5662=DIRECTION('ref_axis',(0.,0.,1.));
#5663=DIRECTION('center_axis',(-0.991644500991794,0.,-0.129000711830348));
#5664=DIRECTION('ref_axis',(0.,-1.,0.));
#5665=DIRECTION('center_axis',(0.,-1.,0.));
#5666=DIRECTION('ref_axis',(-0.50986809183715,0.,0.860252596000933));
#5667=DIRECTION('center_axis',(0.991644500991794,0.,0.129000711830348));
#5668=DIRECTION('ref_axis',(-0.0912172781131301,-0.707106781186548,0.701198551177647));
#5669=DIRECTION('center_axis',(-0.991644500991794,0.,-0.129000711830347));
#5670=DIRECTION('ref_axis',(0.,-1.,0.));
#5671=DIRECTION('center_axis',(0.,-1.,0.));
#5672=DIRECTION('ref_axis',(0.,0.,-1.));
#5673=DIRECTION('center_axis',(-0.865973210385851,0.,-0.50009039072354));
#5674=DIRECTION('ref_axis',(0.,-1.,0.));
#5675=DIRECTION('center_axis',(0.865973210385848,0.,0.500090390723544));
#5676=DIRECTION('ref_axis',(-0.353617306486853,-0.707106781186545,0.612335529389719));
#5677=DIRECTION('center_axis',(-0.86597321038585,0.,-0.500090390723542));
#5678=DIRECTION('ref_axis',(0.,-1.,0.));
#5679=DIRECTION('center_axis',(0.,1.,0.));
#5680=DIRECTION('ref_axis',(0.,0.,1.));
#5681=DIRECTION('center_axis',(-0.499564186608637,0.,0.866276874594982));
#5682=DIRECTION('ref_axis',(0.,-1.,0.));
#5683=DIRECTION('center_axis',(0.499564186608634,0.,-0.866276874594984));
#5684=DIRECTION('ref_axis',(0.612550252411196,-0.70710678118655,0.353245223988913));
#5685=DIRECTION('center_axis',(-0.499564186608637,0.,0.866276874594982));
#5686=DIRECTION('ref_axis',(0.,-1.,0.));
#5687=DIRECTION('center_axis',(-0.866276874594984,0.,-0.499564186608634));
#5688=DIRECTION('ref_axis',(-0.499564186608634,0.,0.866276874594984));
#5689=DIRECTION('center_axis',(-0.287654220272668,0.817583305401375,0.498811174983366));
#5690=DIRECTION('ref_axis',(-0.40843533894762,-0.575810332252698,0.708253510524149));
#5691=DIRECTION('center_axis',(0.,0.,1.));
#5692=DIRECTION('ref_axis',(1.,0.,0.));
#5693=DIRECTION('center_axis',(-0.0864784339577081,8.8485105725605E-15,
0.996253722934184));
#5694=DIRECTION('ref_axis',(0.,-1.,8.88178419700125E-15));
#5695=DIRECTION('center_axis',(0.176623912023057,-0.855867920284107,-0.48610091208537));
#5696=DIRECTION('ref_axis',(0.939880365161627,0.,0.341503878724161));
#5697=DIRECTION('center_axis',(0.,1.,0.));
#5698=DIRECTION('ref_axis',(0.,0.,1.));
#5699=DIRECTION('center_axis',(0.,0.,1.));
#5700=DIRECTION('ref_axis',(0.,-1.,0.));
#5701=DIRECTION('center_axis',(0.,0.,1.));
#5702=DIRECTION('ref_axis',(0.70710678118654,-0.707106781186555,0.));
#5703=DIRECTION('center_axis',(0.,0.,1.));
#5704=DIRECTION('ref_axis',(0.,-1.,0.));
#5705=DIRECTION('center_axis',(0.,1.,0.));
#5706=DIRECTION('ref_axis',(0.,0.,1.));
#5707=DIRECTION('center_axis',(1.,0.,0.));
#5708=DIRECTION('ref_axis',(0.,-1.,0.));
#5709=DIRECTION('center_axis',(1.,0.,0.));
#5710=DIRECTION('ref_axis',(0.,-0.707106781186549,-0.707106781186546));
#5711=DIRECTION('center_axis',(-1.,0.,0.));
#5712=DIRECTION('ref_axis',(0.,-0.707106781186549,-0.707106781186546));
#5713=DIRECTION('center_axis',(0.,1.,0.));
#5714=DIRECTION('ref_axis',(0.355548635932874,0.,-0.934657780947804));
#5715=DIRECTION('',(0.,1.,0.));
#5716=DIRECTION('center_axis',(0.,0.,-1.));
#5717=DIRECTION('ref_axis',(-1.,0.,0.));
#5718=DIRECTION('',(0.,-1.,0.));
#5719=DIRECTION('center_axis',(0.,1.,0.));
#5720=DIRECTION('ref_axis',(-0.355548633673862,0.,-0.934657781807143));
#5721=DIRECTION('',(0.,1.,0.));
#5722=DIRECTION('center_axis',(0.,-1.,0.));
#5723=DIRECTION('ref_axis',(0.86926825300678,0.,0.494340676370598));
#5724=DIRECTION('',(0.,1.,0.));
#5725=DIRECTION('center_axis',(0.,0.,-1.));
#5726=DIRECTION('ref_axis',(-1.,0.,0.));
#5727=DIRECTION('',(0.,-1.,0.));
#5728=DIRECTION('center_axis',(0.,1.,0.));
#5729=DIRECTION('ref_axis',(0.,0.,1.));
#5730=DIRECTION('',(0.,1.,0.));
#5731=DIRECTION('center_axis',(0.,1.,0.));
#5732=DIRECTION('ref_axis',(0.707106781186548,0.,0.707106781186548));
#5733=DIRECTION('',(0.,1.,0.));
#5734=DIRECTION('center_axis',(1.16865153995148E-16,0.,-1.));
#5735=DIRECTION('ref_axis',(-1.,0.,-1.16865153995148E-16));
#5736=DIRECTION('',(0.,-1.,0.));
#5737=DIRECTION('center_axis',(0.,1.,0.));
#5738=DIRECTION('ref_axis',(-0.707106781186548,0.,-0.707106781186548));
#5739=DIRECTION('',(0.,1.,0.));
#5740=DIRECTION('center_axis',(-1.,0.,0.));
#5741=DIRECTION('ref_axis',(0.,0.,1.));
#5742=DIRECTION('',(0.,-1.,0.));
#5743=DIRECTION('center_axis',(0.,1.,0.));
#5744=DIRECTION('ref_axis',(-0.707106781186548,0.,0.707106781186548));
#5745=DIRECTION('',(0.,1.,0.));
#5746=DIRECTION('center_axis',(0.,0.,1.));
#5747=DIRECTION('ref_axis',(1.,0.,0.));
#5748=DIRECTION('',(0.,-1.,0.));
#5749=DIRECTION('center_axis',(0.,1.,0.));
#5750=DIRECTION('ref_axis',(0.453199058936816,0.,-0.891409340863548));
#5751=DIRECTION('',(0.,1.,0.));
#5752=DIRECTION('center_axis',(-0.807971748813694,0.,0.589221225957569));
#5753=DIRECTION('ref_axis',(0.589221225957569,0.,0.807971748813694));
#5754=DIRECTION('',(0.,-1.,0.));
#5755=DIRECTION('center_axis',(0.,1.,0.));
#5756=DIRECTION('ref_axis',(-0.509868091837149,0.,0.860252596000933));
#5757=DIRECTION('center_axis',(0.,1.,0.));
#5758=DIRECTION('ref_axis',(-1.,0.,0.));
#5759=DIRECTION('center_axis',(2.22044604925031E-15,2.4980018054066E-15,
-1.));
#5760=DIRECTION('ref_axis',(0.707106781186543,0.707106781186552,3.76822190084106E-15));
#5761=DIRECTION('',(2.22044604925031E-15,2.4980018054066E-15,-1.));
#5762=DIRECTION('',(-2.22044604925031E-15,-2.4980018054066E-15,1.));
#5763=DIRECTION('center_axis',(-5.55111512312574E-15,1.,2.49800180540659E-15));
#5764=DIRECTION('ref_axis',(1.,5.55111512312574E-15,1.86945554876012E-15));
#5765=DIRECTION('',(-2.22044604925031E-15,-2.4980018054066E-15,1.));
#5766=DIRECTION('center_axis',(2.22044604925031E-15,2.4980018054066E-15,
-1.));
#5767=DIRECTION('ref_axis',(-0.707106781186543,-0.707106781186552,-3.76822190084106E-15));
#5768=DIRECTION('',(2.22044604925031E-15,2.4980018054066E-15,-1.));
#5769=DIRECTION('',(2.22044604925031E-15,2.4980018054066E-15,-1.));
#5770=DIRECTION('center_axis',(5.55111512312574E-15,-1.,-2.49800180540659E-15));
#5771=DIRECTION('ref_axis',(-1.,-5.55111512312574E-15,-1.86945554876012E-15));
#5772=DIRECTION('center_axis',(-5.55111512312578E-15,-1.,2.39023062715391E-15));
#5773=DIRECTION('ref_axis',(1.86945550118238E-15,2.3902306271539E-15,1.));
#5774=DIRECTION('',(1.,-5.55111512312578E-15,-1.77635683940025E-15));
#5775=DIRECTION('',(-1.,5.55111512312578E-15,1.77635683940025E-15));
#5776=DIRECTION('center_axis',(-1.,5.55111512312578E-15,1.77635683940025E-15));
#5777=DIRECTION('ref_axis',(5.02429586778808E-15,0.707106781186549,0.707106781186545));
#5778=DIRECTION('',(1.,-5.55111512312578E-15,-1.77635683940025E-15));
#5779=DIRECTION('center_axis',(-1.,5.55111512312578E-15,1.77635683940025E-15));
#5780=DIRECTION('ref_axis',(5.02429586778808E-15,0.707106781186546,-0.707106781186549));
#5781=DIRECTION('',(-1.,5.55111512312578E-15,1.77635683940025E-15));
#5782=DIRECTION('center_axis',(5.55111512312578E-15,1.,-2.39023062715391E-15));
#5783=DIRECTION('ref_axis',(-1.86945550118238E-15,-2.3902306271539E-15,
-1.));
#5784=DIRECTION('center_axis',(1.,0.,0.));
#5785=DIRECTION('ref_axis',(0.,0.,-1.));
#5786=DIRECTION('',(0.,-6.30808536718839E-16,1.));
#5787=DIRECTION('',(1.,0.,0.));
#5788=DIRECTION('',(0.,0.,1.));
#5789=DIRECTION('',(1.,0.,0.));
#5790=CARTESIAN_POINT('',(0.,0.,0.));
#5791=CARTESIAN_POINT('',(0.,0.,0.));
#5792=CARTESIAN_POINT('',(0.,0.,0.));
#5793=CARTESIAN_POINT('Origin',(-34.677,17.5,15.32));
#5794=CARTESIAN_POINT('',(-32.427,18.,15.32));
#5795=CARTESIAN_POINT('Origin',(-34.677,18.,15.32));
#5796=CARTESIAN_POINT('',(-33.427,17.,15.32));
#5797=CARTESIAN_POINT('',(-32.927,17.5,15.32));
#5798=CARTESIAN_POINT('Origin',(-34.677,17.,15.32));
#5799=CARTESIAN_POINT('Origin',(13.780828709219,18.,17.4911548929352));
#5800=CARTESIAN_POINT('',(48.8853580268033,18.,55.914057253193));
#5801=CARTESIAN_POINT('',(13.2523982402509,18.,51.2786489264287));
#5802=CARTESIAN_POINT('',(10.4034828054585,18.,50.9080401864366));
#5803=CARTESIAN_POINT('',(51.0933416162178,18.,56.6618014322984));
#5804=CARTESIAN_POINT('Origin',(48.1178037914128,18.,61.8143420340942));
#5805=CARTESIAN_POINT('',(64.9199594159107,18.,64.6465273047681));
#5806=CARTESIAN_POINT('',(28.2362120278745,18.,43.4620502973179));
#5807=CARTESIAN_POINT('',(68.9507428486004,18.,63.5656206846253));
#5808=CARTESIAN_POINT('Origin',(66.3952260685452,18.,62.0919063341298));
#5809=CARTESIAN_POINT('',(82.761302219275,18.,39.6172101925637));
#5810=CARTESIAN_POINT('',(70.9239281109562,18.,60.1439887744707));
#5811=CARTESIAN_POINT('',(83.1557854392198,18.,38.1434958420682));
#5812=CARTESIAN_POINT('Origin',(80.2057854392198,18.,38.1434958420682));
#5813=CARTESIAN_POINT('',(83.1557854392198,18.,-21.7396989952484));
#5814=CARTESIAN_POINT('',(83.1557854392198,18.,28.4129124051675));
#5815=CARTESIAN_POINT('',(80.2057854392198,18.,-24.6896989952484));
#5816=CARTESIAN_POINT('Origin',(80.2057854392198,18.,-21.7396989952484));
#5817=CARTESIAN_POINT('',(67.7740284650519,18.,-24.6896989952484));
#5818=CARTESIAN_POINT('',(49.2183070742194,18.,-24.6896989952484));
#5819=CARTESIAN_POINT('',(63.8194675153459,18.,-26.1940328252509));
#5820=CARTESIAN_POINT('Origin',(67.7740284650519,18.,-30.6396989952484));
#5821=CARTESIAN_POINT('',(61.8588028428026,18.,-26.9398790098739));
#5822=CARTESIAN_POINT('Origin',(61.8588028428026,18.,-23.9898790098739));
#5823=CARTESIAN_POINT('',(48.9057871128186,18.,-26.9398790098739));
#5824=CARTESIAN_POINT('',(38.8433078546095,18.,-26.9398790098739));
#5825=CARTESIAN_POINT('',(44.7711903788355,18.,-28.6111397274058));
#5826=CARTESIAN_POINT('Origin',(48.9057871128186,18.,-32.8898790098739));
#5827=CARTESIAN_POINT('',(42.7212642670287,18.,-29.4397479823166));
#5828=CARTESIAN_POINT('Origin',(42.7212642670287,18.,-26.4897479823166));
#5829=CARTESIAN_POINT('',(29.7741500714702,18.,-29.4397479823167));
#5830=CARTESIAN_POINT('',(29.3433398503141,18.,-29.4397479823167));
#5831=CARTESIAN_POINT('',(25.8195861124178,18.,-30.9440844892301));
#5832=CARTESIAN_POINT('Origin',(29.7741500714703,18.,-35.3897479823167));
#5833=CARTESIAN_POINT('',(23.8589199478456,18.,-31.6899320010611));
#5834=CARTESIAN_POINT('Origin',(23.8589199478456,18.,-28.7399320010611));
#5835=CARTESIAN_POINT('',(1.95175875519748,18.,-31.6899320010611));
#5836=CARTESIAN_POINT('',(19.8433675192742,18.,-31.6899320010611));
#5837=CARTESIAN_POINT('',(-0.00890739872014171,18.,-30.9440844987077));
#5838=CARTESIAN_POINT('Origin',(1.95175875519748,18.,-28.7399320010611));
#5839=CARTESIAN_POINT('',(-3.9634713362828,18.,-29.4397480109102));
#5840=CARTESIAN_POINT('Origin',(-3.9634713362828,18.,-35.3897480109102));
#5841=CARTESIAN_POINT('',(-15.6707490831587,18.,-29.4397480109102));
#5842=CARTESIAN_POINT('',(6.84303173384545,18.,-29.4397480109102));
#5843=CARTESIAN_POINT('',(-18.2804184937974,18.,-27.8652935634737));
#5844=CARTESIAN_POINT('Origin',(-15.6707490831587,18.,-26.4897480109102));
#5845=CARTESIAN_POINT('',(-23.5439890000006,18.,-24.689699));
#5846=CARTESIAN_POINT('Origin',(-23.5439890000006,18.,-30.639699));
#5847=CARTESIAN_POINT('',(-52.6441280207819,18.,-24.689699));
#5848=CARTESIAN_POINT('',(-2.65658014539084,18.,-24.689699));
#5849=CARTESIAN_POINT('',(-55.5941280207819,18.,-21.739699));
#5850=CARTESIAN_POINT('Origin',(-52.6441280207819,18.,-21.739699));
#5851=CARTESIAN_POINT('',(-55.5941280207819,18.,33.6100729999993));
#5852=CARTESIAN_POINT('',(-55.5941280207819,18.,-4.34927205353242));
#5853=CARTESIAN_POINT('',(-52.6441280207819,18.,36.5600729999993));
#5854=CARTESIAN_POINT('Origin',(-52.6441280207819,18.,33.6100729999993));
#5855=CARTESIAN_POINT('',(-1.64351447320394,18.,36.5600729999993));
#5856=CARTESIAN_POINT('',(-21.6566496557815,18.,36.5600729999993));
#5857=CARTESIAN_POINT('',(3.16391743223754,18.,39.0042067055517));
#5858=CARTESIAN_POINT('Origin',(-1.64351447320394,18.,42.5100729999993));
#5859=CARTESIAN_POINT('',(11.24943368115,18.,50.0915002650777));
#5860=CARTESIAN_POINT('',(-0.780518392611256,18.,33.5953847366772));
#5861=CARTESIAN_POINT('Origin',(13.6329503401504,18.,48.3532976485029));
#5862=CARTESIAN_POINT('',(-32.427,18.,-3.68000000000001));
#5863=CARTESIAN_POINT('Origin',(-34.677,18.,-3.68000000000001));
#5864=CARTESIAN_POINT('',(43.541,18.,-7.19450000000001));
#5865=CARTESIAN_POINT('Origin',(41.291,18.,-7.19450000000001));
#5866=CARTESIAN_POINT('',(10.73,18.,32.5605000000001));
#5867=CARTESIAN_POINT('Origin',(8.48,18.,32.5605000000001));
#5868=CARTESIAN_POINT('',(57.296,18.,40.1750000000001));
#5869=CARTESIAN_POINT('Origin',(55.046,18.,40.1750000000001));
#5870=CARTESIAN_POINT('Origin',(-34.677,0.,15.32));
#5871=CARTESIAN_POINT('',(-33.427,16.,15.32));
#5872=CARTESIAN_POINT('',(-33.427,0.,15.32));
#5873=CARTESIAN_POINT('Origin',(-34.677,16.,15.32));
#5874=CARTESIAN_POINT('Origin',(-34.677,17.5,-3.68000000000001));
#5875=CARTESIAN_POINT('',(-33.427,17.,-3.68000000000001));
#5876=CARTESIAN_POINT('',(-32.927,17.5,-3.68000000000001));
#5877=CARTESIAN_POINT('Origin',(-34.677,17.,-3.68000000000001));
#5878=CARTESIAN_POINT('Origin',(-34.677,0.,-3.68000000000001));
#5879=CARTESIAN_POINT('',(-33.427,16.,-3.68000000000001));
#5880=CARTESIAN_POINT('',(-33.427,0.,-3.68000000000001));
#5881=CARTESIAN_POINT('Origin',(-34.677,16.,-3.68000000000001));
#5882=CARTESIAN_POINT('Origin',(55.046,17.5,40.1750000000001));
#5883=CARTESIAN_POINT('',(56.296,17.,40.1750000000001));
#5884=CARTESIAN_POINT('',(56.796,17.5,40.1750000000001));
#5885=CARTESIAN_POINT('Origin',(55.046,17.,40.1750000000001));
#5886=CARTESIAN_POINT('Origin',(55.046,0.,40.1750000000001));
#5887=CARTESIAN_POINT('',(56.296,16.,40.1750000000001));
#5888=CARTESIAN_POINT('',(56.296,0.,40.1750000000001));
#5889=CARTESIAN_POINT('Origin',(55.046,16.,40.1750000000001));
#5890=CARTESIAN_POINT('Origin',(41.291,17.5,-7.19450000000001));
#5891=CARTESIAN_POINT('',(42.541,17.,-7.19450000000001));
#5892=CARTESIAN_POINT('',(43.041,17.5,-7.19450000000001));
#5893=CARTESIAN_POINT('Origin',(41.291,17.,-7.19450000000001));
#5894=CARTESIAN_POINT('Origin',(41.291,0.,-7.19450000000001));
#5895=CARTESIAN_POINT('',(42.541,16.,-7.19450000000001));
#5896=CARTESIAN_POINT('',(42.541,0.,-7.19450000000001));
#5897=CARTESIAN_POINT('Origin',(41.291,16.,-7.19450000000001));
#5898=CARTESIAN_POINT('Origin',(8.48,17.5,32.5605000000001));
#5899=CARTESIAN_POINT('',(9.73,17.,32.5605000000001));
#5900=CARTESIAN_POINT('',(10.23,17.5,32.5605000000001));
#5901=CARTESIAN_POINT('Origin',(8.48,17.,32.5605000000001));
#5902=CARTESIAN_POINT('Origin',(8.48,0.,32.5605000000001));
#5903=CARTESIAN_POINT('',(9.73,16.,32.5605000000001));
#5904=CARTESIAN_POINT('',(9.73,0.,32.5605000000001));
#5905=CARTESIAN_POINT('Origin',(8.48,16.,32.5605000000001));
#5906=CARTESIAN_POINT('Origin',(47.4933070742194,15.,-21.7396989952484));
#5907=CARTESIAN_POINT('',(80.2057854392198,15.,-22.7396989952484));
#5908=CARTESIAN_POINT('',(80.2057854392198,16.,-21.7396989952484));
#5909=CARTESIAN_POINT('Origin',(80.2057854392198,15.,-21.7396989952484));
#5910=CARTESIAN_POINT('',(61.455787,16.,-21.7396989952484));
#5911=CARTESIAN_POINT('',(47.4933070742194,16.,-21.7396989952484));
#5912=CARTESIAN_POINT('',(61.455787,15.,-22.7396989952484));
#5913=CARTESIAN_POINT('Origin',(61.455787,15.,-21.7396989952484));
#5914=CARTESIAN_POINT('',(47.4933070742194,15.,-22.7396989952484));
#5915=CARTESIAN_POINT('Origin',(61.455787,15.,-23.7396989952484));
#5916=CARTESIAN_POINT('',(59.455787,16.,-23.7396989952484));
#5917=CARTESIAN_POINT('',(60.455787,15.,-23.7396989952484));
#5918=CARTESIAN_POINT('Origin',(59.455787,15.,-23.7396989952484));
#5919=CARTESIAN_POINT('Origin',(61.455787,15.,-23.7396989952484));
#5920=CARTESIAN_POINT('Origin',(61.455787,16.,-23.7396989952484));
#5921=CARTESIAN_POINT('Origin',(59.455787,15.,-2.94026403498612));
#5922=CARTESIAN_POINT('',(59.455787,16.,-23.9898790098739));
#5923=CARTESIAN_POINT('',(60.455787,15.,-23.9898790098739));
#5924=CARTESIAN_POINT('Origin',(59.455787,15.,-23.9898790098739));
#5925=CARTESIAN_POINT('',(60.455787,15.,-2.94026403498612));
#5926=CARTESIAN_POINT('',(59.455787,16.,-2.94026403498612));
#5927=CARTESIAN_POINT('Origin',(80.2057854392198,15.,27.6351731674173));
#5928=CARTESIAN_POINT('',(81.2057854392198,15.,38.1434958420682));
#5929=CARTESIAN_POINT('',(80.2057854392198,16.,38.1434958420682));
#5930=CARTESIAN_POINT('Origin',(80.2057854392198,15.,38.1434958420682));
#5931=CARTESIAN_POINT('',(80.2057854392198,16.,27.6351731674173));
#5932=CARTESIAN_POINT('',(81.2057854392198,15.,-21.7396989952484));
#5933=CARTESIAN_POINT('Origin',(80.2057854392198,15.,-21.7396989952484));
#5934=CARTESIAN_POINT('',(81.2057854392198,15.,27.6351731674173));
#5935=CARTESIAN_POINT('Origin',(69.367432232936,15.,56.9379070368232));
#5936=CARTESIAN_POINT('',(67.2615029431402,15.,62.5914705207385));
#5937=CARTESIAN_POINT('',(66.3952260685452,16.,62.0919063341298));
#5938=CARTESIAN_POINT('Origin',(66.3952260685452,15.,62.0919063341298));
#5939=CARTESIAN_POINT('',(69.367432232936,16.,56.9379070368232));
#5940=CARTESIAN_POINT('',(81.0720623138148,15.,38.6430600286768));
#5941=CARTESIAN_POINT('Origin',(80.2057854392198,15.,38.1434958420682));
#5942=CARTESIAN_POINT('',(70.233709107531,15.,57.4374712234319));
#5943=CARTESIAN_POINT('Origin',(11.4782976481797,15.,48.0730039235506));
#5944=CARTESIAN_POINT('',(13.5039496283201,15.,49.3449421494947));
#5945=CARTESIAN_POINT('',(13.6329503401504,16.,48.3532976485029));
#5946=CARTESIAN_POINT('Origin',(13.6329503401504,15.,48.3532976485029));
#5947=CARTESIAN_POINT('',(50.6327814461611,16.,53.1665190655574));
#5948=CARTESIAN_POINT('',(11.4782976481797,16.,48.0730039235506));
#5949=CARTESIAN_POINT('',(50.5037807343308,15.,54.1581635665492));
#5950=CARTESIAN_POINT('Origin',(50.6327814461611,15.,53.1665190655574));
#5951=CARTESIAN_POINT('',(11.3492969363493,15.,49.0646484245424));
#5952=CARTESIAN_POINT('Origin',(50.3747800225004,15.,55.149808067541));
#5953=CARTESIAN_POINT('',(51.3749608039475,16.,53.4178616467693));
#5954=CARTESIAN_POINT('',(50.874870413224,15.,54.2838348571551));
#5955=CARTESIAN_POINT('Origin',(51.3749608039475,15.,53.4178616467693));
#5956=CARTESIAN_POINT('Origin',(50.3747800225004,15.,55.149808067541));
#5957=CARTESIAN_POINT('Origin',(50.3747800225004,16.,55.149808067541));
#5958=CARTESIAN_POINT('Origin',(29.2762217833651,15.,40.6560730616737));
#5959=CARTESIAN_POINT('',(65.8951356778216,15.,62.9578795445157));
#5960=CARTESIAN_POINT('Origin',(66.3952260685452,15.,62.0919063341298));
#5961=CARTESIAN_POINT('',(28.7761313926415,15.,41.5220462720596));
#5962=CARTESIAN_POINT('',(29.2762217833651,16.,40.6560730616737));
#5963=CARTESIAN_POINT('Origin',(-19.9316496557815,15.,33.6100729999993));
#5964=CARTESIAN_POINT('',(-52.6441280207819,15.,34.6100729999993));
#5965=CARTESIAN_POINT('',(-52.6441280207819,16.,33.6100729999993));
#5966=CARTESIAN_POINT('Origin',(-52.6441280207819,15.,33.6100729999993));
#5967=CARTESIAN_POINT('',(1.86449622773251,16.,33.6100729999993));
#5968=CARTESIAN_POINT('',(-19.9316496557815,16.,33.6100729999993));
#5969=CARTESIAN_POINT('',(1.86449622773251,15.,34.6100729999993));
#5970=CARTESIAN_POINT('Origin',(1.86449622773251,15.,33.6100729999993));
#5971=CARTESIAN_POINT('',(-19.9316496557815,15.,34.6100729999993));
#5972=CARTESIAN_POINT('Origin',(1.86449622773251,15.,35.6100729999993));
#5973=CARTESIAN_POINT('',(3.4804397253599,16.,34.4316305480841));
#5974=CARTESIAN_POINT('',(2.67246797654621,15.,35.0208517740417));
#5975=CARTESIAN_POINT('Origin',(3.4804397253599,15.,34.4316305480841));
#5976=CARTESIAN_POINT('Origin',(1.86449622773251,15.,35.6100729999993));
#5977=CARTESIAN_POINT('Origin',(1.86449622773251,16.,35.6100729999993));
#5978=CARTESIAN_POINT('Origin',(0.935814074228276,15.,30.9423033703679));
#5979=CARTESIAN_POINT('',(12.8249785913367,15.,48.9425188744605));
#5980=CARTESIAN_POINT('Origin',(13.6329503401504,15.,48.3532976485029));
#5981=CARTESIAN_POINT('',(0.127842325414582,15.,31.5315245963255));
#5982=CARTESIAN_POINT('',(0.935814074228276,16.,30.9423033703679));
#5983=CARTESIAN_POINT('Origin',(-52.6441280207819,15.,-2.94026403736195));
#5984=CARTESIAN_POINT('',(-53.6441280207819,15.,-21.739699));
#5985=CARTESIAN_POINT('',(-52.6441280207819,16.,-21.739699));
#5986=CARTESIAN_POINT('Origin',(-52.6441280207819,15.,-21.739699));
#5987=CARTESIAN_POINT('',(-52.6441280207819,16.,-2.94026403736195));
#5988=CARTESIAN_POINT('',(-53.6441280207819,15.,33.6100729999993));
#5989=CARTESIAN_POINT('Origin',(-52.6441280207819,15.,33.6100729999993));
#5990=CARTESIAN_POINT('',(-53.6441280207819,15.,-2.94026403736195));
#5991=CARTESIAN_POINT('Origin',(-14.6439890000006,15.,-5.31528854281704));
#5992=CARTESIAN_POINT('',(-15.6439890000006,15.,-26.4897480109102));
#5993=CARTESIAN_POINT('',(-14.6439890000006,16.,-26.4897480109102));
#5994=CARTESIAN_POINT('Origin',(-14.6439890000006,15.,-26.4897480109102));
#5995=CARTESIAN_POINT('',(-14.6439890000006,16.,-23.739699));
#5996=CARTESIAN_POINT('',(-14.6439890000006,16.,-5.31528854281704));
#5997=CARTESIAN_POINT('',(-15.6439890000006,15.,-23.739699));
#5998=CARTESIAN_POINT('Origin',(-14.6439890000006,15.,-23.739699));
#5999=CARTESIAN_POINT('',(-15.6439890000006,15.,-5.31528854281704));
#6000=CARTESIAN_POINT('Origin',(-16.6439890000006,15.,-23.739699));
#6001=CARTESIAN_POINT('',(-16.6439890000006,16.,-21.739699));
#6002=CARTESIAN_POINT('',(-16.6439890000006,15.,-22.739699));
#6003=CARTESIAN_POINT('Origin',(-16.6439890000006,15.,-21.739699));
#6004=CARTESIAN_POINT('Origin',(-16.6439890000006,15.,-23.739699));
#6005=CARTESIAN_POINT('Origin',(-16.6439890000006,16.,-23.739699));
#6006=CARTESIAN_POINT('Origin',(-0.931580145390836,15.,-21.739699));
#6007=CARTESIAN_POINT('',(-52.6441280207819,15.,-22.739699));
#6008=CARTESIAN_POINT('Origin',(-52.6441280207819,15.,-21.739699));
#6009=CARTESIAN_POINT('',(-0.931580145390836,15.,-22.739699));
#6010=CARTESIAN_POINT('',(-0.931580145390836,16.,-21.739699));
#6011=CARTESIAN_POINT('Origin',(4.36026917174221,15.,-6.43951589950662));
#6012=CARTESIAN_POINT('',(3.35568689276558,15.,-28.7397265205906));
#6013=CARTESIAN_POINT('',(4.35568687165447,16.,-28.7399320010611));
#6014=CARTESIAN_POINT('Origin',(4.35568687165447,15.,-28.7399320010611));
#6015=CARTESIAN_POINT('',(4.35573819513509,16.,-28.4901589718511));
#6016=CARTESIAN_POINT('',(4.36026917174221,16.,-6.43951589950662));
#6017=CARTESIAN_POINT('',(3.35573821624621,15.,-28.4899534913806));
#6018=CARTESIAN_POINT('Origin',(4.35573819513509,15.,-28.4901589718511));
#6019=CARTESIAN_POINT('',(3.36026919285332,15.,-6.4393104190362));
#6020=CARTESIAN_POINT('Origin',(2.35573823735732,15.,-28.4897480109102));
#6021=CARTESIAN_POINT('',(2.35573823735732,16.,-26.4897480109102));
#6022=CARTESIAN_POINT('',(2.35573823735732,15.,-27.4897480109102));
#6023=CARTESIAN_POINT('Origin',(2.35573823735732,15.,-26.4897480109102));
#6024=CARTESIAN_POINT('Origin',(2.35573823735732,15.,-28.4897480109102));
#6025=CARTESIAN_POINT('Origin',(2.35573823735732,16.,-28.4897480109102));
#6026=CARTESIAN_POINT('Origin',(8.56838622408107,15.,-26.4897480109102));
#6027=CARTESIAN_POINT('',(-14.6439890000006,15.,-27.4897480109102));
#6028=CARTESIAN_POINT('Origin',(-14.6439890000006,15.,-26.4897480109102));
#6029=CARTESIAN_POINT('',(8.56838622408107,15.,-27.4897480109102));
#6030=CARTESIAN_POINT('',(8.56838622408107,16.,-26.4897480109102));
#6031=CARTESIAN_POINT('Origin',(18.1183675192742,15.,-28.7399320010611));
#6032=CARTESIAN_POINT('',(21.4559063293296,15.,-29.7399320010611));
#6033=CARTESIAN_POINT('',(21.4559063293296,16.,-28.7399320010611));
#6034=CARTESIAN_POINT('Origin',(21.4559063293296,15.,-28.7399320010611));
#6035=CARTESIAN_POINT('',(18.1183675192742,16.,-28.7399320010611));
#6036=CARTESIAN_POINT('',(4.35568687165447,15.,-29.7399320010611));
#6037=CARTESIAN_POINT('Origin',(4.35568687165447,15.,-28.7399320010611));
#6038=CARTESIAN_POINT('',(18.1183675192742,15.,-29.7399320010611));
#6039=CARTESIAN_POINT('Origin',(27.6183398503141,15.,-26.4897479823167));
#6040=CARTESIAN_POINT('',(40.4558509914089,15.,-27.4897479823166));
#6041=CARTESIAN_POINT('',(40.4558509914089,16.,-26.4897479823166));
#6042=CARTESIAN_POINT('Origin',(40.4558509914089,15.,-26.4897479823166));
#6043=CARTESIAN_POINT('',(23.4559063293295,16.,-26.4897479823168));
#6044=CARTESIAN_POINT('',(27.6183398503141,16.,-26.4897479823167));
#6045=CARTESIAN_POINT('',(23.4559063293296,15.,-27.4897479823168));
#6046=CARTESIAN_POINT('Origin',(23.4559063293295,15.,-26.4897479823168));
#6047=CARTESIAN_POINT('',(27.6183398503141,15.,-27.4897479823167));
#6048=CARTESIAN_POINT('Origin',(23.4559063293296,15.,-28.4897479823168));
#6049=CARTESIAN_POINT('',(21.4559063293296,16.,-28.4897479823167));
#6050=CARTESIAN_POINT('',(22.4559063293296,15.,-28.4897479823167));
#6051=CARTESIAN_POINT('Origin',(21.4559063293296,15.,-28.4897479823167));
#6052=CARTESIAN_POINT('Origin',(23.4559063293296,15.,-28.4897479823168));
#6053=CARTESIAN_POINT('Origin',(23.4559063293296,16.,-28.4897479823168));
#6054=CARTESIAN_POINT('Origin',(21.4559063293303,15.,-5.31528852852044));
#6055=CARTESIAN_POINT('',(22.4559063293296,15.,-28.7399320010611));
#6056=CARTESIAN_POINT('Origin',(21.4559063293296,15.,-28.7399320010611));
#6057=CARTESIAN_POINT('',(22.4559063293303,15.,-5.31528852852047));
#6058=CARTESIAN_POINT('',(21.4559063293303,16.,-5.31528852852044));
#6059=CARTESIAN_POINT('Origin',(37.1183078546095,15.,-23.9898790098739));
#6060=CARTESIAN_POINT('',(59.455787,15.,-24.9898790098739));
#6061=CARTESIAN_POINT('Origin',(59.455787,15.,-23.9898790098739));
#6062=CARTESIAN_POINT('',(42.4558509914089,16.,-23.9898790098739));
#6063=CARTESIAN_POINT('',(37.1183078546095,16.,-23.9898790098739));
#6064=CARTESIAN_POINT('',(42.4558509914089,15.,-24.9898790098739));
#6065=CARTESIAN_POINT('Origin',(42.4558509914089,15.,-23.9898790098739));
#6066=CARTESIAN_POINT('',(37.1183078546095,15.,-24.9898790098739));
#6067=CARTESIAN_POINT('Origin',(40.4558509914089,15.,-4.0653540422989));
#6068=CARTESIAN_POINT('',(41.4558509914089,15.,-25.9898790098739));
#6069=CARTESIAN_POINT('',(40.4558509914089,16.,-25.9898790098739));
#6070=CARTESIAN_POINT('Origin',(40.4558509914089,15.,-25.9898790098739));
#6071=CARTESIAN_POINT('',(40.4558509914089,16.,-4.0653540422989));
#6072=CARTESIAN_POINT('',(41.4558509914089,15.,-26.4897479823166));
#6073=CARTESIAN_POINT('Origin',(40.4558509914089,15.,-26.4897479823166));
#6074=CARTESIAN_POINT('',(41.4558509914089,15.,-4.0653540422989));
#6075=CARTESIAN_POINT('Origin',(42.4558509914089,15.,-25.9898790098739));
#6076=CARTESIAN_POINT('Origin',(42.4558509914089,15.,-25.9898790098739));
#6077=CARTESIAN_POINT('Origin',(42.4558509914089,16.,-25.9898790098739));
#6078=CARTESIAN_POINT('Origin',(40.4558509914089,15.,-26.4897479823166));
#6079=CARTESIAN_POINT('Origin',(40.4558509914089,15.,-26.4897479823166));
#6080=CARTESIAN_POINT('Origin',(21.4559063293296,15.,-28.7399320010611));
#6081=CARTESIAN_POINT('Origin',(21.4559063293296,15.,-28.7399320010611));
#6082=CARTESIAN_POINT('Origin',(4.35568687165447,15.,-28.7399320010611));
#6083=CARTESIAN_POINT('Origin',(4.35568687165447,15.,-28.7399320010611));
#6084=CARTESIAN_POINT('Origin',(-14.6439890000006,15.,-26.4897480109102));
#6085=CARTESIAN_POINT('Origin',(-14.6439890000006,15.,-26.4897480109102));
#6086=CARTESIAN_POINT('Origin',(-52.6441280207819,15.,-21.739699));
#6087=CARTESIAN_POINT('Origin',(-52.6441280207819,15.,-21.739699));
#6088=CARTESIAN_POINT('Origin',(-52.6441280207819,15.,33.6100729999993));
#6089=CARTESIAN_POINT('Origin',(-52.6441280207819,15.,33.6100729999993));
#6090=CARTESIAN_POINT('Origin',(13.6329503401504,15.,48.3532976485029));
#6091=CARTESIAN_POINT('Origin',(13.6329503401504,15.,48.3532976485029));
#6092=CARTESIAN_POINT('Origin',(66.3952260685452,15.,62.0919063341298));
#6093=CARTESIAN_POINT('Origin',(66.3952260685452,15.,62.0919063341298));
#6094=CARTESIAN_POINT('Origin',(80.2057854392198,15.,38.1434958420682));
#6095=CARTESIAN_POINT('Origin',(80.2057854392198,15.,38.1434958420682));
#6096=CARTESIAN_POINT('Origin',(80.2057854392198,15.,-21.7396989952484));
#6097=CARTESIAN_POINT('Origin',(80.2057854392198,15.,-21.7396989952484));
#6098=CARTESIAN_POINT('Origin',(59.455787,15.,-23.9898790098739));
#6099=CARTESIAN_POINT('Origin',(59.455787,15.,-23.9898790098739));
#6100=CARTESIAN_POINT('Origin',(1.86449622773251,0.,35.6100729999993));
#6101=CARTESIAN_POINT('',(2.67246797654621,0.5,35.0208517740417));
#6102=CARTESIAN_POINT('',(2.67246797654621,0.,35.0208517740417));
#6103=CARTESIAN_POINT('',(1.86449622773251,0.5,34.6100729999993));
#6104=CARTESIAN_POINT('Origin',(1.86449622773251,0.5,35.6100729999993));
#6105=CARTESIAN_POINT('',(1.86449622773251,0.,34.6100729999993));
#6106=CARTESIAN_POINT('Origin',(2.37290357569432,0.,34.6100729999993));
#6107=CARTESIAN_POINT('',(12.8249785913367,7.,48.9425188744605));
#6108=CARTESIAN_POINT('',(12.8249785913367,0.,48.9425188744605));
#6109=CARTESIAN_POINT('',(10.4770554701242,7.,45.72292075621));
#6110=CARTESIAN_POINT('',(14.732934542108,7.,51.5588104102905));
#6111=CARTESIAN_POINT('',(3.50036377119149,1.09717314487632,36.1561068931151));
#6112=CARTESIAN_POINT('Origin',(10.4770554701242,-7.8269230769231,45.72292075621));
#6113=CARTESIAN_POINT('',(2.79455060320609,0.5,35.1882580198059));
#6114=CARTESIAN_POINT('Origin',(2.79455060320609,2.,35.1882580198059));
#6115=CARTESIAN_POINT('',(0.278277926105933,0.5,31.7378099608367));
#6116=CARTESIAN_POINT('Origin',(13.6329503401504,0.,48.3532976485029));
#6117=CARTESIAN_POINT('',(13.5039496283201,7.,49.3449421494947));
#6118=CARTESIAN_POINT('',(13.5039496283201,0.,49.3449421494947));
#6119=CARTESIAN_POINT('Origin',(13.6329503401504,7.,48.3532976485029));
#6120=CARTESIAN_POINT('Origin',(13.0780450852084,0.,49.2895372244654));
#6121=CARTESIAN_POINT('',(50.5037807343308,7.,54.1581635665492));
#6122=CARTESIAN_POINT('',(50.5037807343308,0.,54.1581635665492));
#6123=CARTESIAN_POINT('',(28.25264026784,7.,51.2635647901293));
#6124=CARTESIAN_POINT('Origin',(50.3747800225004,0.,55.149808067541));
#6125=CARTESIAN_POINT('',(50.874870413224,7.,54.2838348571551));
#6126=CARTESIAN_POINT('',(50.874870413224,0.,54.2838348571551));
#6127=CARTESIAN_POINT('Origin',(50.3747800225004,7.,55.149808067541));
#6128=CARTESIAN_POINT('Origin',(50.7018780270059,0.,54.1839335796347));
#6129=CARTESIAN_POINT('',(65.8951356778216,7.,62.9578795445157));
#6130=CARTESIAN_POINT('',(65.8951356778216,0.,62.9578795445157));
#6131=CARTESIAN_POINT('',(48.3916731495081,7.,52.8498146415621));
#6132=CARTESIAN_POINT('Origin',(66.3952260685452,0.,62.0919063341298));
#6133=CARTESIAN_POINT('',(67.2615029431402,7.,62.5914705207385));
#6134=CARTESIAN_POINT('',(67.2615029431402,0.,62.5914705207385));
#6135=CARTESIAN_POINT('Origin',(66.3952260685452,7.,62.0919063341298));
#6136=CARTESIAN_POINT('Origin',(66.7616351599437,0.,63.4582738516133));
#6137=CARTESIAN_POINT('',(81.0720623138148,0.510377522173332,38.6430600286768));
#6138=CARTESIAN_POINT('',(81.0720623138148,0.,38.6430600286768));
#6139=CARTESIAN_POINT('',(75.2110151999162,7.,48.8064979046982));
#6140=CARTESIAN_POINT('Origin',(75.2110151999162,-6.85,48.8064979046982));
#6141=CARTESIAN_POINT('',(65.1984814491966,7.,66.1688843144053));
#6142=CARTESIAN_POINT('Origin',(80.2057854392198,0.,38.1434958420682));
#6143=CARTESIAN_POINT('',(81.2057854392198,-0.321733593483988,38.1434958420686));
#6144=CARTESIAN_POINT('',(81.2057854392198,0.,38.1434958420682));
#6145=CARTESIAN_POINT('',(81.1229837791994,0.232899022801307,38.5419267710115));
#6146=CARTESIAN_POINT('Ctrl Pts',(81.1229837791994,0.232899022801311,38.5419267710115));
#6147=CARTESIAN_POINT('Ctrl Pts',(81.1612211715163,-0.00744784000075747,
38.4539033014199));
#6148=CARTESIAN_POINT('Ctrl Pts',(81.2057854392196,-0.203638417087969,38.3128653976959));
#6149=CARTESIAN_POINT('Ctrl Pts',(81.2057854392198,-0.321733593483987,38.1434958420691));
#6150=CARTESIAN_POINT('Ctrl Pts',(81.0720623138148,0.510377522173325,38.6430600286768));
#6151=CARTESIAN_POINT('Ctrl Pts',(81.0912537194581,0.418525108489896,38.6097808798799));
#6152=CARTESIAN_POINT('Ctrl Pts',(81.1081804594358,0.325947508815819,38.5760043973377));
#6153=CARTESIAN_POINT('Ctrl Pts',(81.1229837791994,0.232899022801303,38.5419267710115));
#6154=CARTESIAN_POINT('Origin',(81.2057854392198,0.,38.4111754095584));
#6155=CARTESIAN_POINT('',(81.2057854392198,-0.5,-21.7396989952484));
#6156=CARTESIAN_POINT('',(81.2057854392198,0.,-21.7396989952484));
#6157=CARTESIAN_POINT('',(81.2057854392198,-0.499999999999999,37.3247746379707));
#6158=CARTESIAN_POINT('',(81.2057854392198,-0.5,24.7281165394352));
#6159=CARTESIAN_POINT('Origin',(81.2057854392198,1.,37.3247746379707));
#6160=CARTESIAN_POINT('',(81.2057854392198,14.,23.275614226554));
#6161=CARTESIAN_POINT('',(81.2057854392198,4.00000000000002,23.275614226554));
#6162=CARTESIAN_POINT('Origin',(81.2057854392198,9.00000000000001,23.275614226554));
#6163=CARTESIAN_POINT('',(81.2057854392198,14.,27.275614226554));
#6164=CARTESIAN_POINT('',(81.2057854392198,14.,35.3433948180562));
#6165=CARTESIAN_POINT('',(81.2057854392198,4.00000000000002,27.275614226554));
#6166=CARTESIAN_POINT('Origin',(81.2057854392198,9.00000000000002,27.275614226554));
#6167=CARTESIAN_POINT('',(81.2057854392198,4.00000000000003,28.3433948180562));
#6168=CARTESIAN_POINT('Origin',(80.2057854392198,0.,-21.7396989952484));
#6169=CARTESIAN_POINT('',(80.2057854392198,-0.5,-22.7396989952484));
#6170=CARTESIAN_POINT('',(80.2057854392198,0.,-22.7396989952484));
#6171=CARTESIAN_POINT('Origin',(80.2057854392198,-0.5,-21.7396989952484));
#6172=CARTESIAN_POINT('Origin',(81.2057854392198,0.,-22.7396989952484));
#6173=CARTESIAN_POINT('',(61.455787,-0.492615868114448,-22.7396989952484));
#6174=CARTESIAN_POINT('',(61.455787,0.,-22.7396989952484));
#6175=CARTESIAN_POINT('',(61.6830190351428,-0.5,-22.7396989952484));
#6176=CARTESIAN_POINT('Origin',(61.6830190351428,3.,-22.7396989952484));
#6177=CARTESIAN_POINT('',(76.8807858294148,-0.5,-22.7396989952484));
#6178=CARTESIAN_POINT('',(67.1057869999999,14.,-22.7396989952484));
#6179=CARTESIAN_POINT('',(74.4557854392197,14.,-22.7396989952484));
#6180=CARTESIAN_POINT('',(71.6557862196098,14.,-22.7396989952484));
#6181=CARTESIAN_POINT('',(74.4557854392198,4.00000000000001,-22.7396989952484));
#6182=CARTESIAN_POINT('Origin',(74.4557854392197,9.00000000000001,-22.7396989952484));
#6183=CARTESIAN_POINT('',(67.1057869999999,3.99999999999996,-22.7396989952484));
#6184=CARTESIAN_POINT('',(80.3307854392198,4.00000000000004,-22.7396989952484));
#6185=CARTESIAN_POINT('Origin',(67.1057869999999,8.99999999999996,-22.7396989952484));
#6186=CARTESIAN_POINT('Origin',(61.455787,0.,-23.7396989952484));
#6187=CARTESIAN_POINT('',(60.455787,-0.423614108958838,-23.7396989952484));
#6188=CARTESIAN_POINT('',(60.455787,0.,-23.7396989952484));
#6189=CARTESIAN_POINT('Ctrl Pts',(61.455787,-0.492615868114448,-22.7396989952484));
#6190=CARTESIAN_POINT('Ctrl Pts',(61.1559197463979,-0.482861081318285,-22.7396989952484));
#6191=CARTESIAN_POINT('Ctrl Pts',(60.6406671002895,-0.44544577874379,-22.9900431238477));
#6192=CARTESIAN_POINT('Ctrl Pts',(60.455787,-0.423614108958837,-23.5143230677403));
#6193=CARTESIAN_POINT('Ctrl Pts',(60.455787,-0.423614108958837,-23.7396989952484));
#6194=CARTESIAN_POINT('Origin',(60.455787,0.,-22.7396989952484));
#6195=CARTESIAN_POINT('',(60.455787,-0.423614108958837,-23.9898790098739));
#6196=CARTESIAN_POINT('',(60.455787,0.,-23.9898790098739));
#6197=CARTESIAN_POINT('',(60.455787,-0.423614108958837,-24.9898790098739));
#6198=CARTESIAN_POINT('Origin',(59.455787,0.,-23.9898790098739));
#6199=CARTESIAN_POINT('',(59.4557870000087,0.188257707214728,-24.9898790098739));
#6200=CARTESIAN_POINT('',(59.455787,0.,-24.9898790098739));
#6201=CARTESIAN_POINT('',(59.8109882141181,-0.0625000000000045,-24.9246688779668));
#6202=CARTESIAN_POINT('Ctrl Pts',(59.8109882141181,-0.0625000000000022,
-24.9246688779668));
#6203=CARTESIAN_POINT('Ctrl Pts',(59.7002988801688,0.0293638457832157,-24.966728582667));
#6204=CARTESIAN_POINT('Ctrl Pts',(59.579862655832,0.115125504934128,-24.9898790098718));
#6205=CARTESIAN_POINT('Ctrl Pts',(59.4557870000173,0.188257707214737,-24.9898790098739));
#6206=CARTESIAN_POINT('Ctrl Pts',(60.455787,-0.423614108958839,-23.9898790098739));
#6207=CARTESIAN_POINT('Ctrl Pts',(60.455787,-0.423614108958839,-24.1675335440507));
#6208=CARTESIAN_POINT('Ctrl Pts',(60.3420432932627,-0.395329235513688,-24.5840655729798));
#6209=CARTESIAN_POINT('Ctrl Pts',(60.0076659092733,-0.225727736694339,-24.8499353378487));
#6210=CARTESIAN_POINT('Ctrl Pts',(59.8109882141181,-0.0625000000000045,
-24.9246688779668));
#6211=CARTESIAN_POINT('Origin',(60.455787,0.,-24.9898790098739));
#6212=CARTESIAN_POINT('',(42.4558509914089,0.5,-24.9898790098739));
#6213=CARTESIAN_POINT('',(42.4558509914089,0.,-24.9898790098739));
#6214=CARTESIAN_POINT('',(57.8100356889354,0.5,-24.9898790098739));
#6215=CARTESIAN_POINT('',(37.1183078546095,0.5,-24.9898790098739));
#6216=CARTESIAN_POINT('Origin',(57.8100356889354,-4.,-24.9898790098739));
#6217=CARTESIAN_POINT('Origin',(42.4558509914089,0.,-25.9898790098739));
#6218=CARTESIAN_POINT('',(41.4558509914089,0.5,-25.9898790098739));
#6219=CARTESIAN_POINT('',(41.4558509914089,0.,-25.9898790098739));
#6220=CARTESIAN_POINT('Origin',(42.4558509914089,0.5,-25.9898790098739));
#6221=CARTESIAN_POINT('Origin',(41.4558509914089,0.,-24.9898790098739));
#6222=CARTESIAN_POINT('',(41.4558509914089,0.5,-26.4897479823166));
#6223=CARTESIAN_POINT('',(41.4558509914089,0.,-26.4897479823166));
#6224=CARTESIAN_POINT('',(41.4558509914089,0.5,-3.74936205846937));
#6225=CARTESIAN_POINT('Origin',(13.780828709219,16.,16.8591709252761));
#6226=CARTESIAN_POINT('Origin',(10.3067322715858,17.25,51.6517735621804));
#6227=CARTESIAN_POINT('',(48.6918569590578,16.5,57.4015240046807));
#6228=CARTESIAN_POINT('',(48.6918569590578,16.5,57.4015240046807));
#6229=CARTESIAN_POINT('',(13.0588971725054,16.5,52.7661156779164));
#6230=CARTESIAN_POINT('',(13.2523982402509,18.,51.2786489264287));
#6231=CARTESIAN_POINT('',(10.209981737713,16.5,52.3955069379243));
#6232=CARTESIAN_POINT('Origin',(48.1178037914128,17.25,61.8143420340942));
#6233=CARTESIAN_POINT('',(50.3432060301325,16.5,57.9607612478772));
#6234=CARTESIAN_POINT('Origin',(48.1178037914128,16.5,61.8143420340942));
#6235=CARTESIAN_POINT('',(50.3432060301325,16.5,57.9607612478772));
#6236=CARTESIAN_POINT('Origin',(27.8611442348319,17.25,44.1115302051073));
#6237=CARTESIAN_POINT('',(64.1698238298254,16.5,65.9454871203469));
#6238=CARTESIAN_POINT('',(64.1698238298254,16.5,65.9454871203469));
#6239=CARTESIAN_POINT('',(27.4860764417892,16.5,44.7610101128967));
#6240=CARTESIAN_POINT('Origin',(66.3952260685452,17.25,62.0919063341298));
#6241=CARTESIAN_POINT('',(70.2501581604928,16.5,64.3149669645383));
#6242=CARTESIAN_POINT('Origin',(66.3952260685452,16.5,62.0919063341298));
#6243=CARTESIAN_POINT('',(70.2501581604928,16.5,64.3149669645383));
#6244=CARTESIAN_POINT('Origin',(71.5736357669025,17.25,60.5186619144272));
#6245=CARTESIAN_POINT('',(84.0607175311675,16.5,40.3665564724766));
#6246=CARTESIAN_POINT('',(84.0607175311675,16.5,40.3665564724766));
#6247=CARTESIAN_POINT('',(72.2233434228487,16.5,60.8933350543837));
#6248=CARTESIAN_POINT('Origin',(80.2057854392198,17.25,38.1434958420682));
#6249=CARTESIAN_POINT('',(84.6557854392198,16.5,38.1434958420682));
#6250=CARTESIAN_POINT('Origin',(80.2057854392198,16.5,38.1434958420682));
#6251=CARTESIAN_POINT('',(84.6557854392198,16.5,38.1434958420682));
#6252=CARTESIAN_POINT('Origin',(83.9057854392198,17.25,28.4129124051675));
#6253=CARTESIAN_POINT('',(84.6557854392198,16.5,-21.7396989952484));
#6254=CARTESIAN_POINT('',(84.6557854392198,16.5,-21.7396989952484));
#6255=CARTESIAN_POINT('',(84.6557854392198,16.5,28.4129124051675));
#6256=CARTESIAN_POINT('Origin',(80.2057854392198,17.25,-21.7396989952484));
#6257=CARTESIAN_POINT('',(80.2057854392198,16.5,-26.1896989952484));
#6258=CARTESIAN_POINT('Origin',(80.2057854392198,16.5,-21.7396989952484));
#6259=CARTESIAN_POINT('',(80.2057854392198,16.5,-26.1896989952484));
#6260=CARTESIAN_POINT('Origin',(49.2183070742194,17.25,-25.4396989952484));
#6261=CARTESIAN_POINT('',(67.7740284650519,16.5,-26.1896989952484));
#6262=CARTESIAN_POINT('',(67.7740284650519,16.5,-26.1896989952484));
#6263=CARTESIAN_POINT('',(49.2183070742194,16.5,-26.1896989952484));
#6264=CARTESIAN_POINT('Origin',(67.7740284650519,17.25,-30.6396989952484));
#6265=CARTESIAN_POINT('',(64.8164156539273,16.5,-27.3147890025612));
#6266=CARTESIAN_POINT('Origin',(67.7740284650519,16.5,-30.6396989952484));
#6267=CARTESIAN_POINT('',(64.8164156539273,16.5,-27.3147890025612));
#6268=CARTESIAN_POINT('Origin',(61.8588028428026,17.25,-23.9898790098739));
#6269=CARTESIAN_POINT('',(61.8588028428026,16.5,-28.4398790098739));
#6270=CARTESIAN_POINT('Origin',(61.8588028428026,16.5,-23.9898790098739));
#6271=CARTESIAN_POINT('',(61.8588028428026,16.5,-28.4398790098739));
#6272=CARTESIAN_POINT('Origin',(38.8433078546095,17.25,-27.6898790098739));
#6273=CARTESIAN_POINT('',(48.9057871128186,16.5,-28.4398790098739));
#6274=CARTESIAN_POINT('',(48.9057871128186,16.5,-28.4398790098739));
#6275=CARTESIAN_POINT('',(38.8433078546095,16.5,-28.4398790098739));
#6276=CARTESIAN_POINT('Origin',(48.9057871128186,17.25,-32.8898790098739));
#6277=CARTESIAN_POINT('',(45.8135256899237,16.5,-29.6898134960953));
#6278=CARTESIAN_POINT('Origin',(48.9057871128186,16.5,-32.8898790098739));
#6279=CARTESIAN_POINT('',(45.8135256899237,16.5,-29.6898134960953));
#6280=CARTESIAN_POINT('Origin',(42.7212642670287,17.25,-26.4897479823166));
#6281=CARTESIAN_POINT('',(42.7212642670287,16.5,-30.9397479823166));
#6282=CARTESIAN_POINT('Origin',(42.7212642670287,16.5,-26.4897479823166));
#6283=CARTESIAN_POINT('',(42.7212642670287,16.5,-30.9397479823166));
#6284=CARTESIAN_POINT('Origin',(29.3433398503142,17.25,-30.1897479823167));
#6285=CARTESIAN_POINT('',(29.7741500714703,16.5,-30.9397479823167));
#6286=CARTESIAN_POINT('',(29.7741500714703,16.5,-30.9397479823167));
#6287=CARTESIAN_POINT('',(29.3433398503142,16.5,-30.9397479823167));
#6288=CARTESIAN_POINT('Origin',(29.7741500714703,17.25,-35.3897479823167));
#6289=CARTESIAN_POINT('',(26.816535009658,16.5,-32.0648399916889));
#6290=CARTESIAN_POINT('Origin',(29.7741500714703,16.5,-35.3897479823167));
#6291=CARTESIAN_POINT('',(26.816535009658,16.5,-32.0648399916889));
#6292=CARTESIAN_POINT('Origin',(23.8589199478456,17.25,-28.7399320010611));
#6293=CARTESIAN_POINT('',(23.8589199478456,16.5,-33.1899320010611));
#6294=CARTESIAN_POINT('Origin',(23.8589199478456,16.5,-28.7399320010611));
#6295=CARTESIAN_POINT('',(23.8589199478456,16.5,-33.1899320010611));
#6296=CARTESIAN_POINT('Origin',(19.8433675192742,17.25,-32.4399320010611));
#6297=CARTESIAN_POINT('',(1.95175875519748,16.5,-33.1899320010611));
#6298=CARTESIAN_POINT('',(1.95175875519748,16.5,-33.1899320010611));
#6299=CARTESIAN_POINT('',(19.8433675192742,16.5,-33.1899320010611));
#6300=CARTESIAN_POINT('Origin',(1.95175875519748,17.25,-28.7399320010611));
#6301=CARTESIAN_POINT('',(-1.00585629054266,16.5,-32.0648400059856));
#6302=CARTESIAN_POINT('Origin',(1.95175875519748,16.5,-28.7399320010611));
#6303=CARTESIAN_POINT('',(-1.00585629054266,16.5,-32.0648400059856));
#6304=CARTESIAN_POINT('Origin',(-3.9634713362828,17.25,-35.3897480109102));
#6305=CARTESIAN_POINT('',(-3.9634713362828,16.5,-30.9397480109102));
#6306=CARTESIAN_POINT('Origin',(-3.9634713362828,16.5,-35.3897480109102));
#6307=CARTESIAN_POINT('',(-3.9634713362828,16.5,-30.9397480109102));
#6308=CARTESIAN_POINT('Origin',(6.84303173384545,17.25,-30.1897480109102));
#6309=CARTESIAN_POINT('',(-15.6707490831587,16.5,-30.9397480109102));
#6310=CARTESIAN_POINT('',(-15.6707490831587,16.5,-30.9397480109102));
#6311=CARTESIAN_POINT('',(6.84303173384545,16.5,-30.9397480109102));
#6312=CARTESIAN_POINT('Origin',(-15.6707490831587,17.25,-26.4897480109102));
#6313=CARTESIAN_POINT('',(-19.6073690415797,16.5,-28.5647235054551));
#6314=CARTESIAN_POINT('Origin',(-15.6707490831587,16.5,-26.4897480109102));
#6315=CARTESIAN_POINT('',(-19.6073690415797,16.5,-28.5647235054551));
#6316=CARTESIAN_POINT('Origin',(-23.5439890000006,17.25,-30.639699));
#6317=CARTESIAN_POINT('',(-23.5439890000006,16.5,-26.189699));
#6318=CARTESIAN_POINT('Origin',(-23.5439890000006,16.5,-30.639699));
#6319=CARTESIAN_POINT('',(-23.5439890000006,16.5,-26.189699));
#6320=CARTESIAN_POINT('Origin',(-2.65658014539084,17.25,-25.439699));
#6321=CARTESIAN_POINT('',(-52.6441280207819,16.5,-26.189699));
#6322=CARTESIAN_POINT('',(-52.6441280207819,16.5,-26.189699));
#6323=CARTESIAN_POINT('',(-2.65658014539084,16.5,-26.189699));
#6324=CARTESIAN_POINT('Origin',(-52.6441280207819,17.25,-21.739699));
#6325=CARTESIAN_POINT('',(-57.0941280207819,16.5,-21.739699));
#6326=CARTESIAN_POINT('Origin',(-52.6441280207819,16.5,-21.739699));
#6327=CARTESIAN_POINT('',(-57.0941280207819,16.5,-21.739699));
#6328=CARTESIAN_POINT('Origin',(-56.3441280207819,17.25,-4.34927205353242));
#6329=CARTESIAN_POINT('',(-57.0941280207819,16.5,33.6100729999993));
#6330=CARTESIAN_POINT('',(-57.0941280207819,16.5,33.6100729999993));
#6331=CARTESIAN_POINT('',(-57.0941280207819,16.5,-4.34927205353242));
#6332=CARTESIAN_POINT('Origin',(-52.6441280207819,17.25,33.6100729999993));
#6333=CARTESIAN_POINT('',(-52.6441280207819,16.5,38.0600729999993));
#6334=CARTESIAN_POINT('Origin',(-52.6441280207819,16.5,33.6100729999993));
#6335=CARTESIAN_POINT('',(-52.6441280207819,16.5,38.0600729999993));
#6336=CARTESIAN_POINT('Origin',(-21.6566496557815,17.25,37.3100729999993));
#6337=CARTESIAN_POINT('',(-1.64351447320394,16.5,38.0600729999993));
#6338=CARTESIAN_POINT('',(-1.64351447320394,16.5,38.0600729999993));
#6339=CARTESIAN_POINT('',(-21.6566496557815,16.5,38.0600729999993));
#6340=CARTESIAN_POINT('Origin',(-1.64351447320394,17.25,42.5100729999993));
#6341=CARTESIAN_POINT('',(1.951959809017,16.5,39.8880385444881));
#6342=CARTESIAN_POINT('Origin',(-1.64351447320394,16.5,42.5100729999993));
#6343=CARTESIAN_POINT('',(1.951959809017,16.5,39.8880385444881));
#6344=CARTESIAN_POINT('Origin',(-1.38649720422153,17.25,34.0373006561454));
#6345=CARTESIAN_POINT('',(10.0374760579295,16.5,50.9753321040141));
#6346=CARTESIAN_POINT('',(10.0374760579295,16.5,50.9753321040141));
#6347=CARTESIAN_POINT('',(-1.9924760158318,16.5,34.4792165756136));
#6348=CARTESIAN_POINT('Origin',(13.6329503401504,17.25,48.3532976485029));
#6349=CARTESIAN_POINT('Origin',(13.6329503401504,16.5,48.3532976485029));
#6350=CARTESIAN_POINT('Origin',(29.7741500714703,0.,-35.3897479823167));
#6351=CARTESIAN_POINT('',(29.7741500714703,1.,-30.9397479823167));
#6352=CARTESIAN_POINT('',(29.7741500714703,0.,-30.9397479823167));
#6353=CARTESIAN_POINT('',(26.816535009658,1.,-32.0648399916889));
#6354=CARTESIAN_POINT('Origin',(29.7741500714703,1.,-35.3897479823167));
#6355=CARTESIAN_POINT('',(26.816535009658,0.,-32.0648399916889));
#6356=CARTESIAN_POINT('Origin',(44.9058509914089,0.,-30.9397479823166));
#6357=CARTESIAN_POINT('',(42.7212642670287,1.,-30.9397479823166));
#6358=CARTESIAN_POINT('',(42.7212642670287,0.,-30.9397479823166));
#6359=CARTESIAN_POINT('',(29.3433398503142,1.,-30.9397479823167));
#6360=CARTESIAN_POINT('Origin',(42.7212642670287,0.,-26.4897479823166));
#6361=CARTESIAN_POINT('',(45.8135256899237,1.,-29.6898134960953));
#6362=CARTESIAN_POINT('',(45.8135256899237,0.,-29.6898134960953));
#6363=CARTESIAN_POINT('Origin',(42.7212642670287,1.,-26.4897479823166));
#6364=CARTESIAN_POINT('Origin',(48.9057871128186,0.,-32.8898790098739));
#6365=CARTESIAN_POINT('',(48.9057871128186,1.,-28.4398790098739));
#6366=CARTESIAN_POINT('',(48.9057871128186,0.,-28.4398790098739));
#6367=CARTESIAN_POINT('Origin',(48.9057871128186,1.,-32.8898790098739));
#6368=CARTESIAN_POINT('Origin',(63.905787,0.,-28.4398790098739));
#6369=CARTESIAN_POINT('',(61.8588028428026,0.,-28.4398790098739));
#6370=CARTESIAN_POINT('',(61.8588028428026,0.,-28.4398790098739));
#6371=CARTESIAN_POINT('',(61.6830190351428,0.,-28.4398790098739));
#6372=CARTESIAN_POINT('',(68.2307866098049,0.,-28.4398790098739));
#6373=CARTESIAN_POINT('',(60.230650280315,0.375,-28.4398790098739));
#6374=CARTESIAN_POINT('Origin',(61.6830190351428,3.,-28.4398790098739));
#6375=CARTESIAN_POINT('',(57.8100356889354,1.,-28.4398790098739));
#6376=CARTESIAN_POINT('Origin',(57.8100356889354,-4.,-28.4398790098739));
#6377=CARTESIAN_POINT('',(38.8433078546095,1.,-28.4398790098739));
#6378=CARTESIAN_POINT('Origin',(61.8588028428026,0.,-23.9898790098739));
#6379=CARTESIAN_POINT('',(64.8164156540848,13.4450847957293,-27.314789002421));
#6380=CARTESIAN_POINT('',(64.8164156539273,0.,-27.3147890025612));
#6381=CARTESIAN_POINT('',(63.905787,5.15812545754021,-27.9411263901556));
#6382=CARTESIAN_POINT('Ctrl Pts',(64.8164156541051,13.4450847956587,-27.314789002403));
#6383=CARTESIAN_POINT('Ctrl Pts',(64.71171334615,13.3911595108327,-27.4079250235514));
#6384=CARTESIAN_POINT('Ctrl Pts',(64.6024860717061,13.3301539163843,-27.4960784372571));
#6385=CARTESIAN_POINT('Ctrl Pts',(64.2604583542352,13.1204337450551,-27.7471607451112));
#6386=CARTESIAN_POINT('Ctrl Pts',(64.0239608402767,12.9470788861298,-27.8845866821513));
#6387=CARTESIAN_POINT('Ctrl Pts',(63.322325644168,12.3336975872864,-28.2279663865579));
#6388=CARTESIAN_POINT('Ctrl Pts',(62.8691509284379,11.7528266594363,-28.334588824449));
#6389=CARTESIAN_POINT('Ctrl Pts',(62.2611616289177,10.4341400959156,-28.4323336580145));
#6390=CARTESIAN_POINT('Ctrl Pts',(62.1057869999999,9.69730913766258,-28.4330196587949));
#6391=CARTESIAN_POINT('Ctrl Pts',(62.1057869999999,8.99999999999998,-28.4330196587949));
#6392=CARTESIAN_POINT('Ctrl Pts',(62.1057869999999,8.30269086233738,-28.4330196587949));
#6393=CARTESIAN_POINT('Ctrl Pts',(62.2611616289177,7.56585990408434,-28.4323336580145));
#6394=CARTESIAN_POINT('Ctrl Pts',(62.8691509284379,6.24717334056364,-28.334588824449));
#6395=CARTESIAN_POINT('Ctrl Pts',(63.322325644168,5.66630241271351,-28.2279663865579));
#6396=CARTESIAN_POINT('Ctrl Pts',(63.8447033247513,5.209631051328,-27.9723151670322));
#6397=CARTESIAN_POINT('Ctrl Pts',(63.8750147249349,5.18375650798705,-27.9570682822916));
#6398=CARTESIAN_POINT('Ctrl Pts',(63.905787,5.15812545754021,-27.9411263901556));
#6399=CARTESIAN_POINT('',(63.905787,0.,-27.9411263901557));
#6400=CARTESIAN_POINT('',(63.905787,0.,-27.9411263901557));
#6401=CARTESIAN_POINT('Origin',(61.8588028428026,0.,-23.9898790098739));
#6402=CARTESIAN_POINT('Origin',(67.7740284650519,0.,-30.6396989952484));
#6403=CARTESIAN_POINT('',(67.7740284650519,14.,-26.1896989952484));
#6404=CARTESIAN_POINT('',(67.7740284650519,0.,-26.1896989952484));
#6405=CARTESIAN_POINT('',(67.1057869999999,13.9999999999999,-26.2401588665093));
#6406=CARTESIAN_POINT('Origin',(67.7740284650519,13.9999999999999,-30.6396989952484));
#6407=CARTESIAN_POINT('Ctrl Pts',(67.1057870000001,14.,-26.2401588665093));
#6408=CARTESIAN_POINT('Ctrl Pts',(66.623648975056,14.,-26.3133902976858));
#6409=CARTESIAN_POINT('Ctrl Pts',(66.1366924556175,13.926344391764,-26.4723979808637));
#6410=CARTESIAN_POINT('Ctrl Pts',(65.3748078445875,13.7029638031248,-26.8739895933969));
#6411=CARTESIAN_POINT('Ctrl Pts',(65.0763022597719,13.5789353239492,-27.0836116303937));
#6412=CARTESIAN_POINT('Ctrl Pts',(64.8164156541052,13.4450847956587,-27.3147890024029));
#6413=CARTESIAN_POINT('Origin',(84.6557854392198,0.,-26.1896989952484));
#6414=CARTESIAN_POINT('',(80.2057854392198,0.,-26.1896989952484));
#6415=CARTESIAN_POINT('',(80.2057854392198,0.,-26.1896989952484));
#6416=CARTESIAN_POINT('',(63.905787,0.,-26.1896989952484));
#6417=CARTESIAN_POINT('',(78.6057858294148,0.,-26.1896989952484));
#6418=CARTESIAN_POINT('',(63.905787,5.15812545754021,-26.1896989952484));
#6419=CARTESIAN_POINT('',(63.905787,0.,-26.1896989952484));
#6420=CARTESIAN_POINT('',(67.105787,3.99999999999997,-26.1896989952484));
#6421=CARTESIAN_POINT('Origin',(67.1057869999999,8.99999999999998,-26.1896989952484));
#6422=CARTESIAN_POINT('',(74.4557854392198,4.00000000000001,-26.1896989952484));
#6423=CARTESIAN_POINT('',(82.0557854392197,4.00000000000006,-26.1896989952484));
#6424=CARTESIAN_POINT('',(74.4557854392197,14.,-26.1896989952484));
#6425=CARTESIAN_POINT('Origin',(74.4557854392197,9.00000000000001,-26.1896989952484));
#6426=CARTESIAN_POINT('',(73.3807862196098,14.,-26.1896989952484));
#6427=CARTESIAN_POINT('Origin',(80.2057854392198,0.,-21.7396989952484));
#6428=CARTESIAN_POINT('',(84.6557854392198,0.,-21.7396989952484));
#6429=CARTESIAN_POINT('',(84.6557854392198,0.,-21.7396989952484));
#6430=CARTESIAN_POINT('Origin',(80.2057854392198,0.,-21.7396989952484));
#6431=CARTESIAN_POINT('Origin',(84.6557854392198,0.,39.3346699173998));
#6432=CARTESIAN_POINT('',(84.6557854392198,0.,38.1434958420682));
#6433=CARTESIAN_POINT('',(84.6557854392198,0.,38.1434958420682));
#6434=CARTESIAN_POINT('',(84.6557854392198,0.,25.1898637933559));
#6435=CARTESIAN_POINT('',(84.6557854392198,4.,23.275614226554));
#6436=CARTESIAN_POINT('',(84.6557854392198,14.,23.275614226554));
#6437=CARTESIAN_POINT('Origin',(84.6557854392198,9.,23.275614226554));
#6438=CARTESIAN_POINT('',(84.6557854392198,4.00000000000001,27.275614226554));
#6439=CARTESIAN_POINT('',(84.6557854392198,4.00000000000001,28.8051420719769));
#6440=CARTESIAN_POINT('',(84.6557854392198,14.,27.275614226554));
#6441=CARTESIAN_POINT('Origin',(84.6557854392198,9.00000000000001,27.275614226554));
#6442=CARTESIAN_POINT('',(84.6557854392198,14.,35.8051420719769));
#6443=CARTESIAN_POINT('Origin',(80.2057854392198,0.,38.1434958420682));
#6444=CARTESIAN_POINT('',(84.0607175311675,1.41287826782619,40.3665564724766));
#6445=CARTESIAN_POINT('',(84.0607175311675,0.,40.3665564724766));
#6446=CARTESIAN_POINT('',(84.388253064189,0.488599348534119,39.6631881023907));
#6447=CARTESIAN_POINT('Ctrl Pts',(84.388253064189,0.488599348534108,39.6631881023907));
#6448=CARTESIAN_POINT('Ctrl Pts',(84.3044655314996,0.803371088469672,39.8937865281371));
#6449=CARTESIAN_POINT('Ctrl Pts',(84.1971815379984,1.11217477849531,40.1299189862413));
#6450=CARTESIAN_POINT('Ctrl Pts',(84.0607175311675,1.41287826782619,40.3665564724766));
#6451=CARTESIAN_POINT('',(84.6391145062769,2.27040608535844E-15,38.52832487318));
#6452=CARTESIAN_POINT('Ctrl Pts',(84.6391145062769,2.25107490293639E-15,
38.52832487318));
#6453=CARTESIAN_POINT('Ctrl Pts',(84.6162798381997,3.77383330113426E-15,
38.7913861017746));
#6454=CARTESIAN_POINT('Ctrl Pts',(84.5302875019112,0.0947316003572793,39.249901119359));
#6455=CARTESIAN_POINT('Ctrl Pts',(84.4232312797478,0.357193715525675,39.566921734539));
#6456=CARTESIAN_POINT('Ctrl Pts',(84.388253064189,0.48859934853412,39.6631881023907));
#6457=CARTESIAN_POINT('Origin',(80.2057854392198,0.,38.1434958420682));
#6458=CARTESIAN_POINT('Origin',(68.0257465252685,0.,68.1722417869315));
#6459=CARTESIAN_POINT('',(70.2501581604928,7.5,64.3149669645383));
#6460=CARTESIAN_POINT('',(70.2501581604928,0.,64.3149669645383));
#6461=CARTESIAN_POINT('',(78.1996704172688,7.5,50.529994348498));
#6462=CARTESIAN_POINT('',(67.3248647405354,7.5,69.3876165039642));
#6463=CARTESIAN_POINT('Origin',(78.1996704172689,-6.85,50.529994348498));
#6464=CARTESIAN_POINT('Origin',(66.3952260685452,0.,62.0919063341298));
#6465=CARTESIAN_POINT('',(64.1698238298254,7.5,65.9454871203469));
#6466=CARTESIAN_POINT('',(64.1698238298254,0.,65.9454871203469));
#6467=CARTESIAN_POINT('Origin',(66.3952260685452,7.5,62.0919063341298));
#6468=CARTESIAN_POINT('Origin',(49.5733899114621,0.,57.5162005629113));
#6469=CARTESIAN_POINT('',(50.3432060301325,7.5,57.9607612478772));
#6470=CARTESIAN_POINT('',(50.3432060301325,0.,57.9607612478772));
#6471=CARTESIAN_POINT('',(46.9647731677381,7.5,56.009751921116));
#6472=CARTESIAN_POINT('Origin',(48.1178037914128,0.,61.8143420340942));
#6473=CARTESIAN_POINT('',(48.6918569590578,7.5,57.4015240046807));
#6474=CARTESIAN_POINT('',(48.6918569590578,0.,57.4015240046807));
#6475=CARTESIAN_POINT('Origin',(48.1178037914128,7.5,61.8143420340942));
#6476=CARTESIAN_POINT('Origin',(11.1636219556585,0.,52.5195637615359));
#6477=CARTESIAN_POINT('',(13.0588971725054,7.5,52.7661156779164));
#6478=CARTESIAN_POINT('',(13.0588971725054,0.,52.7661156779164));
#6479=CARTESIAN_POINT('',(27.0729024751577,7.5,54.5891648228754));
#6480=CARTESIAN_POINT('Ctrl Pts',(81.5876819302316,-0.762311457978653,38.348295027815));
#6481=CARTESIAN_POINT('Ctrl Pts',(81.5510336693792,-0.604851222783965,38.665899835291));
#6482=CARTESIAN_POINT('Ctrl Pts',(81.448108595749,-0.343263786667663,38.9400194608327));
#6483=CARTESIAN_POINT('Ctrl Pts',(81.3669346037275,-0.0228013029315913,
39.11335646306));
#6484=CARTESIAN_POINT('Ctrl Pts',(81.479795734696,-0.738529671462784,38.3372402497461));
#6485=CARTESIAN_POINT('Ctrl Pts',(81.4454180102307,-0.5828016508762,38.6319464565775));
#6486=CARTESIAN_POINT('Ctrl Pts',(81.3432057065829,-0.331020162119744,38.8895095904059));
#6487=CARTESIAN_POINT('Ctrl Pts',(81.2589206910665,-0.0166719171514297,
39.0552777543558));
#6488=CARTESIAN_POINT('Ctrl Pts',(81.2826713098942,-0.623325020850131,38.2836882659969));
#6489=CARTESIAN_POINT('Ctrl Pts',(81.2584535771058,-0.477687747942462,38.5229997429356));
#6490=CARTESIAN_POINT('Ctrl Pts',(81.1655186740764,-0.247693016569817,38.7336488245077));
#6491=CARTESIAN_POINT('Ctrl Pts',(81.0843590622889,0.0440527115642033,38.8689096842236));
#6492=CARTESIAN_POINT('Ctrl Pts',(81.2057854392198,-0.422415557634095,38.1902970682289));
#6493=CARTESIAN_POINT('Ctrl Pts',(81.1978581497078,-0.295108747166081,38.3785900002886));
#6494=CARTESIAN_POINT('Ctrl Pts',(81.1355319065694,-0.0876946531458644,
38.5388506455046));
#6495=CARTESIAN_POINT('Ctrl Pts',(81.0810124166595,0.169805024684983,38.6385459369743));
#6496=CARTESIAN_POINT('Ctrl Pts',(81.2057854392198,-0.321733593483987,38.1434958420691));
#6497=CARTESIAN_POINT('Ctrl Pts',(81.2057854392196,-0.203638417087969,38.3128653976959));
#6498=CARTESIAN_POINT('Ctrl Pts',(81.1612211715163,-0.00744784000075747,
38.4539033014199));
#6499=CARTESIAN_POINT('Ctrl Pts',(81.1229837791994,0.232899022801311,38.5419267710115));
#6500=CARTESIAN_POINT('',(81.3669346037275,-0.0228013029315932,39.11335646306));
#6501=CARTESIAN_POINT('Origin',(81.5815829491892,0.232899022801307,38.7411422354832));
#6502=CARTESIAN_POINT('',(81.5876819302316,-0.762311457978653,38.348295027815));
#6503=CARTESIAN_POINT('Origin',(81.7057854392198,-0.32173359348399,38.1434958420696));
#6504=CARTESIAN_POINT('Ctrl Pts',(81.5876819302316,-0.762311457978653,38.348295027815));
#6505=CARTESIAN_POINT('Ctrl Pts',(81.5510336693792,-0.604851222783965,38.665899835291));
#6506=CARTESIAN_POINT('Ctrl Pts',(81.448108595749,-0.343263786667663,38.9400194608327));
#6507=CARTESIAN_POINT('Ctrl Pts',(81.3669346037275,-0.0228013029315913,
39.11335646306));
#6508=CARTESIAN_POINT('Ctrl Pts',(81.2057854392198,-0.321733593484168,38.1434958420692));
#6509=CARTESIAN_POINT('Ctrl Pts',(81.2057854392198,-0.438165940767997,37.893018699117));
#6510=CARTESIAN_POINT('Ctrl Pts',(81.2057854392198,-0.499999999999999,37.6090344285067));
#6511=CARTESIAN_POINT('Ctrl Pts',(81.2057854392198,-0.499999999999999,37.3247746379707));
#6512=CARTESIAN_POINT('Ctrl Pts',(81.2057854392198,-0.422415557634277,38.1902970682289));
#6513=CARTESIAN_POINT('Ctrl Pts',(81.205663421265,-0.551550117430746,37.9272666964081));
#6514=CARTESIAN_POINT('Ctrl Pts',(81.206008254796,-0.623998331392878,37.6276843199586));
#6515=CARTESIAN_POINT('Ctrl Pts',(81.2057854392198,-0.630899693899575,37.3247746379707));
#6516=CARTESIAN_POINT('Ctrl Pts',(81.2826712930669,-0.623325032844731,38.2836882715723));
#6517=CARTESIAN_POINT('Ctrl Pts',(81.2916292495886,-0.777545626789394,37.9955670101309));
#6518=CARTESIAN_POINT('Ctrl Pts',(81.3022792721649,-0.871429745438763,37.664657035192));
#6519=CARTESIAN_POINT('Ctrl Pts',(81.3142724590092,-0.891512980210569,37.3247746379707));
#6520=CARTESIAN_POINT('Ctrl Pts',(81.4797957346961,-0.738529671463003,38.3372402497457));
#6521=CARTESIAN_POINT('Ctrl Pts',(81.5079351399676,-0.898204180037318,38.0304401437509));
#6522=CARTESIAN_POINT('Ctrl Pts',(81.5406953474778,-0.989022172802518,37.680290220417));
#6523=CARTESIAN_POINT('Ctrl Pts',(81.5748857453202,-1.00000000000001,37.3247746379707));
#6524=CARTESIAN_POINT('Ctrl Pts',(81.5876819302316,-0.762311457978899,38.3482950278145));
#6525=CARTESIAN_POINT('Ctrl Pts',(81.623814168356,-0.917554587690672,38.0351622278846));
#6526=CARTESIAN_POINT('Ctrl Pts',(81.6647799314126,-1.00000000000001,37.680140652885));
#6527=CARTESIAN_POINT('Ctrl Pts',(81.7057854392198,-1.00000000000001,37.3247746379707));
#6528=CARTESIAN_POINT('',(81.7057854392198,-1.,37.3247746379707));
#6529=CARTESIAN_POINT('Origin',(81.7057854392198,-0.499999999999999,37.3247746379707));
#6530=CARTESIAN_POINT('Origin',(81.7057854392198,1.,37.3247746379707));
#6531=CARTESIAN_POINT('Origin',(81.7057854392198,-0.5,24.7281165394352));
#6532=CARTESIAN_POINT('',(81.7057854392198,-1.,-21.7396989952484));
#6533=CARTESIAN_POINT('Origin',(81.7057854392198,-0.5,-21.7396989952484));
#6534=CARTESIAN_POINT('',(81.7057854392198,-1.,24.7281165394352));
#6535=CARTESIAN_POINT('Origin',(80.2057854392198,-0.5,-21.7396989952484));
#6536=CARTESIAN_POINT('',(80.2057854392198,-1.,-23.2396989952484));
#6537=CARTESIAN_POINT('Origin',(80.2057854392198,-0.5,-23.2396989952484));
#6538=CARTESIAN_POINT('Origin',(80.2057854392198,-1.,-21.7396989952484));
#6539=CARTESIAN_POINT('Origin',(76.8807858294148,-0.5,-23.2396989952484));
#6540=CARTESIAN_POINT('',(61.6830190351428,-1.,-23.2396989952484));
#6541=CARTESIAN_POINT('Origin',(61.6830190351428,-0.5,-23.2396989952484));
#6542=CARTESIAN_POINT('',(76.8807858294148,-1.,-23.2396989952484));
#6543=CARTESIAN_POINT('Origin',(61.6830190351428,3.,-23.2396989952484));
#6544=CARTESIAN_POINT('',(61.4233252806939,-0.991560992130799,-23.2396989952484));
#6545=CARTESIAN_POINT('Origin',(61.455787,-0.492615868114448,-23.2396989952484));
#6546=CARTESIAN_POINT('Origin',(61.6830190351428,3.,-23.2396989952484));
#6547=CARTESIAN_POINT('Ctrl Pts',(60.8518967092653,-0.9127018388101,-23.7396989952484));
#6548=CARTESIAN_POINT('Ctrl Pts',(60.8518967092653,-0.9127018388101,-23.6270110314944));
#6549=CARTESIAN_POINT('Ctrl Pts',(60.9575424808593,-0.937652318564333,-23.364871059548));
#6550=CARTESIAN_POINT('Ctrl Pts',(61.2519725643498,-0.980412664363755,-23.2396989952484));
#6551=CARTESIAN_POINT('Ctrl Pts',(61.4233252806939,-0.991560992130798,-23.2396989952484));
#6552=CARTESIAN_POINT('Ctrl Pts',(60.7409152975096,-0.889127558717336,-23.7396989952484));
#6553=CARTESIAN_POINT('Ctrl Pts',(60.7409152975096,-0.889127558717336,-23.6008438299833));
#6554=CARTESIAN_POINT('Ctrl Pts',(60.8596398725234,-0.920936721407603,-23.2770702409313));
#6555=CARTESIAN_POINT('Ctrl Pts',(61.2127717913695,-0.977809229087122,-23.1104376004984));
#6556=CARTESIAN_POINT('Ctrl Pts',(61.4233252806939,-0.991560992130798,-23.1087993013488));
#6557=CARTESIAN_POINT('Ctrl Pts',(60.5361971227588,-0.76343785455807,-23.7396989952484));
#6558=CARTESIAN_POINT('Ctrl Pts',(60.5361971227588,-0.76343785455807,-23.5487630090098));
#6559=CARTESIAN_POINT('Ctrl Pts',(60.6817045532107,-0.799894564968321,-23.1019310674544));
#6560=CARTESIAN_POINT('Ctrl Pts',(61.1467029268504,-0.867723732781689,-22.8529302649221));
#6561=CARTESIAN_POINT('Ctrl Pts',(61.4303671206386,-0.883326068668625,-22.8481627503312));
#6562=CARTESIAN_POINT('Ctrl Pts',(60.455787,-0.537071680046823,-23.7396989952484));
#6563=CARTESIAN_POINT('Ctrl Pts',(60.455787,-0.537071680046823,-23.5196273976891));
#6564=CARTESIAN_POINT('Ctrl Pts',(60.628288771953,-0.563797666816963,-23.0064809924539));
#6565=CARTESIAN_POINT('Ctrl Pts',(61.1415944318208,-0.61148426570279,-22.742304997316));
#6566=CARTESIAN_POINT('Ctrl Pts',(61.4472885417587,-0.623239396127299,-22.7396989952484));
#6567=CARTESIAN_POINT('Ctrl Pts',(60.455787,-0.423614108958837,-23.7396989952484));
#6568=CARTESIAN_POINT('Ctrl Pts',(60.455787,-0.423614108958837,-23.5143230677403));
#6569=CARTESIAN_POINT('Ctrl Pts',(60.6406671002895,-0.44544577874379,-22.9900431238477));
#6570=CARTESIAN_POINT('Ctrl Pts',(61.1559197463979,-0.482861081318285,-22.7396989952484));
#6571=CARTESIAN_POINT('Ctrl Pts',(61.455787,-0.492615868114448,-22.7396989952484));
#6572=CARTESIAN_POINT('',(60.8518967092653,-0.9127018388101,-23.7396989952484));
#6573=CARTESIAN_POINT('Origin',(60.955787,-0.423614108958838,-23.7396989952484));
#6574=CARTESIAN_POINT('Ctrl Pts',(60.8518967092653,-0.9127018388101,-23.7396989952484));
#6575=CARTESIAN_POINT('Ctrl Pts',(60.8518967092653,-0.9127018388101,-23.6270110314944));
#6576=CARTESIAN_POINT('Ctrl Pts',(60.9575424808593,-0.937652318564333,-23.364871059548));
#6577=CARTESIAN_POINT('Ctrl Pts',(61.2519725643498,-0.980412664363755,-23.2396989952484));
#6578=CARTESIAN_POINT('Ctrl Pts',(61.4233252806939,-0.991560992130798,-23.2396989952484));
#6579=CARTESIAN_POINT('Origin',(60.955787,-0.423614108958837,-24.9898790098739));
#6580=CARTESIAN_POINT('',(60.8518967092653,-0.9127018388101,-23.9898790098739));
#6581=CARTESIAN_POINT('Origin',(60.955787,-0.423614108958837,-23.9898790098739));
#6582=CARTESIAN_POINT('',(60.8518967092653,-0.9127018388101,-24.9898790098739));
#6583=CARTESIAN_POINT('Ctrl Pts',(60.455787,-0.423614108958839,-23.9898790098739));
#6584=CARTESIAN_POINT('Ctrl Pts',(60.455787,-0.423614108958839,-24.1675335440507));
#6585=CARTESIAN_POINT('Ctrl Pts',(60.3420432932627,-0.395329235513688,-24.5840655729798));
#6586=CARTESIAN_POINT('Ctrl Pts',(60.0076659092733,-0.225727736694339,-24.8499353378487));
#6587=CARTESIAN_POINT('Ctrl Pts',(59.8109882141181,-0.0625000000000045,
-24.9246688779668));
#6588=CARTESIAN_POINT('Ctrl Pts',(60.455787,-0.537071680046823,-23.9898790098739));
#6589=CARTESIAN_POINT('Ctrl Pts',(60.455787,-0.537071680046823,-24.1717147282463));
#6590=CARTESIAN_POINT('Ctrl Pts',(60.3380162328202,-0.505690714221307,-24.5995149324561));
#6591=CARTESIAN_POINT('Ctrl Pts',(59.9760873644403,-0.330990900627154,-24.8741285056237));
#6592=CARTESIAN_POINT('Ctrl Pts',(59.7609593979651,-0.165977194031016,-24.9436788146862));
#6593=CARTESIAN_POINT('Ctrl Pts',(60.5361974449266,-0.763437593636019,-23.9898790098739));
#6594=CARTESIAN_POINT('Ctrl Pts',(60.5361974449266,-0.763437593636019,-24.1946811271619));
#6595=CARTESIAN_POINT('Ctrl Pts',(60.396196035762,-0.726008685113352,-24.6769329555427));
#6596=CARTESIAN_POINT('Ctrl Pts',(59.9570946854175,-0.541157438573344,-24.9870601378548));
#6597=CARTESIAN_POINT('Ctrl Pts',(59.6913516207396,-0.372371407653921,-25.0610184951143));
#6598=CARTESIAN_POINT('Ctrl Pts',(60.7409152975096,-0.88912755871733,-23.9898790098739));
#6599=CARTESIAN_POINT('Ctrl Pts',(60.7409152975096,-0.88912755871733,-24.2357342870619));
#6600=CARTESIAN_POINT('Ctrl Pts',(60.5632752469515,-0.853327102443098,-24.8129442727654));
#6601=CARTESIAN_POINT('Ctrl Pts',(60.0315458241514,-0.66160302197992,-25.1822540632919));
#6602=CARTESIAN_POINT('Ctrl Pts',(59.7143665402049,-0.482205953233706,-25.2815158890888));
#6603=CARTESIAN_POINT('Ctrl Pts',(60.8518967092653,-0.912701838810093,-23.9898790098739));
#6604=CARTESIAN_POINT('Ctrl Pts',(60.8518967092653,-0.912701838810093,-24.256360811139));
#6605=CARTESIAN_POINT('Ctrl Pts',(60.6569074977156,-0.880376269158514,-24.8811588545327));
#6606=CARTESIAN_POINT('Ctrl Pts',(60.0836891251624,-0.686545984793455,-25.2799635018361));
#6607=CARTESIAN_POINT('Ctrl Pts',(59.7465273620391,-0.500000000000007,-25.3920638120132));
#6608=CARTESIAN_POINT('',(59.7465273620391,-0.500000000000004,-25.3920638120132));
#6609=CARTESIAN_POINT('Origin',(59.9885888211771,-0.0625000000000045,-25.3920638120132));
#6610=CARTESIAN_POINT('Ctrl Pts',(59.7465273620391,-0.500000000000007,-25.3920638120132));
#6611=CARTESIAN_POINT('Ctrl Pts',(60.0836891251624,-0.686545984793455,-25.2799635018361));
#6612=CARTESIAN_POINT('Ctrl Pts',(60.6569074977156,-0.880376269158514,-24.8811588545327));
#6613=CARTESIAN_POINT('Ctrl Pts',(60.8518967092653,-0.912701838810093,-24.256360811139));
#6614=CARTESIAN_POINT('Ctrl Pts',(60.8518967092653,-0.912701838810093,-23.9898790098739));
#6615=CARTESIAN_POINT('Ctrl Pts',(59.2729257432381,-0.277104260253571,-25.4898790098739));
#6616=CARTESIAN_POINT('Ctrl Pts',(59.4383599509913,-0.342110662280837,-25.4898790098707));
#6617=CARTESIAN_POINT('Ctrl Pts',(59.5989415834401,-0.418343248192712,-25.4551533690635));
#6618=CARTESIAN_POINT('Ctrl Pts',(59.7465273620391,-0.500000000000005,-25.3920638120132));
#6619=CARTESIAN_POINT('Ctrl Pts',(59.2729257432362,-0.277104260252799,-25.3589793159749));
#6620=CARTESIAN_POINT('Ctrl Pts',(59.4242664781081,-0.336440252908821,-25.3627978874581));
#6621=CARTESIAN_POINT('Ctrl Pts',(59.5740874204874,-0.406512217833759,-25.3355486583224));
#6622=CARTESIAN_POINT('Ctrl Pts',(59.7143665402049,-0.482205953233703,-25.2815158890888));
#6623=CARTESIAN_POINT('Ctrl Pts',(59.312593375159,-0.176154460591756,-25.0983427507024));
#6624=CARTESIAN_POINT('Ctrl Pts',(59.4380656593804,-0.232587899356453,-25.1094549430498));
#6625=CARTESIAN_POINT('Ctrl Pts',(59.5668195359612,-0.298916039812848,-25.0972751114164));
#6626=CARTESIAN_POINT('Ctrl Pts',(59.6913513620967,-0.372371677290567,-25.0610182070531));
#6627=CARTESIAN_POINT('Ctrl Pts',(59.4079140349383,0.066426229027018,-24.9898790098748));
#6628=CARTESIAN_POINT('Ctrl Pts',(59.5278319312002,-0.00102068523677231,
-24.995953117395));
#6629=CARTESIAN_POINT('Ctrl Pts',(59.6477618233872,-0.0803467007255547,
-24.9797670459149));
#6630=CARTESIAN_POINT('Ctrl Pts',(59.7609593979651,-0.165977194031014,-24.9436788146862));
#6631=CARTESIAN_POINT('Ctrl Pts',(59.4557870000173,0.188257707214737,-24.9898790098739));
#6632=CARTESIAN_POINT('Ctrl Pts',(59.579862655832,0.115125504934128,-24.9898790098718));
#6633=CARTESIAN_POINT('Ctrl Pts',(59.7002988801688,0.0293638457832157,-24.966728582667));
#6634=CARTESIAN_POINT('Ctrl Pts',(59.8109882141181,-0.0625000000000022,
-24.9246688779668));
#6635=CARTESIAN_POINT('',(59.2729257432381,-0.277104260253571,-25.4898790098739));
#6636=CARTESIAN_POINT('Origin',(59.455787000026,0.188257707214734,-25.4898790098739));
#6637=CARTESIAN_POINT('Ctrl Pts',(59.2729257432381,-0.277104260253571,-25.4898790098739));
#6638=CARTESIAN_POINT('Ctrl Pts',(59.4383599509913,-0.342110662280837,-25.4898790098707));
#6639=CARTESIAN_POINT('Ctrl Pts',(59.5989415834401,-0.418343248192712,-25.4551533690635));
#6640=CARTESIAN_POINT('Ctrl Pts',(59.7465273620391,-0.500000000000005,-25.3920638120132));
#6641=CARTESIAN_POINT('Origin',(37.1183078546095,0.5,-25.4898790098739));
#6642=CARTESIAN_POINT('',(57.8100356889354,0.,-25.4898790098739));
#6643=CARTESIAN_POINT('Origin',(57.8100356889354,0.5,-25.4898790098739));
#6644=CARTESIAN_POINT('',(42.4558509914089,0.,-25.4898790098739));
#6645=CARTESIAN_POINT('Origin',(42.4558509914089,0.5,-25.4898790098739));
#6646=CARTESIAN_POINT('',(37.1183078546095,0.,-25.4898790098739));
#6647=CARTESIAN_POINT('Ctrl Pts',(41.9558509914089,0.,-25.9898790098739));
#6648=CARTESIAN_POINT('Ctrl Pts',(41.9558509914089,0.,-25.4898790098739));
#6649=CARTESIAN_POINT('Ctrl Pts',(42.4558509914089,0.,-25.4898790098739));
#6650=CARTESIAN_POINT('Ctrl Pts',(41.4558509914089,-1.94289029309402E-15,
-25.9898790098739));
#6651=CARTESIAN_POINT('Ctrl Pts',(41.4558509914089,-1.95533778372031E-15,
-24.9898790098739));
#6652=CARTESIAN_POINT('Ctrl Pts',(42.4558509914089,-1.95533778372031E-15,
-24.9898790098739));
#6653=CARTESIAN_POINT('Ctrl Pts',(41.4558509914089,0.5,-25.9898790098739));
#6654=CARTESIAN_POINT('Ctrl Pts',(41.4558509914089,0.5,-24.9898790098739));
#6655=CARTESIAN_POINT('Ctrl Pts',(42.4558509914089,0.5,-24.9898790098739));
#6656=CARTESIAN_POINT('',(41.9558509914089,0.,-25.9898790098739));
#6657=CARTESIAN_POINT('Origin',(41.9558509914089,0.5,-25.9898790098739));
#6658=CARTESIAN_POINT('Origin',(42.4558509914089,0.,-25.9898790098739));
#6659=CARTESIAN_POINT('Origin',(41.9558509914089,0.5,-3.74936205846937));
#6660=CARTESIAN_POINT('',(41.9558509914089,0.,-26.4897479823166));
#6661=CARTESIAN_POINT('Origin',(41.9558509914089,0.5,-26.4897479823166));
#6662=CARTESIAN_POINT('',(41.9558509914089,0.,-3.74936205846937));
#6663=CARTESIAN_POINT('Origin',(40.4558509914089,0.5,-26.4897479823166));
#6664=CARTESIAN_POINT('',(40.4558509914089,0.5,-27.4897479823166));
#6665=CARTESIAN_POINT('',(40.455850991409,0.,-27.9897479823166));
#6666=CARTESIAN_POINT('Origin',(40.455850991409,0.5,-27.9897479823166));
#6667=CARTESIAN_POINT('Origin',(40.4558509914089,0.,-26.4897479823166));
#6668=CARTESIAN_POINT('Origin',(40.4558509914089,0.5,-26.4897479823166));
#6669=CARTESIAN_POINT('Origin',(27.6183398503142,0.5,-27.9897479823167));
#6670=CARTESIAN_POINT('',(23.4559063293296,0.5,-27.4897479823168));
#6671=CARTESIAN_POINT('',(23.4559063293296,0.,-27.9897479823168));
#6672=CARTESIAN_POINT('Origin',(23.4559063293296,0.5,-27.9897479823168));
#6673=CARTESIAN_POINT('',(27.6183398503142,0.,-27.9897479823167));
#6674=CARTESIAN_POINT('',(27.6183398503141,0.5,-27.4897479823167));
#6675=CARTESIAN_POINT('Ctrl Pts',(22.9559063293296,0.,-28.4897479823168));
#6676=CARTESIAN_POINT('Ctrl Pts',(22.9559063293296,0.,-27.9897479823168));
#6677=CARTESIAN_POINT('Ctrl Pts',(23.4559063293296,0.,-27.9897479823168));
#6678=CARTESIAN_POINT('Ctrl Pts',(22.4559063293296,-1.87350135405495E-15,
-28.4897479823168));
#6679=CARTESIAN_POINT('Ctrl Pts',(22.4559063293296,-1.86513216296951E-15,
-27.4897479823168));
#6680=CARTESIAN_POINT('Ctrl Pts',(23.4559063293296,-1.86513216296951E-15,
-27.4897479823168));
#6681=CARTESIAN_POINT('Ctrl Pts',(22.4559063293296,0.5,-28.4897479823168));
#6682=CARTESIAN_POINT('Ctrl Pts',(22.4559063293296,0.5,-27.4897479823168));
#6683=CARTESIAN_POINT('Ctrl Pts',(23.4559063293296,0.5,-27.4897479823168));
#6684=CARTESIAN_POINT('',(22.4559063293296,0.5,-28.4897479823167));
#6685=CARTESIAN_POINT('',(22.9559063293296,0.,-28.4897479823168));
#6686=CARTESIAN_POINT('Origin',(22.9559063293296,0.5,-28.4897479823168));
#6687=CARTESIAN_POINT('Origin',(23.4559063293296,0.,-28.4897479823168));
#6688=CARTESIAN_POINT('Origin',(23.4559063293296,0.5,-28.4897479823168));
#6689=CARTESIAN_POINT('Origin',(22.9559063293304,0.5,-4.99929654469096));
#6690=CARTESIAN_POINT('',(22.4559063293296,0.5,-28.7399320010611));
#6691=CARTESIAN_POINT('',(22.9559063293296,0.,-28.7399320010611));
#6692=CARTESIAN_POINT('Origin',(22.9559063293296,0.5,-28.7399320010611));
#6693=CARTESIAN_POINT('',(22.9559063293304,0.,-4.99929654469096));
#6694=CARTESIAN_POINT('',(22.4559063293304,0.5,-4.99929654469094));
#6695=CARTESIAN_POINT('Origin',(21.4559063293296,0.5,-28.7399320010611));
#6696=CARTESIAN_POINT('',(21.4559063293296,0.5,-29.7399320010611));
#6697=CARTESIAN_POINT('',(21.4559063293296,0.,-30.2399320010611));
#6698=CARTESIAN_POINT('Origin',(21.4559063293296,0.5,-30.2399320010611));
#6699=CARTESIAN_POINT('Origin',(21.4559063293296,0.,-28.7399320010611));
#6700=CARTESIAN_POINT('Origin',(21.4559063293296,0.5,-28.7399320010611));
#6701=CARTESIAN_POINT('Origin',(18.1183675192742,0.5,-30.2399320010611));
#6702=CARTESIAN_POINT('',(4.35568687165447,0.5,-29.7399320010611));
#6703=CARTESIAN_POINT('',(4.35568687165447,0.,-30.2399320010611));
#6704=CARTESIAN_POINT('Origin',(4.35568687165447,0.5,-30.2399320010611));
#6705=CARTESIAN_POINT('',(18.1183675192742,0.,-30.2399320010611));
#6706=CARTESIAN_POINT('',(18.1183675192742,0.5,-29.7399320010611));
#6707=CARTESIAN_POINT('Origin',(4.35568687165447,0.5,-28.7399320010611));
#6708=CARTESIAN_POINT('',(3.35568689276558,0.5,-28.7397265205906));
#6709=CARTESIAN_POINT('',(2.85568690332114,0.,-28.7396237803554));
#6710=CARTESIAN_POINT('Origin',(2.85568690332114,0.5,-28.7396237803554));
#6711=CARTESIAN_POINT('Origin',(4.35568687165447,0.,-28.7399320010611));
#6712=CARTESIAN_POINT('Origin',(4.35568687165447,0.5,-28.7399320010611));
#6713=CARTESIAN_POINT('Origin',(2.86033413358899,0.5,-6.12321570831335));
#6714=CARTESIAN_POINT('',(3.35573821624621,0.5,-28.4899534913806));
#6715=CARTESIAN_POINT('',(2.85573822680176,0.,-28.4898507511454));
#6716=CARTESIAN_POINT('Origin',(2.85573822680176,0.5,-28.4898507511454));
#6717=CARTESIAN_POINT('',(2.86033413358899,0.,-6.12321570831335));
#6718=CARTESIAN_POINT('',(3.36033412303343,0.5,-6.12331844854856));
#6719=CARTESIAN_POINT('Ctrl Pts',(2.35573823735732,0.,-27.9897480109102));
#6720=CARTESIAN_POINT('Ctrl Pts',(2.56287511110261,0.,-27.9897480109102));
#6721=CARTESIAN_POINT('Ctrl Pts',(2.70932795024331,0.,-28.1362309463416));
#6722=CARTESIAN_POINT('Ctrl Pts',(2.85578078938402,0.,-28.282713881773));
#6723=CARTESIAN_POINT('Ctrl Pts',(2.85573822680176,0.,-28.4898507511454));
#6724=CARTESIAN_POINT('Ctrl Pts',(2.35573823735732,-1.74023207269918E-15,
-27.4897480109102));
#6725=CARTESIAN_POINT('Ctrl Pts',(2.7700119848479,-1.74023207269918E-15,
-27.4897480109102));
#6726=CARTESIAN_POINT('Ctrl Pts',(3.06291766312931,-1.73861824186318E-15,
-27.782713881773));
#6727=CARTESIAN_POINT('Ctrl Pts',(3.35582334141072,-1.73700441102718E-15,
-28.0756797526358));
#6728=CARTESIAN_POINT('Ctrl Pts',(3.3557382162462,-1.73472234406776E-15,
-28.4899534913806));
#6729=CARTESIAN_POINT('Ctrl Pts',(2.35573823735732,0.5,-27.4897480109102));
#6730=CARTESIAN_POINT('Ctrl Pts',(2.7700119848479,0.5,-27.4897480109102));
#6731=CARTESIAN_POINT('Ctrl Pts',(3.06291766312931,0.5,-27.782713881773));
#6732=CARTESIAN_POINT('Ctrl Pts',(3.35582334141072,0.5,-28.0756797526358));
#6733=CARTESIAN_POINT('Ctrl Pts',(3.3557382162462,0.5,-28.4899534913806));
#6734=CARTESIAN_POINT('',(2.35573823735732,0.5,-27.4897480109102));
#6735=CARTESIAN_POINT('',(2.35573823735732,0.,-27.9897480109102));
#6736=CARTESIAN_POINT('Origin',(2.35573823735732,0.5,-27.9897480109102));
#6737=CARTESIAN_POINT('Origin',(2.35573823735732,0.,-28.4897480109102));
#6738=CARTESIAN_POINT('Origin',(2.35573823735732,0.5,-28.4897480109102));
#6739=CARTESIAN_POINT('Origin',(8.56838622408107,0.5,-27.9897480109102));
#6740=CARTESIAN_POINT('',(-14.6439890000006,0.5,-27.4897480109102));
#6741=CARTESIAN_POINT('',(-14.6439890000006,0.,-27.9897480109102));
#6742=CARTESIAN_POINT('Origin',(-14.6439890000006,0.5,-27.9897480109102));
#6743=CARTESIAN_POINT('',(8.56838622408107,0.,-27.9897480109102));
#6744=CARTESIAN_POINT('',(8.56838622408107,0.5,-27.4897480109102));
#6745=CARTESIAN_POINT('Origin',(-14.6439890000006,0.5,-26.4897480109102));
#6746=CARTESIAN_POINT('',(-15.6439890000006,0.5,-26.4897480109102));
#6747=CARTESIAN_POINT('',(-16.1439890000006,0.,-26.4897480109102));
#6748=CARTESIAN_POINT('Origin',(-16.1439890000006,0.5,-26.4897480109102));
#6749=CARTESIAN_POINT('Origin',(-14.6439890000006,0.,-26.4897480109102));
#6750=CARTESIAN_POINT('Origin',(-14.6439890000006,0.5,-26.4897480109102));
#6751=CARTESIAN_POINT('Origin',(-16.1439890000006,0.5,-4.9992965589875));
#6752=CARTESIAN_POINT('',(-15.6439890000006,0.5,-23.739699));
#6753=CARTESIAN_POINT('',(-16.1439890000006,0.,-23.739699));
#6754=CARTESIAN_POINT('Origin',(-16.1439890000006,0.5,-23.739699));
#6755=CARTESIAN_POINT('',(-16.1439890000006,0.,-4.9992965589875));
#6756=CARTESIAN_POINT('',(-15.6439890000006,0.5,-4.9992965589875));
#6757=CARTESIAN_POINT('Ctrl Pts',(-16.6439890000006,0.,-23.239699));
#6758=CARTESIAN_POINT('Ctrl Pts',(-16.1439890000006,0.,-23.239699));
#6759=CARTESIAN_POINT('Ctrl Pts',(-16.1439890000006,0.,-23.739699));
#6760=CARTESIAN_POINT('Ctrl Pts',(-16.6439890000006,-2.08023787399064E-15,
-22.739699));
#6761=CARTESIAN_POINT('Ctrl Pts',(-15.6439890000006,-2.08023787399064E-15,
-22.739699));
#6762=CARTESIAN_POINT('Ctrl Pts',(-15.6439890000006,-2.08166817117217E-15,
-23.739699));
#6763=CARTESIAN_POINT('Ctrl Pts',(-16.6439890000006,0.5,-22.739699));
#6764=CARTESIAN_POINT('Ctrl Pts',(-15.6439890000006,0.5,-22.739699));
#6765=CARTESIAN_POINT('Ctrl Pts',(-15.6439890000006,0.5,-23.739699));
#6766=CARTESIAN_POINT('',(-16.6439890000006,0.5,-22.739699));
#6767=CARTESIAN_POINT('',(-16.6439890000006,0.,-23.239699));
#6768=CARTESIAN_POINT('Origin',(-16.6439890000006,0.5,-23.239699));
#6769=CARTESIAN_POINT('Origin',(-16.6439890000006,0.,-23.739699));
#6770=CARTESIAN_POINT('Origin',(-16.6439890000006,0.5,-23.739699));
#6771=CARTESIAN_POINT('Origin',(-0.931580145390836,0.5,-23.239699));
#6772=CARTESIAN_POINT('',(-52.6441280207819,0.5,-22.739699));
#6773=CARTESIAN_POINT('',(-52.6441280207819,0.,-23.239699));
#6774=CARTESIAN_POINT('Origin',(-52.6441280207819,0.5,-23.239699));
#6775=CARTESIAN_POINT('',(-0.931580145390836,0.,-23.239699));
#6776=CARTESIAN_POINT('',(-0.931580145390836,0.5,-22.739699));
#6777=CARTESIAN_POINT('Origin',(-52.6441280207819,0.5,-21.739699));
#6778=CARTESIAN_POINT('',(-53.6441280207819,0.5,-21.739699));
#6779=CARTESIAN_POINT('',(-54.1441280207819,0.,-21.739699));
#6780=CARTESIAN_POINT('Origin',(-54.1441280207819,0.5,-21.739699));
#6781=CARTESIAN_POINT('Origin',(-52.6441280207819,0.,-21.739699));
#6782=CARTESIAN_POINT('Origin',(-52.6441280207819,0.5,-21.739699));
#6783=CARTESIAN_POINT('Origin',(-54.1441280207819,0.5,-2.62427205353242));
#6784=CARTESIAN_POINT('',(-53.6441280207819,0.5,33.6100729999993));
#6785=CARTESIAN_POINT('',(-54.1441280207819,0.,33.6100729999993));
#6786=CARTESIAN_POINT('Origin',(-54.1441280207819,0.5,33.6100729999993));
#6787=CARTESIAN_POINT('',(-54.1441280207819,0.,-2.62427205353242));
#6788=CARTESIAN_POINT('',(-53.6441280207819,0.5,-2.62427205353242));
#6789=CARTESIAN_POINT('Origin',(-52.6441280207819,0.5,33.6100729999993));
#6790=CARTESIAN_POINT('',(-52.6441280207819,0.5,34.6100729999993));
#6791=CARTESIAN_POINT('',(-52.6441280207819,0.,35.1100729999993));
#6792=CARTESIAN_POINT('Origin',(-52.6441280207819,0.5,35.1100729999993));
#6793=CARTESIAN_POINT('Origin',(-52.6441280207819,0.,33.6100729999993));
#6794=CARTESIAN_POINT('Origin',(-52.6441280207819,0.5,33.6100729999993));
#6795=CARTESIAN_POINT('Origin',(-19.9316496557815,0.5,35.1100729999993));
#6796=CARTESIAN_POINT('',(1.86449622773251,0.,35.1100729999993));
#6797=CARTESIAN_POINT('Origin',(1.86449622773251,0.5,35.1100729999993));
#6798=CARTESIAN_POINT('',(-19.9316496557815,0.,35.1100729999993));
#6799=CARTESIAN_POINT('',(-19.9316496557815,0.5,34.6100729999993));
#6800=CARTESIAN_POINT('Ctrl Pts',(2.26848210213936,0.,35.3154623870205));
#6801=CARTESIAN_POINT('Ctrl Pts',(2.11869990171342,0.,35.1100729999993));
#6802=CARTESIAN_POINT('Ctrl Pts',(1.86449622773251,0.,35.1100729999993));
#6803=CARTESIAN_POINT('Ctrl Pts',(2.67246797654621,-1.87843265908659E-15,
35.0208517740417));
#6804=CARTESIAN_POINT('Ctrl Pts',(2.37290357569432,-1.88187054514039E-15,
34.6100729999993));
#6805=CARTESIAN_POINT('Ctrl Pts',(1.86449622773251,-1.88187054514039E-15,
34.6100729999993));
#6806=CARTESIAN_POINT('Ctrl Pts',(2.67246797654621,0.5,35.0208517740417));
#6807=CARTESIAN_POINT('Ctrl Pts',(2.37290357569432,0.5,34.6100729999993));
#6808=CARTESIAN_POINT('Ctrl Pts',(1.86449622773251,0.5,34.6100729999993));
#6809=CARTESIAN_POINT('',(2.26848210213936,0.,35.3154623870205));
#6810=CARTESIAN_POINT('Origin',(2.26848210213936,0.5,35.3154623870205));
#6811=CARTESIAN_POINT('Origin',(1.86449622773251,0.,35.6100729999993));
#6812=CARTESIAN_POINT('Origin',(-0.125707948300915,0.5,32.0324205738155));
#6813=CARTESIAN_POINT('',(2.39056472879924,0.,35.4828686327847));
#6814=CARTESIAN_POINT('Origin',(2.39056472879924,0.5,35.4828686327847));
#6815=CARTESIAN_POINT('',(-0.125707948300915,0.,32.0324205738155));
#6816=CARTESIAN_POINT('Origin',(2.39056472879924,2.,35.4828686327847));
#6817=CARTESIAN_POINT('',(3.33164895277978,0.796230859835096,36.773333797197));
#6818=CARTESIAN_POINT('Origin',(3.09637789678465,1.09717314487632,36.4507175060939));
#6819=CARTESIAN_POINT('Origin',(2.39056472879924,2.,35.4828686327847));
#6820=CARTESIAN_POINT('Origin',(10.0730695957173,-7.8269230769231,46.0175313691888));
#6821=CARTESIAN_POINT('',(10.0730695957173,6.5,46.0175313691888));
#6822=CARTESIAN_POINT('Origin',(10.0730695957173,7.,46.0175313691888));
#6823=CARTESIAN_POINT('Origin',(10.0730695957173,-7.8269230769231,46.0175313691888));
#6824=CARTESIAN_POINT('Origin',(14.3289486677012,7.,51.8534210232692));
#6825=CARTESIAN_POINT('',(12.4209927169299,6.5,49.2371294874392));
#6826=CARTESIAN_POINT('Origin',(12.4209927169299,7.,49.2371294874392));
#6827=CARTESIAN_POINT('',(14.3289486677012,6.5,51.8534210232692));
#6828=CARTESIAN_POINT('Origin',(13.6329503401504,7.,48.3532976485029));
#6829=CARTESIAN_POINT('',(13.4394492724049,6.5,49.8407643999906));
#6830=CARTESIAN_POINT('Origin',(13.4394492724049,7.,49.8407643999906));
#6831=CARTESIAN_POINT('Origin',(13.6329503401504,6.5,48.3532976485029));
#6832=CARTESIAN_POINT('Origin',(28.1881399119248,7.,51.7593870406252));
#6833=CARTESIAN_POINT('',(50.4392803784156,6.5,54.6539858170451));
#6834=CARTESIAN_POINT('Origin',(50.4392803784156,7.,54.6539858170451));
#6835=CARTESIAN_POINT('',(28.1881399119248,6.5,51.7593870406252));
#6836=CARTESIAN_POINT('Ctrl Pts',(50.6248252178622,6.5,54.7168214623481));
#6837=CARTESIAN_POINT('Ctrl Pts',(50.5383290247532,6.5,54.6668708235879));
#6838=CARTESIAN_POINT('Ctrl Pts',(50.4392803784156,6.5,54.6539858170451));
#6839=CARTESIAN_POINT('Ctrl Pts',(50.874870413224,6.5,54.2838348571552));
#6840=CARTESIAN_POINT('Ctrl Pts',(50.7018780270059,6.5,54.1839335796347));
#6841=CARTESIAN_POINT('Ctrl Pts',(50.5037807343308,6.5,54.1581635665492));
#6842=CARTESIAN_POINT('Ctrl Pts',(50.874870413224,7.,54.2838348571552));
#6843=CARTESIAN_POINT('Ctrl Pts',(50.7018780270059,7.,54.1839335796347));
#6844=CARTESIAN_POINT('Ctrl Pts',(50.5037807343308,7.,54.1581635665492));
#6845=CARTESIAN_POINT('',(50.6248252178622,6.5,54.7168214623481));
#6846=CARTESIAN_POINT('Origin',(50.6248252178622,7.,54.7168214623481));
#6847=CARTESIAN_POINT('Origin',(50.3747800225004,6.5,55.149808067541));
#6848=CARTESIAN_POINT('Origin',(48.1416279541464,7.,53.282801246755));
#6849=CARTESIAN_POINT('',(65.6450904824599,6.5,63.3908661497086));
#6850=CARTESIAN_POINT('Origin',(65.6450904824599,7.,63.3908661497086));
#6851=CARTESIAN_POINT('',(48.1416279541464,6.5,53.282801246755));
#6852=CARTESIAN_POINT('Origin',(66.3952260685452,7.,62.0919063341298));
#6853=CARTESIAN_POINT('',(67.6946413804376,6.5,62.8412526140428));
#6854=CARTESIAN_POINT('Origin',(67.6946413804376,7.,62.8412526140428));
#6855=CARTESIAN_POINT('Origin',(66.3952260685452,6.5,62.0919063341298));
#6856=CARTESIAN_POINT('Origin',(65.6316198864941,7.,66.4186664077096));
#6857=CARTESIAN_POINT('',(75.6441536372137,6.5,49.0562799980025));
#6858=CARTESIAN_POINT('Origin',(75.6441536372137,7.,49.0562799980025));
#6859=CARTESIAN_POINT('',(65.6316198864941,6.5,66.4186664077096));
#6860=CARTESIAN_POINT('Origin',(75.6441536372136,-6.85,49.0562799980025));
#6861=CARTESIAN_POINT('',(81.293610602596,0.244659922094872,39.2597532366389));
#6862=CARTESIAN_POINT('Origin',(81.5052007511122,0.510377522173332,38.8928421219811));
#6863=CARTESIAN_POINT('Origin',(75.6441536372136,-6.85,49.0562799980025));
#6864=CARTESIAN_POINT('Origin',(57.8100356889354,-4.,-25.4898790098739));
#6865=CARTESIAN_POINT('Origin',(57.8100356889354,-4.,-25.4898790098739));
#6866=CARTESIAN_POINT('Ctrl Pts',(81.0720623138148,0.510377522173325,38.6430600286768));
#6867=CARTESIAN_POINT('Ctrl Pts',(81.0912537194581,0.418525108489896,38.6097808798799));
#6868=CARTESIAN_POINT('Ctrl Pts',(81.1081804594358,0.325947508815819,38.5760043973377));
#6869=CARTESIAN_POINT('Ctrl Pts',(81.1229837791994,0.232899022801303,38.5419267710115));
#6870=CARTESIAN_POINT('Ctrl Pts',(81.0166681424689,0.440812817145325,38.7391171338709));
#6871=CARTESIAN_POINT('Ctrl Pts',(81.0404992204102,0.351285457274439,38.7065122106716));
#6872=CARTESIAN_POINT('Ctrl Pts',(81.0617828813203,0.260828316226289,38.6727946278293));
#6873=CARTESIAN_POINT('Ctrl Pts',(81.0810124166595,0.169805024684975,38.6385459369743));
#6874=CARTESIAN_POINT('Ctrl Pts',(81.0003615945492,0.302313769364456,38.9845571748735));
#6875=CARTESIAN_POINT('Ctrl Pts',(81.0311054063896,0.217290341500921,38.9471975719129));
#6876=CARTESIAN_POINT('Ctrl Pts',(81.0591586981918,0.131130180450434,38.9085367849951));
#6877=CARTESIAN_POINT('Ctrl Pts',(81.0843590833647,0.0440527195688188,38.8689096788079));
#6878=CARTESIAN_POINT('Ctrl Pts',(81.1802152248793,0.244659922094869,39.1943604375287));
#6879=CARTESIAN_POINT('Ctrl Pts',(81.2096598156158,0.158445418466076,39.1487833694062));
#6880=CARTESIAN_POINT('Ctrl Pts',(81.235737329018,0.071138864529241,39.1024038495893));
#6881=CARTESIAN_POINT('Ctrl Pts',(81.2589206910665,-0.0166719171514375,
39.0552777543558));
#6882=CARTESIAN_POINT('Ctrl Pts',(81.293610602596,0.244659922094871,39.2597532366389));
#6883=CARTESIAN_POINT('Ctrl Pts',(81.321358465268,0.156123480024568,39.2116366334145));
#6884=CARTESIAN_POINT('Ctrl Pts',(81.3457282799801,0.0668880319632566,39.162741168103));
#6885=CARTESIAN_POINT('Ctrl Pts',(81.3669346037274,-0.0228013029316014,
39.11335646306));
#6886=CARTESIAN_POINT('Ctrl Pts',(81.3669346037274,-0.0228013029316014,
39.11335646306));
#6887=CARTESIAN_POINT('Ctrl Pts',(81.3457282799801,0.0668880319632566,39.162741168103));
#6888=CARTESIAN_POINT('Ctrl Pts',(81.321358465268,0.156123480024568,39.2116366334145));
#6889=CARTESIAN_POINT('Ctrl Pts',(81.293610602596,0.244659922094871,39.2597532366389));
#6890=CARTESIAN_POINT('Origin',(0.00704806979883843,2.,37.2210712493595));
#6891=CARTESIAN_POINT('',(1.26455342156101,0.796230859835097,38.2807832406514));
#6892=CARTESIAN_POINT('',(0.94813229377938,0.796230859835096,38.5115364137718));
#6893=CARTESIAN_POINT('',(-0.0844823779764908,0.,37.2878207152039));
#6894=CARTESIAN_POINT('Ctrl Pts',(-0.0844823779764835,-1.94289029309402E-15,
37.2878207152039));
#6895=CARTESIAN_POINT('Ctrl Pts',(0.419413892551825,5.91617335689309E-16,
37.615844175421));
#6896=CARTESIAN_POINT('Ctrl Pts',(0.94066901980895,0.257725961363087,38.0146520135583));
#6897=CARTESIAN_POINT('Ctrl Pts',(1.26455342156102,0.796230859835097,38.2807832406514));
#6898=CARTESIAN_POINT('',(0.00704806979883843,0.,37.2210712493595));
#6899=CARTESIAN_POINT('Origin',(7.68955293671692,-7.8269230769231,47.7557339857636));
#6900=CARTESIAN_POINT('',(8.49752468553062,6.5,47.166512759806));
#6901=CARTESIAN_POINT('',(10.4770554701242,6.5,45.72292075621));
#6902=CARTESIAN_POINT('',(3.1342789133257,3.23696220761602,39.8121424910776));
#6903=CARTESIAN_POINT('Origin',(8.49752468553062,-7.8269230769231,47.166512759806));
#6904=CARTESIAN_POINT('Ctrl Pts',(1.26455342156102,0.796230859835096,38.2807832406514));
#6905=CARTESIAN_POINT('Ctrl Pts',(1.94901723365163,1.67287307923189,38.5993790203513));
#6906=CARTESIAN_POINT('Ctrl Pts',(2.61117088697292,2.50657248794631,39.0948287078539));
#6907=CARTESIAN_POINT('Ctrl Pts',(3.1342789133257,3.23696220761602,39.8121424910776));
#6908=CARTESIAN_POINT('Origin',(42.9446116769929,6.5,56.9475812715707));
#6909=CARTESIAN_POINT('',(77.3333935426739,6.5,50.0304301618894));
#6910=CARTESIAN_POINT('',(75.2110151999162,6.5,48.8064979046982));
#6911=CARTESIAN_POINT('',(69.3838812858979,6.5,63.8154027779296));
#6912=CARTESIAN_POINT('',(66.4585878659404,6.5,68.8880523173556));
#6913=CARTESIAN_POINT('',(64.6699142205489,6.5,65.079513909961));
#6914=CARTESIAN_POINT('Origin',(66.3952260685452,6.5,62.0919063341298));
#6915=CARTESIAN_POINT('',(50.8432964208561,6.5,57.0947880374913));
#6916=CARTESIAN_POINT('',(47.4648635584617,6.5,55.1437787107302));
#6917=CARTESIAN_POINT('',(48.8208576708881,6.5,56.4098795036889));
#6918=CARTESIAN_POINT('Origin',(48.1178037914128,6.5,61.8143420340942));
#6919=CARTESIAN_POINT('',(13.1878978843357,6.5,51.7744711769246));
#6920=CARTESIAN_POINT('',(27.201903186988,6.5,53.5975203218836));
#6921=CARTESIAN_POINT('',(10.8454478067432,6.5,50.3861108780565));
#6922=CARTESIAN_POINT('Origin',(13.6329503401504,6.5,48.3532976485029));
#6923=CARTESIAN_POINT('',(13.270152348984,6.5,53.7109957991097));
#6924=CARTESIAN_POINT('Origin',(75.2110151999162,-6.85,48.8064979046982));
#6925=CARTESIAN_POINT('',(83.0190760081039,-0.0228013029316816,40.0661126788202));
#6926=CARTESIAN_POINT('',(80.9421260237448,-0.0228013029315954,38.8683780283966));
#6927=CARTESIAN_POINT('',(82.7860053176248,0.837067935573495,40.5752457963921));
#6928=CARTESIAN_POINT('Ctrl Pts',(82.7860053176248,0.837067935573497,40.5752457963921));
#6929=CARTESIAN_POINT('Ctrl Pts',(82.8844305769071,0.557319393234329,40.4045699787938));
#6930=CARTESIAN_POINT('Ctrl Pts',(82.9606383741307,0.270035124116381,40.2335829787693));
#6931=CARTESIAN_POINT('Ctrl Pts',(83.0190760081039,-0.0228013029316821,
40.0661126788202));
#6932=CARTESIAN_POINT('Origin',(77.3333935426739,-6.85,50.0304301618894));
#6933=CARTESIAN_POINT('Origin',(81.8007194055918,1.,37.3795211180892));
#6934=CARTESIAN_POINT('',(83.6428607833427,-0.999999999999998,38.4418464392223));
#6935=CARTESIAN_POINT('',(81.8007194055918,-1.,37.3795211180892));
#6936=CARTESIAN_POINT('Ctrl Pts',(83.019076008104,-0.0228013029317714,40.0661126788202));
#6937=CARTESIAN_POINT('Ctrl Pts',(83.0852600733886,-0.285612568948662,39.9237359981583));
#6938=CARTESIAN_POINT('Ctrl Pts',(83.2953362088704,-0.81053679928545,39.4575953143631));
#6939=CARTESIAN_POINT('Ctrl Pts',(83.5324793882166,-0.999999999999996,38.8065026764099));
#6940=CARTESIAN_POINT('Ctrl Pts',(83.6428607833427,-0.999999999999998,38.4418464392223));
#6941=CARTESIAN_POINT('Origin',(72.5557862196099,-1.,11.045057669312));
#6942=CARTESIAN_POINT('',(61.6830190351428,-1.,-27.4398790098739));
#6943=CARTESIAN_POINT('',(61.6830190351428,-1.,-24.9898790098739));
#6944=CARTESIAN_POINT('',(61.8588028428026,-1.,-27.439879009874));
#6945=CARTESIAN_POINT('',(68.2307866098049,-1.,-27.4398790098739));
#6946=CARTESIAN_POINT('',(63.905787,-1.,-26.766991874016));
#6947=CARTESIAN_POINT('Origin',(61.8588028428026,-1.,-23.9898790098739));
#6948=CARTESIAN_POINT('',(63.905787,-1.,-25.1896989952484));
#6949=CARTESIAN_POINT('',(63.905787,-1.,-28.4398790098739));
#6950=CARTESIAN_POINT('',(80.2057854392198,-1.,-25.1896989952484));
#6951=CARTESIAN_POINT('',(78.6057858294148,-1.,-25.1896989952484));
#6952=CARTESIAN_POINT('',(83.6557854392198,-1.,-21.7396989952484));
#6953=CARTESIAN_POINT('Origin',(80.2057854392198,-1.,-21.7396989952484));
#6954=CARTESIAN_POINT('',(83.6557854392198,-1.,38.1434958420682));
#6955=CARTESIAN_POINT('',(83.6557854392198,-1.,25.1898637933559));
#6956=CARTESIAN_POINT('Origin',(80.2057854392198,-1.,38.1434958420682));
#6957=CARTESIAN_POINT('Origin',(61.6830190351428,3.,-24.9898790098739));
#6958=CARTESIAN_POINT('',(59.7465273620391,-0.5,-27.4398790098739));
#6959=CARTESIAN_POINT('',(59.7465273620391,-0.5,-24.9898790098739));
#6960=CARTESIAN_POINT('Origin',(61.6830190351428,3.,-27.4398790098739));
#6961=CARTESIAN_POINT('Origin',(57.8100356889354,-4.,-24.9898790098739));
#6962=CARTESIAN_POINT('',(57.8100356889354,0.,-27.4398790098739));
#6963=CARTESIAN_POINT('',(57.8100356889354,0.,-24.9898790098739));
#6964=CARTESIAN_POINT('Origin',(57.8100356889354,-4.,-27.4398790098739));
#6965=CARTESIAN_POINT('Origin',(-53.6441280207819,0.,34.6100729999993));
#6966=CARTESIAN_POINT('',(-52.6441280207819,0.,34.6100729999993));
#6967=CARTESIAN_POINT('Origin',(-52.6441280207819,0.,33.6100729999993));
#6968=CARTESIAN_POINT('',(-53.6441280207819,0.,33.6100729999993));
#6969=CARTESIAN_POINT('Origin',(-53.6441280207819,0.,-22.739699));
#6970=CARTESIAN_POINT('',(-53.6441280207819,0.,-21.739699));
#6971=CARTESIAN_POINT('Origin',(-52.6441280207819,0.,-21.739699));
#6972=CARTESIAN_POINT('',(-52.6441280207819,0.,-22.739699));
#6973=CARTESIAN_POINT('Origin',(-15.6439890000006,0.,-22.739699));
#6974=CARTESIAN_POINT('',(-16.6439890000006,0.,-22.739699));
#6975=CARTESIAN_POINT('Origin',(-16.6439890000006,0.,-23.739699));
#6976=CARTESIAN_POINT('',(-15.6439890000006,0.,-23.739699));
#6977=CARTESIAN_POINT('Origin',(-15.6439890000006,0.,-27.4897480109102));
#6978=CARTESIAN_POINT('',(-15.6439890000006,0.,-26.4897480109102));
#6979=CARTESIAN_POINT('Origin',(-14.6439890000006,0.,-26.4897480109102));
#6980=CARTESIAN_POINT('',(-14.6439890000006,0.,-27.4897480109102));
#6981=CARTESIAN_POINT('Origin',(3.35594373894318,0.,-27.4897480109102));
#6982=CARTESIAN_POINT('',(2.35573823735732,0.,-27.4897480109102));
#6983=CARTESIAN_POINT('Origin',(2.35573823735732,0.,-28.4897480109102));
#6984=CARTESIAN_POINT('',(3.35573821624621,0.,-28.4899534913806));
#6985=CARTESIAN_POINT('Origin',(3.35548137006861,0.,-29.7399320010611));
#6986=CARTESIAN_POINT('',(3.35568689276558,0.,-28.7397265205906));
#6987=CARTESIAN_POINT('Origin',(4.35568687165447,0.,-28.7399320010611));
#6988=CARTESIAN_POINT('',(4.35568687165447,0.,-29.7399320010611));
#6989=CARTESIAN_POINT('Origin',(22.4559063293295,0.,-29.7399320010611));
#6990=CARTESIAN_POINT('',(21.4559063293296,0.,-29.7399320010611));
#6991=CARTESIAN_POINT('Origin',(21.4559063293296,0.,-28.7399320010611));
#6992=CARTESIAN_POINT('',(22.4559063293296,0.,-28.7399320010611));
#6993=CARTESIAN_POINT('Origin',(22.4559063293296,0.,-27.4897479823168));
#6994=CARTESIAN_POINT('',(22.4559063293296,0.,-28.4897479823167));
#6995=CARTESIAN_POINT('Origin',(23.4559063293296,0.,-28.4897479823168));
#6996=CARTESIAN_POINT('',(23.4559063293296,0.,-27.4897479823168));
#6997=CARTESIAN_POINT('Origin',(41.4558509914089,0.,-27.4897479823166));
#6998=CARTESIAN_POINT('',(40.4558509914089,0.,-27.4897479823166));
#6999=CARTESIAN_POINT('Origin',(40.4558509914089,0.,-26.4897479823166));
#7000=CARTESIAN_POINT('Origin',(61.8588028428026,0.,-23.9898790098739));
#7001=CARTESIAN_POINT('Ctrl Pts',(63.905787,-6.93889390390723E-17,-27.9411263901556));
#7002=CARTESIAN_POINT('Ctrl Pts',(63.905787,-0.117707432505805,-27.9411263901556));
#7003=CARTESIAN_POINT('Ctrl Pts',(63.905787,-0.255803700964535,-27.9114501747903));
#7004=CARTESIAN_POINT('Ctrl Pts',(63.905787,-0.477995190651466,-27.8133972187369));
#7005=CARTESIAN_POINT('Ctrl Pts',(63.905787,-0.599362013476533,-27.7249275733518));
#7006=CARTESIAN_POINT('Ctrl Pts',(63.905787,-0.778373695753677,-27.5321230585815));
#7007=CARTESIAN_POINT('Ctrl Pts',(63.905787,-0.863535284395613,-27.3901871098064));
#7008=CARTESIAN_POINT('Ctrl Pts',(63.905787,-0.968821795990839,-27.113091169136));
#7009=CARTESIAN_POINT('Ctrl Pts',(63.905787,-1.,-26.9254792920702));
#7010=CARTESIAN_POINT('Ctrl Pts',(63.905787,-1.,-26.766991874016));
#7011=CARTESIAN_POINT('Origin',(61.8588028428026,0.,-27.439879009874));
#7012=CARTESIAN_POINT('Origin',(68.2307866098049,0.,-27.4398790098739));
#7013=CARTESIAN_POINT('Origin',(61.6830190351428,0.,-27.4398790098739));
#7014=CARTESIAN_POINT('Origin',(61.6830190351428,3.,-27.4398790098739));
#7015=CARTESIAN_POINT('Origin',(60.230650280315,0.375,-27.4398790098739));
#7016=CARTESIAN_POINT('Origin',(38.8433078546095,1.,-27.4398790098739));
#7017=CARTESIAN_POINT('Origin',(57.8100356889354,1.,-27.4398790098739));
#7018=CARTESIAN_POINT('',(48.9057871128186,0.,-27.4398790098739));
#7019=CARTESIAN_POINT('',(38.8433078546095,0.,-27.4398790098739));
#7020=CARTESIAN_POINT('Origin',(48.9057871128186,1.,-27.4398790098739));
#7021=CARTESIAN_POINT('Origin',(48.9057871128186,1.,-32.8898790098739));
#7022=CARTESIAN_POINT('',(45.1186354825315,0.,-28.9706976503023));
#7023=CARTESIAN_POINT('Origin',(45.1186354825315,1.,-28.9706976503023));
#7024=CARTESIAN_POINT('Origin',(48.9057871128186,0.,-32.8898790098739));
#7025=CARTESIAN_POINT('Origin',(42.7212642670287,1.,-26.4897479823166));
#7026=CARTESIAN_POINT('',(42.7212642670287,0.,-29.9397479823166));
#7027=CARTESIAN_POINT('Origin',(42.7212642670287,1.,-29.9397479823166));
#7028=CARTESIAN_POINT('Origin',(42.7212642670287,0.,-26.4897479823166));
#7029=CARTESIAN_POINT('Origin',(29.3433398503141,1.,-29.9397479823167));
#7030=CARTESIAN_POINT('',(29.7741500714703,0.,-29.9397479823167));
#7031=CARTESIAN_POINT('Origin',(29.7741500714703,1.,-29.9397479823167));
#7032=CARTESIAN_POINT('',(29.3433398503141,0.,-29.9397479823167));
#7033=CARTESIAN_POINT('Origin',(29.7741500714703,1.,-35.3897479823167));
#7034=CARTESIAN_POINT('',(26.1519024114979,0.,-31.3176696567163));
#7035=CARTESIAN_POINT('Origin',(26.1519024114979,1.,-31.3176696567163));
#7036=CARTESIAN_POINT('Origin',(29.7741500714703,0.,-35.3897479823167));
#7037=CARTESIAN_POINT('Origin',(23.8589199478456,1.,-28.7399320010611));
#7038=CARTESIAN_POINT('',(23.8589199478456,0.,-32.1899320010611));
#7039=CARTESIAN_POINT('',(23.8589199478456,1.,-33.1899320010611));
#7040=CARTESIAN_POINT('Origin',(23.8589199478456,1.,-32.1899320010611));
#7041=CARTESIAN_POINT('Origin',(23.8589199478456,1.,-28.7399320010611));
#7042=CARTESIAN_POINT('Origin',(23.8589199478456,0.,-28.7399320010611));
#7043=CARTESIAN_POINT('Origin',(19.8433675192742,1.,-32.1899320010611));
#7044=CARTESIAN_POINT('',(1.95175875519748,0.,-32.1899320010611));
#7045=CARTESIAN_POINT('',(1.95175875519748,1.,-33.1899320010611));
#7046=CARTESIAN_POINT('Origin',(1.95175875519748,1.,-32.1899320010611));
#7047=CARTESIAN_POINT('',(19.8433675192742,1.,-33.1899320010611));
#7048=CARTESIAN_POINT('',(19.8433675192742,0.,-32.1899320010611));
#7049=CARTESIAN_POINT('Origin',(1.95175875519748,1.,-28.7399320010611));
#7050=CARTESIAN_POINT('',(-0.341223695994316,0.,-31.3176696678003));
#7051=CARTESIAN_POINT('',(-1.00585629054266,1.,-32.0648400059856));
#7052=CARTESIAN_POINT('Origin',(-0.341223695994316,1.,-31.3176696678003));
#7053=CARTESIAN_POINT('Origin',(1.95175875519748,1.,-28.7399320010611));
#7054=CARTESIAN_POINT('Origin',(1.95175875519748,0.,-28.7399320010611));
#7055=CARTESIAN_POINT('Origin',(-3.9634713362828,1.,-35.3897480109102));
#7056=CARTESIAN_POINT('',(-3.9634713362828,0.,-29.9397480109102));
#7057=CARTESIAN_POINT('',(-3.9634713362828,1.,-30.9397480109102));
#7058=CARTESIAN_POINT('Origin',(-3.9634713362828,1.,-29.9397480109102));
#7059=CARTESIAN_POINT('Origin',(-3.9634713362828,1.,-35.3897480109102));
#7060=CARTESIAN_POINT('Origin',(-3.9634713362828,0.,-35.3897480109102));
#7061=CARTESIAN_POINT('Origin',(6.84303173384545,1.,-29.9397480109102));
#7062=CARTESIAN_POINT('',(-15.6707490831587,0.,-29.9397480109102));
#7063=CARTESIAN_POINT('',(-15.6707490831587,1.,-30.9397480109102));
#7064=CARTESIAN_POINT('Origin',(-15.6707490831587,1.,-29.9397480109102));
#7065=CARTESIAN_POINT('',(6.84303173384545,1.,-30.9397480109102));
#7066=CARTESIAN_POINT('',(6.84303173384545,0.,-29.9397480109102));
#7067=CARTESIAN_POINT('Origin',(-15.6707490831587,1.,-26.4897480109102));
#7068=CARTESIAN_POINT('',(-18.7227353430581,0.,-28.0984368774675));
#7069=CARTESIAN_POINT('',(-19.6073690415797,1.,-28.5647235054551));
#7070=CARTESIAN_POINT('Origin',(-18.7227353430581,1.,-28.0984368774675));
#7071=CARTESIAN_POINT('Origin',(-15.6707490831587,1.,-26.4897480109102));
#7072=CARTESIAN_POINT('Origin',(-15.6707490831587,0.,-26.4897480109102));
#7073=CARTESIAN_POINT('Origin',(-23.5439890000006,1.,-30.639699));
#7074=CARTESIAN_POINT('',(-23.5439890000006,0.,-25.189699));
#7075=CARTESIAN_POINT('',(-23.5439890000006,1.,-26.189699));
#7076=CARTESIAN_POINT('Origin',(-23.5439890000006,1.,-25.189699));
#7077=CARTESIAN_POINT('Origin',(-23.5439890000006,1.,-30.639699));
#7078=CARTESIAN_POINT('Origin',(-23.5439890000006,0.,-30.639699));
#7079=CARTESIAN_POINT('Origin',(-2.65658014539084,1.,-25.189699));
#7080=CARTESIAN_POINT('',(-52.6441280207819,0.,-25.189699));
#7081=CARTESIAN_POINT('',(-52.6441280207819,1.,-26.189699));
#7082=CARTESIAN_POINT('Origin',(-52.6441280207819,1.,-25.189699));
#7083=CARTESIAN_POINT('',(-2.65658014539084,1.,-26.189699));
#7084=CARTESIAN_POINT('',(-2.65658014539084,0.,-25.189699));
#7085=CARTESIAN_POINT('Origin',(-52.6441280207819,1.,-21.739699));
#7086=CARTESIAN_POINT('',(-56.0941280207819,0.,-21.739699));
#7087=CARTESIAN_POINT('',(-57.0941280207819,1.,-21.739699));
#7088=CARTESIAN_POINT('Origin',(-56.0941280207819,1.,-21.739699));
#7089=CARTESIAN_POINT('Origin',(-52.6441280207819,1.,-21.739699));
#7090=CARTESIAN_POINT('Origin',(-52.6441280207819,0.,-21.739699));
#7091=CARTESIAN_POINT('Origin',(-56.0941280207819,1.,-4.34927205353242));
#7092=CARTESIAN_POINT('',(-56.0941280207819,0.,33.6100729999993));
#7093=CARTESIAN_POINT('',(-57.0941280207819,1.,33.6100729999993));
#7094=CARTESIAN_POINT('Origin',(-56.0941280207819,1.,33.6100729999993));
#7095=CARTESIAN_POINT('',(-57.0941280207819,1.,-4.34927205353242));
#7096=CARTESIAN_POINT('',(-56.0941280207819,0.,-4.34927205353242));
#7097=CARTESIAN_POINT('Origin',(-52.6441280207819,1.,33.6100729999993));
#7098=CARTESIAN_POINT('',(-52.6441280207819,0.,37.0600729999993));
#7099=CARTESIAN_POINT('',(-52.6441280207819,1.,38.0600729999993));
#7100=CARTESIAN_POINT('Origin',(-52.6441280207819,1.,37.0600729999993));
#7101=CARTESIAN_POINT('Origin',(-52.6441280207819,1.,33.6100729999993));
#7102=CARTESIAN_POINT('Origin',(-52.6441280207819,0.,33.6100729999993));
#7103=CARTESIAN_POINT('Origin',(-21.6566496557815,1.,37.0600729999993));
#7104=CARTESIAN_POINT('',(-1.64351447320394,0.,37.0600729999993));
#7105=CARTESIAN_POINT('',(-1.64351447320394,1.,38.0600729999993));
#7106=CARTESIAN_POINT('Origin',(-1.64351447320394,1.,37.0600729999993));
#7107=CARTESIAN_POINT('',(-21.6566496557815,1.,38.0600729999993));
#7108=CARTESIAN_POINT('',(-21.6566496557815,0.,37.0600729999993));
#7109=CARTESIAN_POINT('Origin',(-1.64351447320394,1.,42.5100729999993));
#7110=CARTESIAN_POINT('',(-0.370543312880611,1.,38.2460321436067));
#7111=CARTESIAN_POINT('Origin',(-0.0844823779764911,1.,37.2878207152039));
#7112=CARTESIAN_POINT('Origin',(-1.64351447320394,1.,42.5100729999993));
#7113=CARTESIAN_POINT('Origin',(-1.64351447320394,0.,42.5100729999993));
#7114=CARTESIAN_POINT('Ctrl Pts',(-0.0844823779764835,-1.94289029309402E-15,
37.2878207152039));
#7115=CARTESIAN_POINT('Ctrl Pts',(0.419413892551825,5.91617335689309E-16,
37.615844175421));
#7116=CARTESIAN_POINT('Ctrl Pts',(0.94066901980895,0.257725961363087,38.0146520135583));
#7117=CARTESIAN_POINT('Ctrl Pts',(1.26455342156102,0.796230859835097,38.2807832406514));
#7118=CARTESIAN_POINT('Ctrl Pts',(-0.170071609554942,-9.90406535390959E-16,
37.5745169041616));
#7119=CARTESIAN_POINT('Ctrl Pts',(0.325171797847891,0.0524712686119125,
37.8659644906595));
#7120=CARTESIAN_POINT('Ctrl Pts',(0.811587068143644,0.327776719401253,38.2099049648421));
#7121=CARTESIAN_POINT('Ctrl Pts',(1.11287100365829,0.85023969783843,38.4417795300187));
#7122=CARTESIAN_POINT('Ctrl Pts',(-0.31824414511581,0.251150182417397,38.0708468801418));
#7123=CARTESIAN_POINT('Ctrl Pts',(0.117776846143845,0.332059315369119,38.2442693958228));
#7124=CARTESIAN_POINT('Ctrl Pts',(0.529225636953401,0.58455536503601,38.470884710547));
#7125=CARTESIAN_POINT('Ctrl Pts',(0.781734371864292,1.02966826804071,38.6311124455891));
#7126=CARTESIAN_POINT('Ctrl Pts',(-0.370543312880607,0.775600524743585,
38.2460321436067));
#7127=CARTESIAN_POINT('Ctrl Pts',(-0.0462313522514209,0.799700005272426,
38.3423931180596));
#7128=CARTESIAN_POINT('Ctrl Pts',(0.270223425956049,0.965690617640031,38.4856543499159));
#7129=CARTESIAN_POINT('Ctrl Pts',(0.463228186203385,1.28763776332326,38.5881994069594));
#7130=CARTESIAN_POINT('Ctrl Pts',(-0.370543312880608,0.999999999999998,
38.2460321436067));
#7131=CARTESIAN_POINT('Ctrl Pts',(-0.094281790872652,1.,38.3285062478817));
#7132=CARTESIAN_POINT('Ctrl Pts',(0.179935355230977,1.12886298068154,38.446537613006));
#7133=CARTESIAN_POINT('Ctrl Pts',(0.346758872364382,1.39811542991755,38.5299584275378));
#7134=CARTESIAN_POINT('',(0.346758872364382,1.39811542991755,38.5299584275378));
#7135=CARTESIAN_POINT('Origin',(0.794011309570746,1.39811542991755,37.6355506584453));
#7136=CARTESIAN_POINT('Ctrl Pts',(0.346758872364382,1.39811542991755,38.5299584275378));
#7137=CARTESIAN_POINT('Ctrl Pts',(0.179935355230977,1.12886298068154,38.446537613006));
#7138=CARTESIAN_POINT('Ctrl Pts',(-0.094281790872652,1.,38.3285062478817));
#7139=CARTESIAN_POINT('Ctrl Pts',(-0.370543312880608,0.999999999999998,
38.2460321436067));
#7140=CARTESIAN_POINT('Ctrl Pts',(1.95195980867628,4.00920654962412,39.8880385440209));
#7141=CARTESIAN_POINT('Ctrl Pts',(1.4950221615755,3.22783660791037,39.2614611339385));
#7142=CARTESIAN_POINT('Ctrl Pts',(0.927820293435174,2.33594609952724,38.8205206808199));
#7143=CARTESIAN_POINT('Ctrl Pts',(0.346758872364381,1.39811542991755,38.5299584275378));
#7144=CARTESIAN_POINT('Ctrl Pts',(2.06396427566414,3.77815158281446,40.0416250766434));
#7145=CARTESIAN_POINT('Ctrl Pts',(1.63784423406768,3.0287398036376,39.3993671395266));
#7146=CARTESIAN_POINT('Ctrl Pts',(1.08347852295508,2.16479816663622,38.9272826145908));
#7147=CARTESIAN_POINT('Ctrl Pts',(0.502051290816386,1.2508118744585,38.6076130667666));
#7148=CARTESIAN_POINT('Ctrl Pts',(2.46079663216468,3.37816702578321,40.1595071244445));
#7149=CARTESIAN_POINT('Ctrl Pts',(2.02942290250085,2.68155554742316,39.4786436845123));
#7150=CARTESIAN_POINT('Ctrl Pts',(1.45182999715765,1.8672025043047,38.9648851651494));
#7151=CARTESIAN_POINT('Ctrl Pts',(0.836182986654059,0.993965144744694,38.6163195261858));
#7152=CARTESIAN_POINT('Ctrl Pts',(2.95297047688968,3.23696220763033,39.9443634249995));
#7153=CARTESIAN_POINT('Ctrl Pts',(2.45616720750686,2.52598145577964,39.2365092566896));
#7154=CARTESIAN_POINT('Ctrl Pts',(1.81724134602805,1.70602968159498,38.7326035992544));
#7155=CARTESIAN_POINT('Ctrl Pts',(1.15079160813397,0.836737488337595,38.4015304576769));
#7156=CARTESIAN_POINT('Ctrl Pts',(3.1342789133257,3.23696220761602,39.8121424910776));
#7157=CARTESIAN_POINT('Ctrl Pts',(2.61117088697292,2.50657248794631,39.0948287078539));
#7158=CARTESIAN_POINT('Ctrl Pts',(1.94901723365163,1.67287307923189,38.5993790203513));
#7159=CARTESIAN_POINT('Ctrl Pts',(1.26455342156102,0.796230859835096,38.2807832406514));
#7160=CARTESIAN_POINT('',(1.95195980884664,4.00920654962412,39.8880385442545));
#7161=CARTESIAN_POINT('Origin',(2.75993155741341,4.00920654962412,39.2988173179583));
#7162=CARTESIAN_POINT('Ctrl Pts',(1.95195980867628,4.00920654962412,39.8880385440209));
#7163=CARTESIAN_POINT('Ctrl Pts',(1.4950221615755,3.22783660791037,39.2614611339385));
#7164=CARTESIAN_POINT('Ctrl Pts',(0.927820293435174,2.33594609952724,38.8205206808199));
#7165=CARTESIAN_POINT('Ctrl Pts',(0.346758872364381,1.39811542991755,38.5299584275378));
#7166=CARTESIAN_POINT('Origin',(8.49752468553062,-7.8269230769231,47.166512759806));
#7167=CARTESIAN_POINT('',(7.68955293671693,7.5,47.7557339857636));
#7168=CARTESIAN_POINT('Origin',(8.49752468553062,7.5,47.166512759806));
#7169=CARTESIAN_POINT('Origin',(7.68955293671692,-7.8269230769231,47.7557339857636));
#7170=CARTESIAN_POINT('Origin',(13.270152348984,7.5,53.7109957991097));
#7171=CARTESIAN_POINT('',(10.0374760579295,7.5,50.9753321040141));
#7172=CARTESIAN_POINT('Origin',(10.8454478067432,7.5,50.3861108780565));
#7173=CARTESIAN_POINT('',(12.4621806001703,7.5,54.3002170250673));
#7174=CARTESIAN_POINT('Origin',(13.6329503401504,7.5,48.3532976485029));
#7175=CARTESIAN_POINT('Origin',(13.1878978843357,7.5,51.7744711769246));
#7176=CARTESIAN_POINT('Origin',(13.6329503401504,7.5,48.3532976485029));
#7177=CARTESIAN_POINT('Origin',(27.201903186988,7.5,53.5975203218836));
#7178=CARTESIAN_POINT('Origin',(48.8208576708881,7.5,56.4098795036889));
#7179=CARTESIAN_POINT('Origin',(48.1178037914128,7.5,61.8143420340942));
#7180=CARTESIAN_POINT('Origin',(50.8432964208561,7.5,57.0947880374913));
#7181=CARTESIAN_POINT('Origin',(47.4648635584617,7.5,55.1437787107302));
#7182=CARTESIAN_POINT('Origin',(64.6699142205489,7.5,65.079513909961));
#7183=CARTESIAN_POINT('Origin',(66.3952260685452,7.5,62.0919063341298));
#7184=CARTESIAN_POINT('Origin',(69.3838812858979,7.5,63.8154027779296));
#7185=CARTESIAN_POINT('Origin',(66.4585878659404,7.5,68.8880523173556));
#7186=CARTESIAN_POINT('Origin',(77.3333935426739,7.5,50.0304301618894));
#7187=CARTESIAN_POINT('Origin',(77.3333935426739,-6.85,50.0304301618894));
#7188=CARTESIAN_POINT('Origin',(83.1944406565725,1.41287826782619,39.866992285868));
#7189=CARTESIAN_POINT('Origin',(57.8100356889354,-4.,-27.4398790098739));
#7190=CARTESIAN_POINT('Ctrl Pts',(83.019076008104,-0.0228013029317714,40.0661126788202));
#7191=CARTESIAN_POINT('Ctrl Pts',(83.0852600733886,-0.285612568948662,39.9237359981583));
#7192=CARTESIAN_POINT('Ctrl Pts',(83.2953362088704,-0.81053679928545,39.4575953143631));
#7193=CARTESIAN_POINT('Ctrl Pts',(83.5324793882166,-0.999999999999996,38.8065026764099));
#7194=CARTESIAN_POINT('Ctrl Pts',(83.6428607833427,-0.999999999999998,38.4418464392223));
#7195=CARTESIAN_POINT('Ctrl Pts',(83.1642183343401,-0.0354515602327025,
40.1411229368975));
#7196=CARTESIAN_POINT('Ctrl Pts',(83.2328952003273,-0.30210131738181,39.9945250198928));
#7197=CARTESIAN_POINT('Ctrl Pts',(83.4515447953689,-0.83619810170525,39.5102328833857));
#7198=CARTESIAN_POINT('Ctrl Pts',(83.6881885031645,-1.01176659603848,38.8289606039415));
#7199=CARTESIAN_POINT('Ctrl Pts',(83.7918999917752,-0.999999999999998,38.4547835826897));
#7200=CARTESIAN_POINT('Ctrl Pts',(83.4891786214179,-0.0185391056331952,
40.2294192736123));
#7201=CARTESIAN_POINT('Ctrl Pts',(83.5598400398364,-0.281654209465733,40.0795700952245));
#7202=CARTESIAN_POINT('Ctrl Pts',(83.7849290349772,-0.810901660347289,39.5776062699807));
#7203=CARTESIAN_POINT('Ctrl Pts',(84.005371750681,-0.959762358487882,38.8627389767369));
#7204=CARTESIAN_POINT('Ctrl Pts',(84.0894466476333,-0.931512912245077,38.4806117108418));
#7205=CARTESIAN_POINT('Ctrl Pts',(84.048255336694,0.150704584811159,40.1345749159029));
#7206=CARTESIAN_POINT('Ctrl Pts',(84.1103319721095,-0.0689961413870508,
39.9980504115943));
#7207=CARTESIAN_POINT('Ctrl Pts',(84.305441011225,-0.511783825760222,39.5370756896526));
#7208=CARTESIAN_POINT('Ctrl Pts',(84.4640344952279,-0.626577672559702,38.8711179812655));
#7209=CARTESIAN_POINT('Ctrl Pts',(84.5084460056194,-0.597025210970439,38.51698237373));
#7210=CARTESIAN_POINT('Ctrl Pts',(84.3164093223337,0.361471583006189,39.8609150581776));
#7211=CARTESIAN_POINT('Ctrl Pts',(84.362505569126,0.196783307926976,39.7483185188476));
#7212=CARTESIAN_POINT('Ctrl Pts',(84.5049523367538,-0.133659684829556,39.3728899120276));
#7213=CARTESIAN_POINT('Ctrl Pts',(84.6132290025427,-0.235673474517469,38.829102490646));
#7214=CARTESIAN_POINT('Ctrl Pts',(84.6391145062769,-0.224399475256412,38.52832487318));
#7215=CARTESIAN_POINT('Ctrl Pts',(84.388253064189,0.48859934853412,39.6631881023907));
#7216=CARTESIAN_POINT('Ctrl Pts',(84.4232312797478,0.357193715525675,39.566921734539));
#7217=CARTESIAN_POINT('Ctrl Pts',(84.5302875019112,0.0947316003572793,39.249901119359));
#7218=CARTESIAN_POINT('Ctrl Pts',(84.6162798381997,3.77383330113426E-15,
38.7913861017746));
#7219=CARTESIAN_POINT('Ctrl Pts',(84.6391145062769,2.25107490293639E-15,
38.52832487318));
#7220=CARTESIAN_POINT('Origin',(83.6428607833427,2.27040608535844E-15,38.4418464392223));
#7221=CARTESIAN_POINT('Origin',(83.4483726990274,0.488599348534119,39.3216842236666));
#7222=CARTESIAN_POINT('Origin',(80.2057854392198,0.,38.1434958420682));
#7223=CARTESIAN_POINT('Origin',(83.6557854392198,0.,38.1434958420682));
#7224=CARTESIAN_POINT('Origin',(83.6557854392198,0.,25.1898637933559));
#7225=CARTESIAN_POINT('Origin',(83.6557854392198,0.,-21.7396989952484));
#7226=CARTESIAN_POINT('Origin',(80.2057854392198,0.,-21.7396989952484));
#7227=CARTESIAN_POINT('Origin',(80.2057854392198,0.,-25.1896989952484));
#7228=CARTESIAN_POINT('Origin',(78.6057858294148,0.,-25.1896989952484));
#7229=CARTESIAN_POINT('Origin',(63.905787,0.,-25.1896989952484));
#7230=CARTESIAN_POINT('Ctrl Pts',(82.7860053176248,0.837067935573497,40.5752457963921));
#7231=CARTESIAN_POINT('Ctrl Pts',(82.8844305769071,0.557319393234329,40.4045699787938));
#7232=CARTESIAN_POINT('Ctrl Pts',(82.9606383741307,0.270035124116381,40.2335829787693));
#7233=CARTESIAN_POINT('Ctrl Pts',(83.0190760081039,-0.0228013029316821,
40.0661126788202));
#7234=CARTESIAN_POINT('Ctrl Pts',(82.9156000350154,0.837067935573497,40.6499804239467));
#7235=CARTESIAN_POINT('Ctrl Pts',(83.0196853080506,0.552987471645379,40.4790724657823));
#7236=CARTESIAN_POINT('Ctrl Pts',(83.1010473257519,0.261455827099894,40.3081260719066));
#7237=CARTESIAN_POINT('Ctrl Pts',(83.16421833434,-0.0354515602326142,40.1411229368976));
#7238=CARTESIAN_POINT('Ctrl Pts',(83.2022994974941,0.876503614205383,40.750676559808));
#7239=CARTESIAN_POINT('Ctrl Pts',(83.3199961800683,0.584914784939084,40.5752231538721));
#7240=CARTESIAN_POINT('Ctrl Pts',(83.4139650176334,0.285812504672494,40.4000878051793));
#7241=CARTESIAN_POINT('Ctrl Pts',(83.4891783996717,-0.0185389648697492,
40.2294189452021));
#7242=CARTESIAN_POINT('Ctrl Pts',(83.703250324053,1.0691050838203,40.7238785901262));
#7243=CARTESIAN_POINT('Ctrl Pts',(83.8419747402276,0.770024991649912,40.525861581125));
#7244=CARTESIAN_POINT('Ctrl Pts',(83.9553440104429,0.463100900771362,40.3279593934092));
#7245=CARTESIAN_POINT('Ctrl Pts',(84.0482549186346,0.150704721533792,40.1345745232771));
#7246=CARTESIAN_POINT('Ctrl Pts',(83.9690648554314,1.28366673142147,40.5254881885867));
#7247=CARTESIAN_POINT('Ctrl Pts',(84.1108514516473,0.983517338618307,40.302477056834));
#7248=CARTESIAN_POINT('Ctrl Pts',(84.2245137143473,0.675420832881691,40.0792664531281));
#7249=CARTESIAN_POINT('Ctrl Pts',(84.3164093223337,0.361471583006198,39.8609150581776));
#7250=CARTESIAN_POINT('Ctrl Pts',(84.0607175311675,1.41287826782619,40.3665564724766));
#7251=CARTESIAN_POINT('Ctrl Pts',(84.1971815379984,1.11217477849531,40.1299189862413));
#7252=CARTESIAN_POINT('Ctrl Pts',(84.3044655314996,0.803371088469672,39.8937865281371));
#7253=CARTESIAN_POINT('Ctrl Pts',(84.388253064189,0.488599348534108,39.6631881023907));
#7254=CARTESIAN_POINT('Origin',(23.8589199478456,0.,-28.7399320010611));
#7255=CARTESIAN_POINT('',(23.8589199478456,0.,-33.1899320010611));
#7256=CARTESIAN_POINT('Origin',(25.9059063293294,0.,-33.1899320010611));
#7257=CARTESIAN_POINT('',(1.95175875519748,0.,-33.1899320010611));
#7258=CARTESIAN_POINT('Origin',(1.95175875519748,0.,-28.7399320010611));
#7259=CARTESIAN_POINT('',(-1.00585629054266,0.,-32.0648400059856));
#7260=CARTESIAN_POINT('Origin',(-3.9634713362828,0.,-35.3897480109102));
#7261=CARTESIAN_POINT('',(-3.9634713362828,0.,-30.9397480109102));
#7262=CARTESIAN_POINT('Origin',(-0.0947652415280526,0.,-30.9397480109102));
#7263=CARTESIAN_POINT('',(-15.6707490831587,0.,-30.9397480109102));
#7264=CARTESIAN_POINT('Origin',(-15.6707490831587,0.,-26.4897480109102));
#7265=CARTESIAN_POINT('',(-19.6073690415797,0.,-28.5647235054551));
#7266=CARTESIAN_POINT('Origin',(-23.5439890000006,0.,-30.639699));
#7267=CARTESIAN_POINT('',(-23.5439890000006,0.,-26.189699));
#7268=CARTESIAN_POINT('Origin',(-19.0939890000006,0.,-26.189699));
#7269=CARTESIAN_POINT('',(-52.6441280207819,0.,-26.189699));
#7270=CARTESIAN_POINT('Origin',(-52.6441280207819,0.,-21.739699));
#7271=CARTESIAN_POINT('',(-57.0941280207819,0.,-21.739699));
#7272=CARTESIAN_POINT('Origin',(-57.0941280207819,0.,-26.189699));
#7273=CARTESIAN_POINT('',(-57.0941280207819,0.,33.6100729999993));
#7274=CARTESIAN_POINT('Origin',(-52.6441280207819,0.,33.6100729999993));
#7275=CARTESIAN_POINT('',(-52.6441280207819,0.,38.0600729999993));
#7276=CARTESIAN_POINT('Origin',(-57.0941280207819,0.,38.0600729999993));
#7277=CARTESIAN_POINT('',(-1.64351447320394,0.,38.0600729999993));
#7278=CARTESIAN_POINT('Origin',(-1.64351447320394,0.,42.5100729999993));
#7279=CARTESIAN_POINT('',(1.951959809017,0.,39.8880385444881));
#7280=CARTESIAN_POINT('Origin',(0.61889822522609,0.,38.0600729999993));
#7281=CARTESIAN_POINT('',(10.0374760579295,0.,50.9753321040141));
#7282=CARTESIAN_POINT('Origin',(13.6329503401504,0.,48.3532976485029));
#7283=CARTESIAN_POINT('Origin',(13.780828709219,0.,17.4911548929352));
#7284=CARTESIAN_POINT('Origin',(74.4557854392197,9.00000000000001,-26.1896989952477));
#7285=CARTESIAN_POINT('',(74.4557854392197,14.,-26.1896989952477));
#7286=CARTESIAN_POINT('',(74.4557854392198,4.00000000000001,-26.1896989952477));
#7287=CARTESIAN_POINT('Origin',(62.1057869999999,13.9999999999999,-26.1896989952477));
#7288=CARTESIAN_POINT('',(67.1057869999999,14.,-26.1896989952477));
#7289=CARTESIAN_POINT('Origin',(67.1057869999999,8.99999999999998,-26.1896989952477));
#7290=CARTESIAN_POINT('',(67.105787,3.99999999999997,-26.1896989952477));
#7291=CARTESIAN_POINT('',(63.905787,5.15812545754021,-26.1896989952477));
#7292=CARTESIAN_POINT('Origin',(79.4557854392198,4.00000000000004,-26.1896989952477));
#7293=CARTESIAN_POINT('Origin',(84.6557854392194,3.99999999999998,18.275614226554));
#7294=CARTESIAN_POINT('',(84.6557854392194,4.,23.275614226554));
#7295=CARTESIAN_POINT('',(84.6557854392194,4.00000000000001,27.275614226554));
#7296=CARTESIAN_POINT('Origin',(84.6557854392194,9.00000000000001,27.275614226554));
#7297=CARTESIAN_POINT('',(84.6557854392195,14.,27.275614226554));
#7298=CARTESIAN_POINT('Origin',(84.6557854392194,8.99999999999999,23.275614226554));
#7299=CARTESIAN_POINT('',(84.6557854392195,14.,23.275614226554));
#7300=CARTESIAN_POINT('Origin',(84.6557854392195,14.,32.275614226554));
#7301=CARTESIAN_POINT('Origin',(63.905787,0.,-26.1896989952484));
#7302=CARTESIAN_POINT('',(-169.311902955447,-12.5,1.87972491107822E-13));
#7303=CARTESIAN_POINT('',(0.,0.,0.));
#7304=UNCERTAINTY_MEASURE_WITH_UNIT(LENGTH_MEASURE(0.01),#7312,
'DISTANCE_ACCURACY_VALUE',
'Maximum model space distance between geometric entities at asserted c
onnectivities');
#7305=UNCERTAINTY_MEASURE_WITH_UNIT(LENGTH_MEASURE(0.01),#7312,
'DISTANCE_ACCURACY_VALUE',
'Maximum model space distance between geometric entities at asserted c
onnectivities');
#7306=UNCERTAINTY_MEASURE_WITH_UNIT(LENGTH_MEASURE(0.01),#7312,
'DISTANCE_ACCURACY_VALUE',
'Maximum model space distance between geometric entities at asserted c
onnectivities');
#7307=UNCERTAINTY_MEASURE_WITH_UNIT(LENGTH_MEASURE(0.01),#7312,
'DISTANCE_ACCURACY_VALUE',
'Maximum model space distance between geometric entities at asserted c
onnectivities');
#7308=(
GEOMETRIC_REPRESENTATION_CONTEXT(3)
GLOBAL_UNCERTAINTY_ASSIGNED_CONTEXT((#7304))
GLOBAL_UNIT_ASSIGNED_CONTEXT((#7312,#7314,#7315))
REPRESENTATION_CONTEXT('','3D')
);
#7309=(
GEOMETRIC_REPRESENTATION_CONTEXT(3)
GLOBAL_UNCERTAINTY_ASSIGNED_CONTEXT((#7305))
GLOBAL_UNIT_ASSIGNED_CONTEXT((#7312,#7314,#7315))
REPRESENTATION_CONTEXT('','3D')
);
#7310=(
GEOMETRIC_REPRESENTATION_CONTEXT(3)
GLOBAL_UNCERTAINTY_ASSIGNED_CONTEXT((#7306))
GLOBAL_UNIT_ASSIGNED_CONTEXT((#7312,#7314,#7315))
REPRESENTATION_CONTEXT('','3D')
);
#7311=(
GEOMETRIC_REPRESENTATION_CONTEXT(3)
GLOBAL_UNCERTAINTY_ASSIGNED_CONTEXT((#7307))
GLOBAL_UNIT_ASSIGNED_CONTEXT((#7312,#7314,#7315))
REPRESENTATION_CONTEXT('','3D')
);
#7312=(
LENGTH_UNIT()
NAMED_UNIT(*)
SI_UNIT(.MILLI.,.METRE.)
);
#7313=(
LENGTH_UNIT()
NAMED_UNIT(*)
SI_UNIT($,.METRE.)
);
#7314=(
NAMED_UNIT(*)
PLANE_ANGLE_UNIT()
SI_UNIT($,.RADIAN.)
);
#7315=(
NAMED_UNIT(*)
SI_UNIT($,.STERADIAN.)
SOLID_ANGLE_UNIT()
);
#7316=SHAPE_DEFINITION_REPRESENTATION(#7319,#7324);
#7317=SHAPE_DEFINITION_REPRESENTATION(#7320,#7325);
#7318=SHAPE_DEFINITION_REPRESENTATION(#7321,#7326);
#7319=PRODUCT_DEFINITION_SHAPE('',$,#7328);
#7320=PRODUCT_DEFINITION_SHAPE('',$,#7329);
#7321=PRODUCT_DEFINITION_SHAPE('',$,#7330);
#7322=PRODUCT_DEFINITION_SHAPE($,$,#17);
#7323=PRODUCT_DEFINITION_SHAPE($,$,#18);
#7324=SHAPE_REPRESENTATION('',(#3947,#4472),#7308);
#7325=SHAPE_REPRESENTATION('',(#3948,#4471),#7309);
#7326=SHAPE_REPRESENTATION('',(#3949),#7310);
#7327=PRODUCT_DEFINITION_CONTEXT('part definition',#7338,'design');
#7328=PRODUCT_DEFINITION('Boardsource 3d printed cases',
'Boardsource 3d printed cases v26',#7331,#7327);
#7329=PRODUCT_DEFINITION('corne','corne',#7332,#7327);
#7330=PRODUCT_DEFINITION('case','case',#7333,#7327);
#7331=PRODUCT_DEFINITION_FORMATION('',$,#7340);
#7332=PRODUCT_DEFINITION_FORMATION('',$,#7341);
#7333=PRODUCT_DEFINITION_FORMATION('',$,#7342);
#7334=PRODUCT_RELATED_PRODUCT_CATEGORY(
'Boardsource 3d printed cases v26','Boardsource 3d printed cases v26',(#7340));
#7335=PRODUCT_RELATED_PRODUCT_CATEGORY('corne','corne',(#7341));
#7336=PRODUCT_RELATED_PRODUCT_CATEGORY('case','case',(#7342));
#7337=APPLICATION_PROTOCOL_DEFINITION('international standard',
'automotive_design',2009,#7338);
#7338=APPLICATION_CONTEXT(
'Core Data for Automotive Mechanical Design Process');
#7339=PRODUCT_CONTEXT('part definition',#7338,'mechanical');
#7340=PRODUCT('Boardsource 3d printed cases',
'Boardsource 3d printed cases v26',$,(#7339));
#7341=PRODUCT('corne','corne',$,(#7339));
#7342=PRODUCT('case','case',$,(#7339));
#7343=PRESENTATION_STYLE_ASSIGNMENT((#7344));
#7344=SURFACE_STYLE_USAGE(.BOTH.,#7345);
#7345=SURFACE_SIDE_STYLE('',(#7346));
#7346=SURFACE_STYLE_FILL_AREA(#7347);
#7347=FILL_AREA_STYLE('Steel - Satin',(#7348));
#7348=FILL_AREA_STYLE_COLOUR('Steel - Satin',#7349);
#7349=COLOUR_RGB('Steel - Satin',0.627450980392157,0.627450980392157,0.627450980392157);
ENDSEC;
END-ISO-10303-21;
