ISO-10303-21;
HEADER;
/* Generated by software containing ST-Developer
 * from STEP Tools, Inc. (www.steptools.com) 
 */

FILE_DESCRIPTION(
/* description */ (''),
/* implementation_level */ '2;1');

FILE_NAME(
/* name */ '6col_LP-lazy_front.step',
/* time_stamp */ '2024-04-17T13:17:24-07:00',
/* author */ (''),
/* organization */ (''),
/* preprocessor_version */ 'ST-DEVELOPER v20',
/* originating_system */ 'Autodesk Translation Framework v12.20.1.177',

/* authorisation */ '');

FILE_SCHEMA (('AUTOMOTIVE_DESIGN { 1 0 10303 214 3 1 1 }'));
ENDSEC;

DATA;
#10=MECHANICAL_DESIGN_GEOMETRIC_PRESENTATION_REPRESENTATION('',(#21),#9055);
#11=ITEM_DEFINED_TRANSFORMATION($,$,#3536,#3840);
#12=ITEM_DEFINED_TRANSFORMATION($,$,#3535,#3841);
#13=(
REPRESENTATION_RELATIONSHIP($,$,#9070,#9069)
REPRESENTATION_RELATIONSHIP_WITH_TRANSFORMATION(#11)
SHAPE_REPRESENTATION_RELATIONSHIP()
);
#14=(
REPRESENTATION_RELATIONSHIP($,$,#9069,#9068)
REPRESENTATION_RELATIONSHIP_WITH_TRANSFORMATION(#12)
SHAPE_REPRESENTATION_RELATIONSHIP()
);
#15=CONTEXT_DEPENDENT_SHAPE_REPRESENTATION(#13,#9066);
#16=CONTEXT_DEPENDENT_SHAPE_REPRESENTATION(#14,#9067);
#17=NEXT_ASSEMBLY_USAGE_OCCURRENCE('LP_case:1','LP_case:1','LP_case:1',
#9073,#9074,'LP_case:1');
#18=NEXT_ASSEMBLY_USAGE_OCCURRENCE('corne:1','corne:1','corne:1',#9072,
#9073,'corne:1');
#19=SHAPE_REPRESENTATION_RELATIONSHIP('SRR','None',#9070,#20);
#20=ADVANCED_BREP_SHAPE_REPRESENTATION('',(#22),#9054);
#21=STYLED_ITEM('',(#9087),#22);
#22=MANIFOLD_SOLID_BREP('Body1',#3521);
#23=SPHERICAL_SURFACE('',#3796,1.);
#24=SPHERICAL_SURFACE('',#3798,1.);
#25=SPHERICAL_SURFACE('',#3800,1.);
#26=ELLIPSE('',#3687,4.54819938477403,3.94);
#27=TOROIDAL_SURFACE('',#3625,5.,1.);
#28=TOROIDAL_SURFACE('',#3627,4.70235449781832,1.);
#29=TOROIDAL_SURFACE('',#3631,30.3147640124277,1.);
#30=TOROIDAL_SURFACE('',#3636,5.,1.);
#31=TOROIDAL_SURFACE('',#3720,1.25234945185277,1.);
#32=TOROIDAL_SURFACE('',#3726,2.,1.);
#33=TOROIDAL_SURFACE('',#3738,2.,1.);
#34=TOROIDAL_SURFACE('',#3747,2.,1.);
#35=TOROIDAL_SURFACE('',#3759,2.,1.);
#36=TOROIDAL_SURFACE('',#3768,2.,1.);
#37=TOROIDAL_SURFACE('',#3777,2.,1.);
#38=TOROIDAL_SURFACE('',#3788,2.,1.);
#39=TOROIDAL_SURFACE('',#3792,3.86484007459329,1.);
#40=(
BOUNDED_SURFACE()
B_SPLINE_SURFACE(2,2,((#5624,#5625,#5626),(#5627,#5628,#5629),(#5630,#5631,
#5632)),.UNSPECIFIED.,.F.,.F.,.F.)
B_SPLINE_SURFACE_WITH_KNOTS((3,3),(3,3),(-1.5707963267949,4.18842679443652E-16),
(-3.01223144818948,-2.74926400079306),.UNSPECIFIED.)
GEOMETRIC_REPRESENTATION_ITEM()
RATIONAL_B_SPLINE_SURFACE(((1.,0.991368461106027,1.),(0.70710678118656,
0.701003361502556,0.70710678118656),(1.,0.991368461106027,1.)))
REPRESENTATION_ITEM('')
SURFACE()
);
#41=(
BOUNDED_SURFACE()
B_SPLINE_SURFACE(2,2,((#5642,#5643,#5644),(#5645,#5646,#5647),(#5648,#5649,
#5650)),.UNSPECIFIED.,.F.,.F.,.F.)
B_SPLINE_SURFACE_WITH_KNOTS((3,3),(3,3),(-1.57079632679491,2.88024159404356E-16),
(-2.74926400079307,-2.20089096547112),.UNSPECIFIED.)
GEOMETRIC_REPRESENTATION_ITEM()
RATIONAL_B_SPLINE_SURFACE(((1.,0.962645777797193,1.),(0.707106781186558,
0.680693357361004,0.707106781186558),(1.,0.962645777797193,1.)))
REPRESENTATION_ITEM('')
SURFACE()
);
#42=B_SPLINE_SURFACE_WITH_KNOTS('',3,3,((#4891,#4892,#4893,#4894,#4895,
#4896,#4897,#4898,#4899,#4900,#4901,#4902,#4903),(#4904,#4905,#4906,#4907,
#4908,#4909,#4910,#4911,#4912,#4913,#4914,#4915,#4916),(#4917,#4918,#4919,
#4920,#4921,#4922,#4923,#4924,#4925,#4926,#4927,#4928,#4929),(#4930,#4931,
#4932,#4933,#4934,#4935,#4936,#4937,#4938,#4939,#4940,#4941,#4942)),
 .UNSPECIFIED.,.F.,.F.,.F.,(4,4),(4,3,3,3,4),(0.,1.),(-1.06094603166928,
-1.,-0.517881055814071,-0.0209369098982784,-0.0189099896828228),
 .UNSPECIFIED.);
#43=B_SPLINE_SURFACE_WITH_KNOTS('',3,3,((#5009,#5010,#5011,#5012,#5013,
#5014,#5015,#5016,#5017,#5018,#5019,#5020),(#5021,#5022,#5023,#5024,#5025,
#5026,#5027,#5028,#5029,#5030,#5031,#5032),(#5033,#5034,#5035,#5036,#5037,
#5038,#5039,#5040,#5041,#5042,#5043,#5044),(#5045,#5046,#5047,#5048,#5049,
#5050,#5051,#5052,#5053,#5054,#5055,#5056)),.UNSPECIFIED.,.F.,.F.,.F.,(4,
4),(4,1,1,1,1,1,3,4),(0.,1.),(-1.00009101439569,-0.982898521650301,-0.965706028904912,
-0.931321043414135,-0.86255107243258,-0.72501113046947,-0.518701217524806,
-6.93216188147846E-5),.UNSPECIFIED.);
#44=B_SPLINE_SURFACE_WITH_KNOTS('',3,3,((#5075,#5076,#5077,#5078,#5079,
#5080,#5081),(#5082,#5083,#5084,#5085,#5086,#5087,#5088),(#5089,#5090,#5091,
#5092,#5093,#5094,#5095),(#5096,#5097,#5098,#5099,#5100,#5101,#5102)),
 .UNSPECIFIED.,.F.,.F.,.F.,(4,4),(4,3,4),(0.,1.),(-1.,-0.517936905271305,
-6.93216243126305E-5),.UNSPECIFIED.);
#45=B_SPLINE_SURFACE_WITH_KNOTS('',3,3,((#5116,#5117,#5118,#5119,#5120),
(#5121,#5122,#5123,#5124,#5125),(#5126,#5127,#5128,#5129,#5130),(#5131,
#5132,#5133,#5134,#5135)),.UNSPECIFIED.,.F.,.F.,.F.,(4,4),(4,1,4),(0.,1.),
(0.,0.571428571428571,1.),.UNSPECIFIED.);
#46=B_SPLINE_SURFACE_WITH_KNOTS('',3,3,((#5143,#5144,#5145,#5146,#5147,
#5148,#5149),(#5150,#5151,#5152,#5153,#5154,#5155,#5156),(#5157,#5158,#5159,
#5160,#5161,#5162,#5163),(#5164,#5165,#5166,#5167,#5168,#5169,#5170)),
 .UNSPECIFIED.,.F.,.F.,.F.,(4,4),(4,3,4),(0.,1.),(-0.712391659491647,-0.518239324640103,
5.83133837509938E-15),.UNSPECIFIED.);
#47=B_SPLINE_SURFACE_WITH_KNOTS('',3,3,((#5184,#5185,#5186,#5187),(#5188,
#5189,#5190,#5191),(#5192,#5193,#5194,#5195),(#5196,#5197,#5198,#5199)),
 .UNSPECIFIED.,.F.,.F.,.F.,(4,4),(4,4),(0.,1.),(0.,0.298271159859604),
 .UNSPECIFIED.);
#48=B_SPLINE_SURFACE_WITH_KNOTS('',3,3,((#5206,#5207,#5208,#5209),(#5210,
#5211,#5212,#5213),(#5214,#5215,#5216,#5217),(#5218,#5219,#5220,#5221)),
 .UNSPECIFIED.,.F.,.F.,.F.,(4,4),(4,4),(0.,1.),(-0.474258819360993,-6.9321681023388E-5),
 .UNSPECIFIED.);
#49=B_SPLINE_SURFACE_WITH_KNOTS('',3,3,((#5232,#5233,#5234,#5235),(#5236,
#5237,#5238,#5239),(#5240,#5241,#5242,#5243),(#5244,#5245,#5246,#5247)),
 .UNSPECIFIED.,.F.,.F.,.F.,(4,4),(4,4),(0.,1.),(-1.00000000000001,-0.526634707000998),
 .UNSPECIFIED.);
#50=B_SPLINE_SURFACE_WITH_KNOTS('',3,3,((#5254,#5255,#5256,#5257),(#5258,
#5259,#5260,#5261),(#5262,#5263,#5264,#5265),(#5266,#5267,#5268,#5269)),
 .UNSPECIFIED.,.F.,.F.,.F.,(4,4),(4,4),(0.,1.),(0.,0.298636134050673),
 .UNSPECIFIED.);
#51=B_SPLINE_SURFACE_WITH_KNOTS('',3,3,((#5280,#5281,#5282,#5283,#5284,
#5285,#5286),(#5287,#5288,#5289,#5290,#5291,#5292,#5293),(#5294,#5295,#5296,
#5297,#5298,#5299,#5300),(#5301,#5302,#5303,#5304,#5305,#5306,#5307)),
 .UNSPECIFIED.,.F.,.F.,.F.,(4,4),(4,3,4),(0.,1.),(-1.,-0.518229279802669,
-0.498812995188046),.UNSPECIFIED.);
#52=B_SPLINE_SURFACE_WITH_KNOTS('',3,3,((#5317,#5318,#5319,#5320),(#5321,
#5322,#5323,#5324),(#5325,#5326,#5327,#5328),(#5329,#5330,#5331,#5332)),
 .UNSPECIFIED.,.F.,.F.,.F.,(4,4),(4,4),(0.,1.),(0.,0.315810797507196),
 .UNSPECIFIED.);
#53=B_SPLINE_SURFACE_WITH_KNOTS('',3,3,((#5343,#5344,#5345,#5346),(#5347,
#5348,#5349,#5350),(#5351,#5352,#5353,#5354),(#5355,#5356,#5357,#5358)),
 .UNSPECIFIED.,.F.,.F.,.F.,(4,4),(4,4),(0.,1.),(-1.,-0.526647051101893),
 .UNSPECIFIED.);
#54=B_SPLINE_SURFACE_WITH_KNOTS('',3,3,((#5365,#5366,#5367,#5368),(#5369,
#5370,#5371,#5372),(#5373,#5374,#5375,#5376),(#5377,#5378,#5379,#5380)),
 .UNSPECIFIED.,.F.,.F.,.F.,(4,4),(4,4),(0.,1.),(0.,0.298638171108822),
 .UNSPECIFIED.);
#55=B_SPLINE_SURFACE_WITH_KNOTS('',3,3,((#5391,#5392,#5393,#5394,#5395,
#5396,#5397),(#5398,#5399,#5400,#5401,#5402,#5403,#5404),(#5405,#5406,#5407,
#5408,#5409,#5410,#5411),(#5412,#5413,#5414,#5415,#5416,#5417,#5418)),
 .UNSPECIFIED.,.F.,.F.,.F.,(4,4),(4,3,4),(0.,1.),(-1.,-0.518046658679359,
1.21520694644745E-15),.UNSPECIFIED.);
#56=B_SPLINE_SURFACE_WITH_KNOTS('',3,3,((#5430,#5431,#5432,#5433),(#5434,
#5435,#5436,#5437),(#5438,#5439,#5440,#5441),(#5442,#5443,#5444,#5445),
(#5446,#5447,#5448,#5449)),.UNSPECIFIED.,.F.,.F.,.F.,(4,1,4),(4,4),(0.,
0.571428571428571,1.),(-1.308,-0.0999999999999998),.UNSPECIFIED.);
#57=B_SPLINE_SURFACE_WITH_KNOTS('',3,1,((#5469,#5470),(#5471,#5472),(#5473,
#5474),(#5475,#5476),(#5477,#5478),(#5479,#5480),(#5481,#5482)),
 .UNSPECIFIED.,.F.,.F.,.F.,(4,3,4),(2,2),(-1.,-0.517936905271305,-6.93216243122103E-5),
(0.,1.408),.UNSPECIFIED.);
#58=B_SPLINE_SURFACE_WITH_KNOTS('',3,1,((#5495,#5496),(#5497,#5498),(#5499,
#5500),(#5501,#5502),(#5503,#5504),(#5505,#5506),(#5507,#5508)),
 .UNSPECIFIED.,.F.,.F.,.F.,(4,3,4),(2,2),(-1.,-0.518701217524806,-6.93216188155428E-5),
(0.,1.408),.UNSPECIFIED.);
#59=B_SPLINE_SURFACE_WITH_KNOTS('',3,1,((#5566,#5567),(#5568,#5569),(#5570,
#5571),(#5572,#5573),(#5574,#5575),(#5576,#5577),(#5578,#5579),(#5580,#5581),
(#5582,#5583),(#5584,#5585)),.UNSPECIFIED.,.F.,.F.,.F.,(4,3,3,4),(2,2),
(-1.06094603166926,-1.,-0.51788105581407,-0.0209369098982784),(0.,1.408),
 .UNSPECIFIED.);
#60=B_SPLINE_SURFACE_WITH_KNOTS('',3,3,((#5752,#5753,#5754,#5755),(#5756,
#5757,#5758,#5759),(#5760,#5761,#5762,#5763),(#5764,#5765,#5766,#5767),
(#5768,#5769,#5770,#5771)),.UNSPECIFIED.,.F.,.F.,.F.,(4,1,4),(4,4),(0.,
0.571428571428571,1.),(1.13078934340705E-15,0.19224287712772),
 .UNSPECIFIED.);
#61=B_SPLINE_SURFACE_WITH_KNOTS('',3,3,((#5778,#5779,#5780,#5781),(#5782,
#5783,#5784,#5785),(#5786,#5787,#5788,#5789),(#5790,#5791,#5792,#5793),
(#5794,#5795,#5796,#5797)),.UNSPECIFIED.,.F.,.F.,.F.,(4,1,4),(4,4),(0.,
0.571428571428571,1.),(0.,0.18416257456337),.UNSPECIFIED.);
#62=B_SPLINE_SURFACE_WITH_KNOTS('',3,3,((#5812,#5813,#5814,#5815,#5816,
#5817),(#5818,#5819,#5820,#5821,#5822,#5823),(#5824,#5825,#5826,#5827,#5828,
#5829),(#5830,#5831,#5832,#5833,#5834,#5835),(#5836,#5837,#5838,#5839,#5840,
#5841)),.UNSPECIFIED.,.F.,.F.,.F.,(4,1,4),(4,2,4),(0.,0.571428571428571,
1.),(-0.547074050529745,-0.263333385896877,0.),.UNSPECIFIED.);
#63=B_SPLINE_SURFACE_WITH_KNOTS('',3,3,((#5858,#5859,#5860,#5861,#5862,
#5863),(#5864,#5865,#5866,#5867,#5868,#5869),(#5870,#5871,#5872,#5873,#5874,
#5875),(#5876,#5877,#5878,#5879,#5880,#5881),(#5882,#5883,#5884,#5885,#5886,
#5887)),.UNSPECIFIED.,.F.,.F.,.F.,(4,1,4),(4,2,4),(0.,0.571428571428571,
1.),(-0.546790535477262,-0.263569223220052,-1.87337445924755E-16),
 .UNSPECIFIED.);
#64=B_SPLINE_SURFACE_WITH_KNOTS('',3,3,((#5900,#5901,#5902,#5903,#5904),
(#5905,#5906,#5907,#5908,#5909),(#5910,#5911,#5912,#5913,#5914),(#5915,
#5916,#5917,#5918,#5919),(#5920,#5921,#5922,#5923,#5924)),.UNSPECIFIED.,
 .F.,.F.,.F.,(4,1,4),(4,1,4),(0.,0.571428571428571,1.),(0.,0.238775421995228,
0.5571426513222),.UNSPECIFIED.);
#65=B_SPLINE_SURFACE_WITH_KNOTS('',3,3,((#5932,#5933,#5934,#5935,#5936,
#5937),(#5938,#5939,#5940,#5941,#5942,#5943),(#5944,#5945,#5946,#5947,#5948,
#5949),(#5950,#5951,#5952,#5953,#5954,#5955),(#5956,#5957,#5958,#5959,#5960,
#5961)),.UNSPECIFIED.,.F.,.F.,.F.,(4,1,4),(4,2,4),(0.,0.571428571428571,
1.),(-0.386985828065391,-0.104051369244237,-1.31990467088493E-16),
 .UNSPECIFIED.);
#66=B_SPLINE_SURFACE_WITH_KNOTS('',3,3,((#5983,#5984,#5985,#5986),(#5987,
#5988,#5989,#5990),(#5991,#5992,#5993,#5994),(#5995,#5996,#5997,#5998),
(#5999,#6000,#6001,#6002)),.UNSPECIFIED.,.F.,.F.,.F.,(4,1,4),(4,4),(0.,
0.571428571428571,1.),(0.,0.371757005429636),.UNSPECIFIED.);
#67=B_SPLINE_SURFACE_WITH_KNOTS('',3,3,((#6014,#6015,#6016,#6017),(#6018,
#6019,#6020,#6021),(#6022,#6023,#6024,#6025),(#6026,#6027,#6028,#6029),
(#6030,#6031,#6032,#6033)),.UNSPECIFIED.,.F.,.F.,.F.,(4,1,4),(4,4),(0.,
0.571428571428571,1.),(0.,0.261108536938783),.UNSPECIFIED.);
#68=B_SPLINE_SURFACE_WITH_KNOTS('',3,3,((#6051,#6052,#6053,#6054),(#6055,
#6056,#6057,#6058),(#6059,#6060,#6061,#6062),(#6063,#6064,#6065,#6066),
(#6067,#6068,#6069,#6070)),.UNSPECIFIED.,.F.,.F.,.F.,(4,1,4),(4,4),(0.,
0.571428571428571,1.),(0.,0.26058248846558),.UNSPECIFIED.);
#69=B_SPLINE_SURFACE_WITH_KNOTS('',3,3,((#6082,#6083,#6084,#6085),(#6086,
#6087,#6088,#6089),(#6090,#6091,#6092,#6093),(#6094,#6095,#6096,#6097),
(#6098,#6099,#6100,#6101)),.UNSPECIFIED.,.F.,.F.,.F.,(4,1,4),(4,4),(0.,
0.571428571428571,1.),(0.,0.37220924156278),.UNSPECIFIED.);
#70=B_SPLINE_SURFACE_WITH_KNOTS('',3,3,((#6119,#6120,#6121,#6122,#6123,
#6124),(#6125,#6126,#6127,#6128,#6129,#6130),(#6131,#6132,#6133,#6134,#6135,
#6136),(#6137,#6138,#6139,#6140,#6141,#6142),(#6143,#6144,#6145,#6146,#6147,
#6148)),.UNSPECIFIED.,.F.,.F.,.F.,(4,1,4),(4,2,4),(0.,0.571428571428571,
1.),(-0.274325290896365,-0.26393573037155,1.71278828120127E-16),
 .UNSPECIFIED.);
#71=B_SPLINE_SURFACE_WITH_KNOTS('',3,3,((#6164,#6165,#6166,#6167),(#6168,
#6169,#6170,#6171),(#6172,#6173,#6174,#6175),(#6176,#6177,#6178,#6179),
(#6180,#6181,#6182,#6183)),.UNSPECIFIED.,.F.,.F.,.F.,(4,1,4),(4,4),(0.,
0.571428571428571,1.),(0.,0.393478525841872),.UNSPECIFIED.);
#72=B_SPLINE_SURFACE_WITH_KNOTS('',3,3,((#6201,#6202,#6203,#6204),(#6205,
#6206,#6207,#6208),(#6209,#6210,#6211,#6212),(#6213,#6214,#6215,#6216),
(#6217,#6218,#6219,#6220)),.UNSPECIFIED.,.F.,.F.,.F.,(4,1,4),(4,4),(0.,
0.571428571428571,1.),(0.,0.26057305381595),.UNSPECIFIED.);
#73=B_SPLINE_SURFACE_WITH_KNOTS('',3,3,((#6232,#6233,#6234,#6235),(#6236,
#6237,#6238,#6239),(#6240,#6241,#6242,#6243),(#6244,#6245,#6246,#6247),
(#6248,#6249,#6250,#6251)),.UNSPECIFIED.,.F.,.F.,.F.,(4,1,4),(4,4),(0.,
0.571428571428571,1.),(1.99493199737384E-15,0.372211765635221),
 .UNSPECIFIED.);
#74=B_SPLINE_SURFACE_WITH_KNOTS('',3,3,((#6269,#6270,#6271,#6272,#6273,
#6274),(#6275,#6276,#6277,#6278,#6279,#6280),(#6281,#6282,#6283,#6284,#6285,
#6286),(#6287,#6288,#6289,#6290,#6291,#6292),(#6293,#6294,#6295,#6296,#6297,
#6298)),.UNSPECIFIED.,.F.,.F.,.F.,(4,1,4),(4,2,4),(0.,0.571428571428571,
1.),(-0.546673286439226,-0.263425340812933,0.),.UNSPECIFIED.);
#75=B_SPLINE_SURFACE_WITH_KNOTS('',3,3,((#6317,#6318,#6319,#6320),(#6321,
#6322,#6323,#6324),(#6325,#6326,#6327,#6328),(#6329,#6330,#6331,#6332),
(#6333,#6334,#6335,#6336)),.UNSPECIFIED.,.F.,.F.,.F.,(4,1,4),(4,4),(0.,
0.571428571428571,1.),(0.,0.118888135939797),.UNSPECIFIED.);
#76=B_SPLINE_SURFACE_WITH_KNOTS('',3,3,((#6343,#6344,#6345,#6346),(#6347,
#6348,#6349,#6350),(#6351,#6352,#6353,#6354),(#6355,#6356,#6357,#6358),
(#6359,#6360,#6361,#6362)),.UNSPECIFIED.,.F.,.F.,.F.,(4,1,4),(4,4),(0.,
0.571428571428571,1.),(1.2964888298487,1.44478868661062),.UNSPECIFIED.);
#77=B_SPLINE_SURFACE_WITH_KNOTS('',3,3,((#6366,#6367,#6368,#6369),(#6370,
#6371,#6372,#6373),(#6374,#6375,#6376,#6377),(#6378,#6379,#6380,#6381),
(#6382,#6383,#6384,#6385)),.UNSPECIFIED.,.F.,.F.,.F.,(4,1,4),(4,4),(0.,
0.571428571428571,1.),(1.02218133290252,1.57079634241447),.UNSPECIFIED.);
#78=B_SPLINE_SURFACE_WITH_KNOTS('',3,3,((#6438,#6439,#6440,#6441,#6442,
#6443,#6444,#6445,#6446,#6447,#6448,#6449,#6450,#6451,#6452,#6453,#6454,
#6455,#6456),(#6457,#6458,#6459,#6460,#6461,#6462,#6463,#6464,#6465,#6466,
#6467,#6468,#6469,#6470,#6471,#6472,#6473,#6474,#6475),(#6476,#6477,#6478,
#6479,#6480,#6481,#6482,#6483,#6484,#6485,#6486,#6487,#6488,#6489,#6490,
#6491,#6492,#6493,#6494),(#6495,#6496,#6497,#6498,#6499,#6500,#6501,#6502,
#6503,#6504,#6505,#6506,#6507,#6508,#6509,#6510,#6511,#6512,#6513),(#6514,
#6515,#6516,#6517,#6518,#6519,#6520,#6521,#6522,#6523,#6524,#6525,#6526,
#6527,#6528,#6529,#6530,#6531,#6532)),.UNSPECIFIED.,.F.,.F.,.F.,(4,1,4),
(4,2,1,1,1,2,1,1,1,1,1,1,2,4),(0.,0.571428571428571,1.),(-5.18057818862317E-14,
0.0140021698598829,0.0553629378829327,0.0967237059059826,0.179445241952082,
0.344888314044282,0.429758306806472,0.514628299568663,0.599498292330853,
0.641933288711948,0.663150786902496,0.67375953599777,0.684368285093044,
0.686140730755156),.UNSPECIFIED.);
#79=B_SPLINE_SURFACE_WITH_KNOTS('',3,1,((#6612,#6613),(#6614,#6615),(#6616,
#6617),(#6618,#6619),(#6620,#6621),(#6622,#6623),(#6624,#6625)),
 .UNSPECIFIED.,.F.,.F.,.F.,(4,3,4),(2,2),(-1.,-0.518239324640097,0.),(0.,
1.408),.UNSPECIFIED.);
#80=B_SPLINE_SURFACE_WITH_KNOTS('',3,3,((#6632,#6633,#6634,#6635),(#6636,
#6637,#6638,#6639),(#6640,#6641,#6642,#6643),(#6644,#6645,#6646,#6647)),
 .UNSPECIFIED.,.F.,.F.,.F.,(4,4),(4,4),(0.,1.),(0.0999999999999999,1.308),
 .UNSPECIFIED.);
#81=B_SPLINE_SURFACE_WITH_KNOTS('',3,1,((#6652,#6653),(#6654,#6655),(#6656,
#6657),(#6658,#6659),(#6660,#6661),(#6662,#6663),(#6664,#6665)),
 .UNSPECIFIED.,.F.,.F.,.F.,(4,3,4),(2,2),(-0.670877180571723,-0.517940910307685,
-6.93216810356411E-5),(0.,1.408),.UNSPECIFIED.);
#82=B_SPLINE_SURFACE_WITH_KNOTS('',3,1,((#6669,#6670),(#6671,#6672),(#6673,
#6674),(#6675,#6676),(#6677,#6678),(#6679,#6680),(#6681,#6682)),
 .UNSPECIFIED.,.F.,.F.,.F.,(4,3,4),(2,2),(-1.,-0.517940910307802,-0.330682593709648),
(0.,1.408),.UNSPECIFIED.);
#83=B_SPLINE_SURFACE_WITH_KNOTS('',3,3,((#6687,#6688,#6689,#6690),(#6691,
#6692,#6693,#6694),(#6695,#6696,#6697,#6698),(#6699,#6700,#6701,#6702)),
 .UNSPECIFIED.,.F.,.F.,.F.,(4,4),(4,4),(0.,1.),(0.1,1.308),
 .UNSPECIFIED.);
#84=B_SPLINE_SURFACE_WITH_KNOTS('',3,1,((#6709,#6710),(#6711,#6712),(#6713,
#6714),(#6715,#6716),(#6717,#6718),(#6719,#6720),(#6721,#6722)),
 .UNSPECIFIED.,.F.,.F.,.F.,(4,3,4),(2,2),(-1.,-0.518229279802669,-0.288654243962798),
(0.,1.408),.UNSPECIFIED.);
#85=B_SPLINE_SURFACE_WITH_KNOTS('',3,3,((#6727,#6728,#6729,#6730),(#6731,
#6732,#6733,#6734),(#6735,#6736,#6737,#6738),(#6739,#6740,#6741,#6742)),
 .UNSPECIFIED.,.F.,.F.,.F.,(4,4),(4,4),(0.,1.),(0.1,1.308),
 .UNSPECIFIED.);
#86=B_SPLINE_SURFACE_WITH_KNOTS('',3,1,((#6749,#6750),(#6751,#6752),(#6753,
#6754),(#6755,#6756),(#6757,#6758),(#6759,#6760),(#6761,#6762),(#6763,#6764),
(#6765,#6766),(#6767,#6768),(#6769,#6770),(#6771,#6772),(#6773,#6774)),
 .UNSPECIFIED.,.F.,.F.,.F.,(4,3,3,3,4),(2,2),(-3.37214405307075,-1.,-0.518127064372838,
-5.84353124454087E-5,3.50607917723273),(-0.282000000000133,2.1179999999999),
 .UNSPECIFIED.);
#87=B_SPLINE_SURFACE_WITH_KNOTS('',3,3,((#6794,#6795,#6796,#6797),(#6798,
#6799,#6800,#6801),(#6802,#6803,#6804,#6805),(#6806,#6807,#6808,#6809)),
 .UNSPECIFIED.,.F.,.F.,.F.,(4,4),(4,4),(0.,1.),(0.1,0.75022373520886),
 .UNSPECIFIED.);
#88=B_SPLINE_SURFACE_WITH_KNOTS('',3,1,((#6845,#6846),(#6847,#6848),(#6849,
#6850),(#6851,#6852),(#6853,#6854),(#6855,#6856),(#6857,#6858)),
 .UNSPECIFIED.,.F.,.F.,.F.,(4,3,4),(2,2),(-1.,-0.518046658679359,0.),(0.,
1.408),.UNSPECIFIED.);
#89=B_SPLINE_SURFACE_WITH_KNOTS('',3,3,((#7055,#7056,#7057,#7058,#7059,
#7060,#7061,#7062,#7063,#7064,#7065,#7066,#7067,#7068,#7069,#7070,#7071,
#7072,#7073,#7074,#7075,#7076,#7077,#7078,#7079,#7080,#7081,#7082,#7083,
#7084,#7085,#7086,#7087,#7088,#7089,#7090,#7091,#7092,#7093,#7094,#7095,
#7096,#7097,#7098,#7099,#7100,#7101,#7102,#7103,#7104,#7105,#7106,#7107,
#7108,#7109,#7110,#7111,#7112),(#7113,#7114,#7115,#7116,#7117,#7118,#7119,
#7120,#7121,#7122,#7123,#7124,#7125,#7126,#7127,#7128,#7129,#7130,#7131,
#7132,#7133,#7134,#7135,#7136,#7137,#7138,#7139,#7140,#7141,#7142,#7143,
#7144,#7145,#7146,#7147,#7148,#7149,#7150,#7151,#7152,#7153,#7154,#7155,
#7156,#7157,#7158,#7159,#7160,#7161,#7162,#7163,#7164,#7165,#7166,#7167,
#7168,#7169,#7170),(#7171,#7172,#7173,#7174,#7175,#7176,#7177,#7178,#7179,
#7180,#7181,#7182,#7183,#7184,#7185,#7186,#7187,#7188,#7189,#7190,#7191,
#7192,#7193,#7194,#7195,#7196,#7197,#7198,#7199,#7200,#7201,#7202,#7203,
#7204,#7205,#7206,#7207,#7208,#7209,#7210,#7211,#7212,#7213,#7214,#7215,
#7216,#7217,#7218,#7219,#7220,#7221,#7222,#7223,#7224,#7225,#7226,#7227,
#7228),(#7229,#7230,#7231,#7232,#7233,#7234,#7235,#7236,#7237,#7238,#7239,
#7240,#7241,#7242,#7243,#7244,#7245,#7246,#7247,#7248,#7249,#7250,#7251,
#7252,#7253,#7254,#7255,#7256,#7257,#7258,#7259,#7260,#7261,#7262,#7263,
#7264,#7265,#7266,#7267,#7268,#7269,#7270,#7271,#7272,#7273,#7274,#7275,
#7276,#7277,#7278,#7279,#7280,#7281,#7282,#7283,#7284,#7285,#7286),(#7287,
#7288,#7289,#7290,#7291,#7292,#7293,#7294,#7295,#7296,#7297,#7298,#7299,
#7300,#7301,#7302,#7303,#7304,#7305,#7306,#7307,#7308,#7309,#7310,#7311,
#7312,#7313,#7314,#7315,#7316,#7317,#7318,#7319,#7320,#7321,#7322,#7323,
#7324,#7325,#7326,#7327,#7328,#7329,#7330,#7331,#7332,#7333,#7334,#7335,
#7336,#7337,#7338,#7339,#7340,#7341,#7342,#7343,#7344),(#7345,#7346,#7347,
#7348,#7349,#7350,#7351,#7352,#7353,#7354,#7355,#7356,#7357,#7358,#7359,
#7360,#7361,#7362,#7363,#7364,#7365,#7366,#7367,#7368,#7369,#7370,#7371,
#7372,#7373,#7374,#7375,#7376,#7377,#7378,#7379,#7380,#7381,#7382,#7383,
#7384,#7385,#7386,#7387,#7388,#7389,#7390,#7391,#7392,#7393,#7394,#7395,
#7396,#7397,#7398,#7399,#7400,#7401,#7402),(#7403,#7404,#7405,#7406,#7407,
#7408,#7409,#7410,#7411,#7412,#7413,#7414,#7415,#7416,#7417,#7418,#7419,
#7420,#7421,#7422,#7423,#7424,#7425,#7426,#7427,#7428,#7429,#7430,#7431,
#7432,#7433,#7434,#7435,#7436,#7437,#7438,#7439,#7440,#7441,#7442,#7443,
#7444,#7445,#7446,#7447,#7448,#7449,#7450,#7451,#7452,#7453,#7454,#7455,
#7456,#7457,#7458,#7459,#7460),(#7461,#7462,#7463,#7464,#7465,#7466,#7467,
#7468,#7469,#7470,#7471,#7472,#7473,#7474,#7475,#7476,#7477,#7478,#7479,
#7480,#7481,#7482,#7483,#7484,#7485,#7486,#7487,#7488,#7489,#7490,#7491,
#7492,#7493,#7494,#7495,#7496,#7497,#7498,#7499,#7500,#7501,#7502,#7503,
#7504,#7505,#7506,#7507,#7508,#7509,#7510,#7511,#7512,#7513,#7514,#7515,
#7516,#7517,#7518),(#7519,#7520,#7521,#7522,#7523,#7524,#7525,#7526,#7527,
#7528,#7529,#7530,#7531,#7532,#7533,#7534,#7535,#7536,#7537,#7538,#7539,
#7540,#7541,#7542,#7543,#7544,#7545,#7546,#7547,#7548,#7549,#7550,#7551,
#7552,#7553,#7554,#7555,#7556,#7557,#7558,#7559,#7560,#7561,#7562,#7563,
#7564,#7565,#7566,#7567,#7568,#7569,#7570,#7571,#7572,#7573,#7574,#7575,
#7576)),.UNSPECIFIED.,.F.,.F.,.F.,(4,1,1,1,1,1,4),(4,1,1,1,1,1,1,1,1,1,
1,1,1,1,1,1,1,1,1,1,1,1,1,1,1,1,1,1,1,1,1,1,1,1,1,1,1,1,1,1,1,1,1,1,1,1,
1,1,1,1,1,1,1,1,1,4),(0.,0.0714285714285714,0.142857142857143,0.214285714285714,
0.285714285714286,0.571428571428571,1.),(-6.65706359365286E-5,0.000205762170188313,
0.000206294070200275,0.000206825970212238,0.000207889770236163,0.000210017370284013,
0.000214272570379714,0.000218527770475415,0.000222782970571115,0.000231293370762517,
0.000239803770953918,0.000256824571336721,0.000265334971528122,0.000273845371719523,
0.000290866172102326,0.000299376572293727,0.000307886972485128,0.000324907772867931,
0.000341928573250733,0.000375970174016339,0.000392990974399141,0.000410011774781944,
0.000444053375547549,0.000478094976313154,0.000614261379375575,0.00071638618167239,
0.000750427782437995,0.00102276058856284,0.00129509339468768,0.0014312597977501,
0.00149934299928131,0.00156742620081252,0.00170359260387494,0.00183975900693736,
0.00190784220846857,0.00197592540999978,0.0021120918130622,0.00238442461918704,
0.00245250782071825,0.00248654942148386,0.00252059102224946,0.00258867422378067,
0.00265675742531188,0.00279292382837431,0.00292909023143673,0.00306525663449915,
0.00320142303756157,0.00374608864981125,0.00429075426206093,0.00483541987431062,
0.0053800854865603,0.00592475109880998,0.00646941671105966,0.00701408232330935,
0.00728641512943419,0.00755874793555903),.UNSPECIFIED.);
#90=B_SPLINE_SURFACE_WITH_KNOTS('',3,3,((#7702,#7703,#7704,#7705,#7706,
#7707,#7708,#7709,#7710,#7711,#7712,#7713,#7714,#7715,#7716,#7717,#7718,
#7719,#7720,#7721,#7722,#7723,#7724,#7725),(#7726,#7727,#7728,#7729,#7730,
#7731,#7732,#7733,#7734,#7735,#7736,#7737,#7738,#7739,#7740,#7741,#7742,
#7743,#7744,#7745,#7746,#7747,#7748,#7749),(#7750,#7751,#7752,#7753,#7754,
#7755,#7756,#7757,#7758,#7759,#7760,#7761,#7762,#7763,#7764,#7765,#7766,
#7767,#7768,#7769,#7770,#7771,#7772,#7773),(#7774,#7775,#7776,#7777,#7778,
#7779,#7780,#7781,#7782,#7783,#7784,#7785,#7786,#7787,#7788,#7789,#7790,
#7791,#7792,#7793,#7794,#7795,#7796,#7797),(#7798,#7799,#7800,#7801,#7802,
#7803,#7804,#7805,#7806,#7807,#7808,#7809,#7810,#7811,#7812,#7813,#7814,
#7815,#7816,#7817,#7818,#7819,#7820,#7821)),.UNSPECIFIED.,.F.,.F.,.F.,(4,
1,4),(4,1,1,1,1,1,1,1,1,1,1,1,1,1,1,1,1,1,1,1,1,4),(0.,0.571428571428571,
1.),(-8.10140559301425E-12,3.3908009620143E-5,6.78160273416916E-5,0.000135632062784789,
0.000271264133670983,0.000542528275443372,0.00108505655898815,0.0021701131260777,
0.0023057451969639,0.00244137726785009,0.00257700933873629,0.00271264140962248,
0.00298390555139487,0.00325516969316726,0.00542528282734637,0.00596781111089115,
0.00623907525266353,0.00637470732354973,0.00651033939443592,0.0070528676779807,
0.00732413181975309,0.00759539596152548),.UNSPECIFIED.);
#91=B_SPLINE_SURFACE_WITH_KNOTS('',3,3,((#7891,#7892,#7893,#7894,#7895,
#7896,#7897,#7898,#7899,#7900,#7901,#7902,#7903,#7904,#7905,#7906,#7907,
#7908,#7909,#7910),(#7911,#7912,#7913,#7914,#7915,#7916,#7917,#7918,#7919,
#7920,#7921,#7922,#7923,#7924,#7925,#7926,#7927,#7928,#7929,#7930),(#7931,
#7932,#7933,#7934,#7935,#7936,#7937,#7938,#7939,#7940,#7941,#7942,#7943,
#7944,#7945,#7946,#7947,#7948,#7949,#7950),(#7951,#7952,#7953,#7954,#7955,
#7956,#7957,#7958,#7959,#7960,#7961,#7962,#7963,#7964,#7965,#7966,#7967,
#7968,#7969,#7970),(#7971,#7972,#7973,#7974,#7975,#7976,#7977,#7978,#7979,
#7980,#7981,#7982,#7983,#7984,#7985,#7986,#7987,#7988,#7989,#7990)),
 .UNSPECIFIED.,.F.,.F.,.F.,(4,1,4),(4,1,1,1,1,1,1,1,1,1,1,1,1,1,1,1,1,4),
(0.,0.571428571428571,1.),(-3.83209139226873E-12,0.000135603356677797,0.000271206717187684,
0.00054241343820746,0.00108482688024701,0.00216965376432612,0.002305257124836,
0.00244086048534589,0.00257646384585578,0.00271206720636567,0.00325448064840522,
0.00433930753248432,0.00542413441656342,0.00650896130064253,0.00705137474268208,
0.00732258146370185,0.00745818482421174,0.00759378818472163),
 .UNSPECIFIED.);
#92=B_SPLINE_SURFACE_WITH_KNOTS('',3,3,((#8052,#8053,#8054,#8055,#8056,
#8057,#8058,#8059,#8060,#8061,#8062,#8063,#8064,#8065,#8066,#8067,#8068,
#8069,#8070),(#8071,#8072,#8073,#8074,#8075,#8076,#8077,#8078,#8079,#8080,
#8081,#8082,#8083,#8084,#8085,#8086,#8087,#8088,#8089),(#8090,#8091,#8092,
#8093,#8094,#8095,#8096,#8097,#8098,#8099,#8100,#8101,#8102,#8103,#8104,
#8105,#8106,#8107,#8108),(#8109,#8110,#8111,#8112,#8113,#8114,#8115,#8116,
#8117,#8118,#8119,#8120,#8121,#8122,#8123,#8124,#8125,#8126,#8127),(#8128,
#8129,#8130,#8131,#8132,#8133,#8134,#8135,#8136,#8137,#8138,#8139,#8140,
#8141,#8142,#8143,#8144,#8145,#8146),(#8147,#8148,#8149,#8150,#8151,#8152,
#8153,#8154,#8155,#8156,#8157,#8158,#8159,#8160,#8161,#8162,#8163,#8164,
#8165)),.UNSPECIFIED.,.F.,.F.,.F.,(4,1,1,4),(4,1,1,1,1,1,1,1,1,1,1,1,1,
1,1,1,4),(0.,0.285714285714286,0.571428571428571,1.),(-3.20420745480581E-9,
1.6951134345737E-5,3.39054728989289E-5,6.78141500053126E-5,0.00013563150421808,
0.000271266212643615,0.000542535629494684,0.000813805046345754,0.000949439754771288,
0.00108507446319682,0.0021701521306011,0.00325522979800538,0.00542538513281393,
0.00651046280021821,0.00705300163392035,0.00732427105077142,0.00759554046762249),
 .UNSPECIFIED.);
#93=B_SPLINE_SURFACE_WITH_KNOTS('',3,3,((#8211,#8212,#8213,#8214,#8215,
#8216,#8217,#8218,#8219,#8220,#8221,#8222,#8223,#8224),(#8225,#8226,#8227,
#8228,#8229,#8230,#8231,#8232,#8233,#8234,#8235,#8236,#8237,#8238),(#8239,
#8240,#8241,#8242,#8243,#8244,#8245,#8246,#8247,#8248,#8249,#8250,#8251,
#8252),(#8253,#8254,#8255,#8256,#8257,#8258,#8259,#8260,#8261,#8262,#8263,
#8264,#8265,#8266),(#8267,#8268,#8269,#8270,#8271,#8272,#8273,#8274,#8275,
#8276,#8277,#8278,#8279,#8280)),.UNSPECIFIED.,.F.,.F.,.F.,(4,1,4),(4,1,
1,1,1,1,1,1,1,1,1,4),(0.,0.571428571428571,1.),(-1.41320728811302E-12,0.0002712693010521,
0.000542538603517406,0.00108507720844802,0.00217015441830925,0.0043403088380317,
0.00542538604789293,0.00596792465282354,0.00651046325775416,0.00705300186268477,
0.00732427116515008,0.00759554046761539),.UNSPECIFIED.);
#94=B_SPLINE_SURFACE_WITH_KNOTS('',3,3,((#8330,#8331,#8332,#8333,#8334,
#8335,#8336,#8337,#8338,#8339,#8340,#8341,#8342,#8343,#8344,#8345,#8346),
(#8347,#8348,#8349,#8350,#8351,#8352,#8353,#8354,#8355,#8356,#8357,#8358,
#8359,#8360,#8361,#8362,#8363),(#8364,#8365,#8366,#8367,#8368,#8369,#8370,
#8371,#8372,#8373,#8374,#8375,#8376,#8377,#8378,#8379,#8380),(#8381,#8382,
#8383,#8384,#8385,#8386,#8387,#8388,#8389,#8390,#8391,#8392,#8393,#8394,
#8395,#8396,#8397),(#8398,#8399,#8400,#8401,#8402,#8403,#8404,#8405,#8406,
#8407,#8408,#8409,#8410,#8411,#8412,#8413,#8414)),.UNSPECIFIED.,.F.,.F.,
 .F.,(4,1,4),(4,1,1,1,1,1,1,1,1,1,1,1,1,1,4),(0.,0.571428571428571,1.),
(5.17956862606793E-15,0.000271206724722723,0.000542413449440267,0.00108482689887535,
0.00216965379774553,0.0023052571601043,0.00244086052246307,0.00271206724718061,
0.00433930759548588,0.00515292776963851,0.00542413449435605,0.00650896139322622,
0.00705137484266131,0.00732258156737885,0.0075937882920964),
 .UNSPECIFIED.);
#95=B_SPLINE_SURFACE_WITH_KNOTS('',3,3,((#8470,#8471,#8472,#8473,#8474,
#8475,#8476,#8477,#8478,#8479,#8480,#8481,#8482,#8483),(#8484,#8485,#8486,
#8487,#8488,#8489,#8490,#8491,#8492,#8493,#8494,#8495,#8496,#8497),(#8498,
#8499,#8500,#8501,#8502,#8503,#8504,#8505,#8506,#8507,#8508,#8509,#8510,
#8511),(#8512,#8513,#8514,#8515,#8516,#8517,#8518,#8519,#8520,#8521,#8522,
#8523,#8524,#8525),(#8526,#8527,#8528,#8529,#8530,#8531,#8532,#8533,#8534,
#8535,#8536,#8537,#8538,#8539)),.UNSPECIFIED.,.F.,.F.,.F.,(4,1,4),(4,1,
1,1,1,1,1,1,1,1,1,4),(0.,0.571428571428571,1.),(0.,0.000271293355148056,
0.000542586710296112,0.00108517342059222,0.00217034684118445,0.0043406936823689,
0.00542586710296112,0.00596845381325724,0.00651104052355335,0.00705362723384946,
0.00732492058899752,0.00759621394414557),.UNSPECIFIED.);
#96=B_SPLINE_SURFACE_WITH_KNOTS('',3,3,((#8607,#8608,#8609,#8610,#8611,
#8612,#8613,#8614,#8615,#8616,#8617,#8618,#8619,#8620),(#8621,#8622,#8623,
#8624,#8625,#8626,#8627,#8628,#8629,#8630,#8631,#8632,#8633,#8634),(#8635,
#8636,#8637,#8638,#8639,#8640,#8641,#8642,#8643,#8644,#8645,#8646,#8647,
#8648),(#8649,#8650,#8651,#8652,#8653,#8654,#8655,#8656,#8657,#8658,#8659,
#8660,#8661,#8662),(#8663,#8664,#8665,#8666,#8667,#8668,#8669,#8670,#8671,
#8672,#8673,#8674,#8675,#8676)),.UNSPECIFIED.,.F.,.F.,.F.,(4,1,4),(4,1,
1,1,1,1,1,1,1,1,1,4),(0.,0.571428571428571,1.),(-1.05748691166221E-14,0.000271171255368971,
0.000542342510748517,0.00108468502150761,0.0016270275322667,0.00216937004302579,
0.00325405506454398,0.00542342510758035,0.00650811012909853,0.00705045263985762,
0.00732162389523717,0.00759279515061671),.UNSPECIFIED.);
#97=B_SPLINE_SURFACE_WITH_KNOTS('',3,3,((#8743,#8744,#8745,#8746,#8747,
#8748,#8749,#8750,#8751,#8752,#8753),(#8754,#8755,#8756,#8757,#8758,#8759,
#8760,#8761,#8762,#8763,#8764),(#8765,#8766,#8767,#8768,#8769,#8770,#8771,
#8772,#8773,#8774,#8775),(#8776,#8777,#8778,#8779,#8780,#8781,#8782,#8783,
#8784,#8785,#8786),(#8787,#8788,#8789,#8790,#8791,#8792,#8793,#8794,#8795,
#8796,#8797)),.UNSPECIFIED.,.F.,.F.,.F.,(4,1,4),(4,2,1,1,1,2,4),(0.,0.571428571428571,
1.),(-0.146864263439756,-0.144941220299044,-0.103529443070746,-0.0621176658424475,
-0.0414117772282983,0.,0.00294427824177214),.UNSPECIFIED.);
#98=B_SPLINE_SURFACE_WITH_KNOTS('',3,1,((#8865,#8866),(#8867,#8868),(#8869,
#8870),(#8871,#8872)),.UNSPECIFIED.,.F.,.F.,.F.,(4,4),(2,2),(-1.,0.),(0.,
1.208),.UNSPECIFIED.);
#99=B_SPLINE_SURFACE_WITH_KNOTS('',3,1,((#8873,#8874),(#8875,#8876),(#8877,
#8878),(#8879,#8880),(#8881,#8882),(#8883,#8884),(#8885,#8886)),
 .UNSPECIFIED.,.F.,.F.,.F.,(4,3,4),(2,2),(-1.00838009910654,-1.,-0.00647890686069104),
(0.,1.208),.UNSPECIFIED.);
#100=B_SPLINE_SURFACE_WITH_KNOTS('',3,3,((#8928,#8929,#8930,#8931),(#8932,
#8933,#8934,#8935),(#8936,#8937,#8938,#8939),(#8940,#8941,#8942,#8943)),
 .UNSPECIFIED.,.F.,.F.,.F.,(4,4),(4,4),(0.,1.),(0.765776264790795,1.308),
 .UNSPECIFIED.);
#101=B_SPLINE_SURFACE_WITH_KNOTS('',3,1,((#8974,#8975),(#8976,#8977),(#8978,
#8979),(#8980,#8981)),.UNSPECIFIED.,.F.,.F.,.F.,(4,4),(2,2),(-1.,-3.41610448276532E-5),
(0.,1.208),.UNSPECIFIED.);
#102=B_SPLINE_SURFACE_WITH_KNOTS('',3,1,((#8984,#8985),(#8986,#8987),(#8988,
#8989),(#8990,#8991)),.UNSPECIFIED.,.F.,.F.,.F.,(4,4),(2,2),(-1.,0.),(0.,
1.208),.UNSPECIFIED.);
#103=B_SPLINE_SURFACE_WITH_KNOTS('',3,1,((#8994,#8995),(#8996,#8997),(#8998,
#8999),(#9000,#9001)),.UNSPECIFIED.,.F.,.F.,.F.,(4,4),(2,2),(-1.,-4.05265819325595E-5),
(0.,1.208),.UNSPECIFIED.);
#104=B_SPLINE_SURFACE_WITH_KNOTS('',3,1,((#9005,#9006),(#9007,#9008),(#9009,
#9010),(#9011,#9012)),.UNSPECIFIED.,.F.,.F.,.F.,(4,4),(2,2),(-1.,-4.05265819377253E-5),
(0.,1.208),.UNSPECIFIED.);
#105=B_SPLINE_SURFACE_WITH_KNOTS('',3,1,((#9015,#9016),(#9017,#9018),(#9019,
#9020),(#9021,#9022)),.UNSPECIFIED.,.F.,.F.,.F.,(4,4),(2,2),(-1.,0.),(0.,
1.208),.UNSPECIFIED.);
#106=B_SPLINE_SURFACE_WITH_KNOTS('',3,1,((#9025,#9026),(#9027,#9028),(#9029,
#9030),(#9031,#9032)),.UNSPECIFIED.,.F.,.F.,.F.,(4,4),(2,2),(-1.,-4.05264406176129E-5),
(0.,1.208),.UNSPECIFIED.);
#107=B_SPLINE_SURFACE_WITH_KNOTS('',3,1,((#9036,#9037),(#9038,#9039),(#9040,
#9041),(#9042,#9043)),.UNSPECIFIED.,.F.,.F.,.F.,(4,4),(2,2),(-1.,-4.05264398354936E-5),
(0.,1.208),.UNSPECIFIED.);
#108=CYLINDRICAL_SURFACE('',#3550,1.1);
#109=CYLINDRICAL_SURFACE('',#3554,1.1);
#110=CYLINDRICAL_SURFACE('',#3558,1.1);
#111=CYLINDRICAL_SURFACE('',#3562,1.1);
#112=CYLINDRICAL_SURFACE('',#3566,1.1);
#113=CYLINDRICAL_SURFACE('',#3595,4.);
#114=CYLINDRICAL_SURFACE('',#3599,2.);
#115=CYLINDRICAL_SURFACE('',#3602,2.);
#116=CYLINDRICAL_SURFACE('',#3605,4.);
#117=CYLINDRICAL_SURFACE('',#3611,5.70235449781832);
#118=CYLINDRICAL_SURFACE('',#3616,1.);
#119=CYLINDRICAL_SURFACE('',#3621,1.);
#120=CYLINDRICAL_SURFACE('',#3623,1.);
#121=CYLINDRICAL_SURFACE('',#3630,1.);
#122=CYLINDRICAL_SURFACE('',#3639,1.);
#123=CYLINDRICAL_SURFACE('',#3642,1.);
#124=CYLINDRICAL_SURFACE('',#3645,1.);
#125=CYLINDRICAL_SURFACE('',#3649,1.);
#126=CYLINDRICAL_SURFACE('',#3653,1.);
#127=CYLINDRICAL_SURFACE('',#3657,1.);
#128=CYLINDRICAL_SURFACE('',#3661,1.);
#129=CYLINDRICAL_SURFACE('',#3665,1.);
#130=CYLINDRICAL_SURFACE('',#3668,1.);
#131=CYLINDRICAL_SURFACE('',#3673,1.);
#132=CYLINDRICAL_SURFACE('',#3674,3.94);
#133=CYLINDRICAL_SURFACE('',#3676,29.3147640124277);
#134=CYLINDRICAL_SURFACE('',#3684,29.3132958208286);
#135=CYLINDRICAL_SURFACE('',#3686,3.94);
#136=CYLINDRICAL_SURFACE('',#3709,2.25234945185277);
#137=CYLINDRICAL_SURFACE('',#3714,1.);
#138=CYLINDRICAL_SURFACE('',#3717,1.);
#139=CYLINDRICAL_SURFACE('',#3723,1.);
#140=CYLINDRICAL_SURFACE('',#3730,1.);
#141=CYLINDRICAL_SURFACE('',#3733,1.);
#142=CYLINDRICAL_SURFACE('',#3736,1.);
#143=CYLINDRICAL_SURFACE('',#3742,1.);
#144=CYLINDRICAL_SURFACE('',#3745,1.);
#145=CYLINDRICAL_SURFACE('',#3751,1.);
#146=CYLINDRICAL_SURFACE('',#3754,1.);
#147=CYLINDRICAL_SURFACE('',#3757,1.);
#148=CYLINDRICAL_SURFACE('',#3763,1.);
#149=CYLINDRICAL_SURFACE('',#3766,1.);
#150=CYLINDRICAL_SURFACE('',#3772,1.);
#151=CYLINDRICAL_SURFACE('',#3775,1.);
#152=CYLINDRICAL_SURFACE('',#3781,1.);
#153=CYLINDRICAL_SURFACE('',#3784,1.);
#154=CYLINDRICAL_SURFACE('',#3785,1.);
#155=CYLINDRICAL_SURFACE('',#3786,1.);
#156=CYLINDRICAL_SURFACE('',#3802,1.);
#157=CYLINDRICAL_SURFACE('',#3807,1.);
#158=CYLINDRICAL_SURFACE('',#3808,2.86484007459329);
#159=CYLINDRICAL_SURFACE('',#3809,1.);
#160=CYLINDRICAL_SURFACE('',#3811,1.);
#161=CYLINDRICAL_SURFACE('',#3813,1.);
#162=CYLINDRICAL_SURFACE('',#3815,1.);
#163=CYLINDRICAL_SURFACE('',#3817,1.);
#164=CYLINDRICAL_SURFACE('',#3819,1.);
#165=CYLINDRICAL_SURFACE('',#3821,1.);
#166=CYLINDRICAL_SURFACE('',#3823,1.);
#167=CYLINDRICAL_SURFACE('',#3826,4.);
#168=CYLINDRICAL_SURFACE('',#3828,4.);
#169=CYLINDRICAL_SURFACE('',#3829,4.);
#170=CYLINDRICAL_SURFACE('',#3831,4.);
#171=FACE_BOUND('',#571,.T.);
#172=FACE_BOUND('',#572,.T.);
#173=FACE_BOUND('',#573,.T.);
#174=FACE_BOUND('',#574,.T.);
#175=FACE_BOUND('',#575,.T.);
#176=FACE_BOUND('',#695,.T.);
#177=FACE_BOUND('',#754,.T.);
#178=FACE_BOUND('',#755,.T.);
#179=FACE_BOUND('',#756,.T.);
#180=FACE_BOUND('',#757,.T.);
#181=FACE_BOUND('',#758,.T.);
#182=B_SPLINE_CURVE_WITH_KNOTS('',3,(#4715,#4716,#4717,#4718,#4719,#4720,
#4721,#4722,#4723,#4724,#4725,#4726,#4727),.UNSPECIFIED.,.F.,.F.,(4,3,3,
3,4),(0.0189099896828228,0.0209369098982784,0.517881055814071,1.,1.04570952855721),
 .UNSPECIFIED.);
#183=B_SPLINE_CURVE_WITH_KNOTS('',3,(#4747,#4748,#4749,#4750,#4751,#4752,
#4753,#4754,#4755,#4756,#4757,#4758),.UNSPECIFIED.,.F.,.F.,(4,3,1,1,1,1,
1,4),(6.93216188147846E-5,0.518701217524806,0.72501113046947,0.86255107243258,
0.931321043414135,0.965706028904912,0.982898521650301,1.00009101439569),
 .UNSPECIFIED.);
#184=B_SPLINE_CURVE_WITH_KNOTS('',3,(#4762,#4763,#4764,#4765,#4766,#4767,
#4768),.UNSPECIFIED.,.F.,.F.,(4,3,4),(6.93216243126305E-5,0.517936905271305,
0.999955090409935),.UNSPECIFIED.);
#185=B_SPLINE_CURVE_WITH_KNOTS('',3,(#4772,#4773,#4774,#4775,#4776),
 .UNSPECIFIED.,.F.,.F.,(4,1,4),(0.,0.571428571428571,1.),.UNSPECIFIED.);
#186=B_SPLINE_CURVE_WITH_KNOTS('',3,(#4778,#4779,#4780,#4781,#4782,#4783,
#4784),.UNSPECIFIED.,.F.,.F.,(4,3,4),(-5.83133837509938E-15,0.518239324640103,
0.712391659491647),.UNSPECIFIED.);
#187=B_SPLINE_CURVE_WITH_KNOTS('',3,(#4788,#4789,#4790,#4791),
 .UNSPECIFIED.,.F.,.F.,(4,4),(0.,0.298271159859604),.UNSPECIFIED.);
#188=B_SPLINE_CURVE_WITH_KNOTS('',3,(#4793,#4794,#4795,#4796),
 .UNSPECIFIED.,.F.,.F.,(4,4),(6.9321681023388E-5,0.474258819360993),
 .UNSPECIFIED.);
#189=B_SPLINE_CURVE_WITH_KNOTS('',3,(#4800,#4801,#4802,#4803),
 .UNSPECIFIED.,.F.,.F.,(4,4),(0.526634707000998,0.999955733075102),
 .UNSPECIFIED.);
#190=B_SPLINE_CURVE_WITH_KNOTS('',3,(#4805,#4806,#4807,#4808),
 .UNSPECIFIED.,.F.,.F.,(4,4),(0.,0.298636134050673),.UNSPECIFIED.);
#191=B_SPLINE_CURVE_WITH_KNOTS('',3,(#4812,#4813,#4814,#4815,#4816,#4817,
#4818),.UNSPECIFIED.,.F.,.F.,(4,3,4),(0.498812995188046,0.518229279802669,
0.999955059955735),.UNSPECIFIED.);
#192=B_SPLINE_CURVE_WITH_KNOTS('',3,(#4820,#4821,#4822,#4823),
 .UNSPECIFIED.,.F.,.F.,(4,4),(0.,0.315810797507196),.UNSPECIFIED.);
#193=B_SPLINE_CURVE_WITH_KNOTS('',3,(#4827,#4828,#4829,#4830),
 .UNSPECIFIED.,.F.,.F.,(4,4),(0.526647051101893,0.999952523268451),
 .UNSPECIFIED.);
#194=B_SPLINE_CURVE_WITH_KNOTS('',3,(#4832,#4833,#4834,#4835),
 .UNSPECIFIED.,.F.,.F.,(4,4),(0.,0.298638171108822),.UNSPECIFIED.);
#195=B_SPLINE_CURVE_WITH_KNOTS('',3,(#4839,#4840,#4841,#4842,#4843,#4844,
#4845),.UNSPECIFIED.,.F.,.F.,(4,3,4),(-1.21520694644745E-15,0.518046658679359,
0.99995891423059),.UNSPECIFIED.);
#196=B_SPLINE_CURVE_WITH_KNOTS('',3,(#4944,#4945,#4946,#4947),
 .UNSPECIFIED.,.F.,.F.,(4,4),(0.,1.00000205420067),.UNSPECIFIED.);
#197=B_SPLINE_CURVE_WITH_KNOTS('',3,(#4949,#4950,#4951,#4952,#4953,#4954),
 .UNSPECIFIED.,.F.,.F.,(4,2,4),(0.,0.0707322448332744,0.141464680256361),
 .UNSPECIFIED.);
#198=B_SPLINE_CURVE_WITH_KNOTS('',3,(#4955,#4956,#4957,#4958,#4959,#4960,
#4961,#4962,#4963,#4964),.UNSPECIFIED.,.F.,.F.,(4,3,3,4),(-1.06094603166928,
-1.,-0.517881055814071,-0.0209369098982784),.UNSPECIFIED.);
#199=B_SPLINE_CURVE_WITH_KNOTS('',3,(#5059,#5060,#5061,#5062,#5063,#5064,
#5065,#5066,#5067,#5068,#5069,#5070),.UNSPECIFIED.,.F.,.F.,(4,1,1,1,1,1,
3,4),(-1.,-0.982898521650301,-0.965706028904912,-0.931321043414135,-0.86255107243258,
-0.72501113046947,-0.518701217524806,-6.93216188147846E-5),
 .UNSPECIFIED.);
#200=B_SPLINE_CURVE_WITH_KNOTS('',3,(#5105,#5106,#5107,#5108,#5109,#5110,
#5111),.UNSPECIFIED.,.F.,.F.,(4,3,4),(-1.,-0.517936905271305,-6.93216243126305E-5),
 .UNSPECIFIED.);
#201=B_SPLINE_CURVE_WITH_KNOTS('',3,(#5137,#5138,#5139,#5140,#5141),
 .UNSPECIFIED.,.F.,.F.,(4,1,4),(-1.,-0.571428571428571,0.),
 .UNSPECIFIED.);
#202=B_SPLINE_CURVE_WITH_KNOTS('',3,(#5173,#5174,#5175,#5176,#5177,#5178,
#5179),.UNSPECIFIED.,.F.,.F.,(4,3,4),(-0.712391659491647,-0.518239324640103,
5.83133837509938E-15),.UNSPECIFIED.);
#203=B_SPLINE_CURVE_WITH_KNOTS('',3,(#5201,#5202,#5203,#5204),
 .UNSPECIFIED.,.F.,.F.,(4,4),(-0.298271159859604,0.),.UNSPECIFIED.);
#204=B_SPLINE_CURVE_WITH_KNOTS('',3,(#5224,#5225,#5226,#5227),
 .UNSPECIFIED.,.F.,.F.,(4,4),(-0.474258819360993,-6.9321681023388E-5),
 .UNSPECIFIED.);
#205=B_SPLINE_CURVE_WITH_KNOTS('',3,(#5250,#5251,#5252,#5253),
 .UNSPECIFIED.,.F.,.F.,(4,4),(-1.00000000000001,-0.526634707000998),
 .UNSPECIFIED.);
#206=B_SPLINE_CURVE_WITH_KNOTS('',3,(#5271,#5272,#5273,#5274),
 .UNSPECIFIED.,.F.,.F.,(4,4),(-0.298636134050673,0.),.UNSPECIFIED.);
#207=B_SPLINE_CURVE_WITH_KNOTS('',3,(#5310,#5311,#5312,#5313,#5314,#5315,
#5316),.UNSPECIFIED.,.F.,.F.,(4,3,4),(-1.,-0.518229279802669,-0.498812995188046),
 .UNSPECIFIED.);
#208=B_SPLINE_CURVE_WITH_KNOTS('',3,(#5334,#5335,#5336,#5337),
 .UNSPECIFIED.,.F.,.F.,(4,4),(-0.315810797507196,0.),.UNSPECIFIED.);
#209=B_SPLINE_CURVE_WITH_KNOTS('',3,(#5361,#5362,#5363,#5364),
 .UNSPECIFIED.,.F.,.F.,(4,4),(-1.,-0.526647051101893),.UNSPECIFIED.);
#210=B_SPLINE_CURVE_WITH_KNOTS('',3,(#5382,#5383,#5384,#5385),
 .UNSPECIFIED.,.F.,.F.,(4,4),(-0.298638171108822,0.),.UNSPECIFIED.);
#211=B_SPLINE_CURVE_WITH_KNOTS('',3,(#5421,#5422,#5423,#5424,#5425,#5426,
#5427),.UNSPECIFIED.,.F.,.F.,(4,3,4),(-1.,-0.518046658679359,1.21520694644745E-15),
 .UNSPECIFIED.);
#212=B_SPLINE_CURVE_WITH_KNOTS('',3,(#5451,#5452,#5453,#5454),
 .UNSPECIFIED.,.F.,.F.,(4,4),(-1.308,-0.0999999999999998),.UNSPECIFIED.);
#213=B_SPLINE_CURVE_WITH_KNOTS('',3,(#5456,#5457,#5458,#5459,#5460),
 .UNSPECIFIED.,.F.,.F.,(4,1,4),(0.,0.238775421995228,0.5571426513222),
 .UNSPECIFIED.);
#214=B_SPLINE_CURVE_WITH_KNOTS('',3,(#5461,#5462,#5463,#5464),
 .UNSPECIFIED.,.F.,.F.,(4,4),(0.0999999999999998,1.308),.UNSPECIFIED.);
#215=B_SPLINE_CURVE_WITH_KNOTS('',3,(#5485,#5486,#5487,#5488,#5489,#5490),
 .UNSPECIFIED.,.F.,.F.,(4,2,4),(-0.546790535477262,-0.263569223220052,-1.87337445924755E-16),
 .UNSPECIFIED.);
#216=B_SPLINE_CURVE_WITH_KNOTS('',3,(#5511,#5512,#5513,#5514,#5515,#5516,
#5517),.UNSPECIFIED.,.F.,.F.,(4,3,4),(-0.547074050529745,-0.263324328512465,
0.),.UNSPECIFIED.);
#217=B_SPLINE_CURVE_WITH_KNOTS('',3,(#5526,#5527,#5528,#5529),
 .UNSPECIFIED.,.F.,.F.,(4,4),(-0.19224287712772,-1.13078934340705E-15),
 .UNSPECIFIED.);
#218=B_SPLINE_CURVE_WITH_KNOTS('',3,(#5531,#5532,#5533,#5534),
 .UNSPECIFIED.,.F.,.F.,(4,4),(0.,0.18416257456337),.UNSPECIFIED.);
#219=B_SPLINE_CURVE_WITH_KNOTS('',3,(#5588,#5589,#5590,#5591,#5592,#5593,
#5594,#5595,#5596,#5597,#5598,#5599,#5600,#5601,#5602,#5603,#5604,#5605,
#5606),.UNSPECIFIED.,.F.,.F.,(4,2,1,1,1,1,1,1,2,1,1,1,2,4),(-0.684375411292049,
-0.684368285093044,-0.67375953599777,-0.663150786902496,-0.641933288711948,
-0.599498292330853,-0.514628299568663,-0.429758306806472,-0.344888314044282,
-0.179445241952082,-0.0967237059059826,-0.0553629378829327,-0.0140021698598829,
5.18057818862317E-14),.UNSPECIFIED.);
#220=B_SPLINE_CURVE_WITH_KNOTS('',3,(#5620,#5621,#5622,#5623),
 .UNSPECIFIED.,.F.,.F.,(4,4),(0.,0.118888135939797),.UNSPECIFIED.);
#221=B_SPLINE_CURVE_WITH_KNOTS('',3,(#5662,#5663,#5664,#5665,#5666,#5667,
#5668,#5669,#5670,#5671,#5672,#5673,#5674,#5675,#5676,#5677,#5678,#5679,
#5680,#5681,#5682,#5683,#5684,#5685,#5686,#5687,#5688,#5689,#5690,#5691,
#5692,#5693,#5694,#5695,#5696,#5697,#5698),.UNSPECIFIED.,.F.,.F.,(4,3,3,
3,3,3,3,3,3,3,3,3,4),(0.,0.133026658910868,0.266048117718098,0.399064836802214,
0.532077276370449,0.665127961873997,0.79816519717854,0.931190826260845,
1.06420669138355,1.19725466259526,1.33027828143267,1.46332102352512,1.57089619727094),
 .UNSPECIFIED.);
#222=B_SPLINE_CURVE_WITH_KNOTS('',3,(#5706,#5707,#5708,#5709,#5710,#5711,
#5712,#5713,#5714,#5715,#5716,#5717,#5718,#5719,#5720,#5721,#5722,#5723,
#5724,#5725,#5726,#5727,#5728,#5729,#5730,#5731,#5732,#5733,#5734,#5735,
#5736,#5737,#5738,#5739,#5740,#5741,#5742),.UNSPECIFIED.,.F.,.F.,(4,3,3,
3,3,3,3,3,3,3,3,3,4),(0.,0.133018169063656,0.266031137707324,0.39903936582889,
0.532043313220673,0.665085501424701,0.798114238388447,0.931131367968353,
1.06413873240792,1.19717819866655,1.33019331305095,1.46322754864156,1.57079651885502),
 .UNSPECIFIED.);
#223=B_SPLINE_CURVE_WITH_KNOTS('',3,(#5774,#5775,#5776,#5777),
 .UNSPECIFIED.,.F.,.F.,(4,4),(1.13078934340705E-15,0.19224287712772),
 .UNSPECIFIED.);
#224=B_SPLINE_CURVE_WITH_KNOTS('',3,(#5799,#5800,#5801,#5802),
 .UNSPECIFIED.,.F.,.F.,(4,4),(-0.18416257456337,0.),.UNSPECIFIED.);
#225=B_SPLINE_CURVE_WITH_KNOTS('',3,(#5843,#5844,#5845,#5846,#5847,#5848,
#5849,#5850,#5851,#5852),.UNSPECIFIED.,.F.,.F.,(4,2,2,2,4),(0.,0.101320545290111,
0.263433417754288,0.403663121628661,0.547074050529745),.UNSPECIFIED.);
#226=B_SPLINE_CURVE_WITH_KNOTS('',3,(#5889,#5890,#5891,#5892,#5893,#5894),
 .UNSPECIFIED.,.F.,.F.,(4,2,4),(2.53492005972149E-5,0.263569223220052,0.546790535477262),
 .UNSPECIFIED.);
#227=B_SPLINE_CURVE_WITH_KNOTS('',3,(#5926,#5927,#5928,#5929,#5930),
 .UNSPECIFIED.,.F.,.F.,(4,1,4),(-0.5571426513222,-0.238775421995228,0.),
 .UNSPECIFIED.);
#228=B_SPLINE_CURVE_WITH_KNOTS('',3,(#5963,#5964,#5965,#5966,#5967,#5968),
 .UNSPECIFIED.,.F.,.F.,(4,2,4),(1.31990467088493E-16,0.104051369244237,
0.386985828065391),.UNSPECIFIED.);
#229=B_SPLINE_CURVE_WITH_KNOTS('',3,(#5971,#5972,#5973,#5974,#5975,#5976),
 .UNSPECIFIED.,.F.,.F.,(4,2,4),(-0.386985828065391,-0.104051369244237,-1.31990467088493E-16),
 .UNSPECIFIED.);
#230=B_SPLINE_CURVE_WITH_KNOTS('',3,(#6006,#6007,#6008,#6009),
 .UNSPECIFIED.,.F.,.F.,(4,4),(-0.371757005429636,0.),.UNSPECIFIED.);
#231=B_SPLINE_CURVE_WITH_KNOTS('',3,(#6010,#6011,#6012,#6013),
 .UNSPECIFIED.,.F.,.F.,(4,4),(0.,0.371757005429636),.UNSPECIFIED.);
#232=B_SPLINE_CURVE_WITH_KNOTS('',3,(#6035,#6036,#6037,#6038),
 .UNSPECIFIED.,.F.,.F.,(4,4),(-0.261108536938783,0.),.UNSPECIFIED.);
#233=B_SPLINE_CURVE_WITH_KNOTS('',3,(#6041,#6042,#6043,#6044),
 .UNSPECIFIED.,.F.,.F.,(4,4),(0.,0.261108536938783),.UNSPECIFIED.);
#234=B_SPLINE_CURVE_WITH_KNOTS('',3,(#6072,#6073,#6074,#6075),
 .UNSPECIFIED.,.F.,.F.,(4,4),(-0.260557502162391,0.),.UNSPECIFIED.);
#235=B_SPLINE_CURVE_WITH_KNOTS('',3,(#6078,#6079,#6080,#6081),
 .UNSPECIFIED.,.F.,.F.,(4,4),(0.,0.26058248846558),.UNSPECIFIED.);
#236=B_SPLINE_CURVE_WITH_KNOTS('',3,(#6105,#6106,#6107,#6108),
 .UNSPECIFIED.,.F.,.F.,(4,4),(-0.37220924156278,0.),.UNSPECIFIED.);
#237=B_SPLINE_CURVE_WITH_KNOTS('',3,(#6109,#6110,#6111,#6112),
 .UNSPECIFIED.,.F.,.F.,(4,4),(0.,0.37220924156278),.UNSPECIFIED.);
#238=B_SPLINE_CURVE_WITH_KNOTS('',3,(#6150,#6151,#6152,#6153,#6154,#6155),
 .UNSPECIFIED.,.F.,.F.,(4,2,4),(2.53572992331837E-5,0.26393573037155,0.274325290896365),
 .UNSPECIFIED.);
#239=B_SPLINE_CURVE_WITH_KNOTS('',3,(#6158,#6159,#6160,#6161,#6162,#6163),
 .UNSPECIFIED.,.F.,.F.,(4,2,4),(-0.274325290896365,-0.26393573037155,1.71278828120127E-16),
 .UNSPECIFIED.);
#240=B_SPLINE_CURVE_WITH_KNOTS('',3,(#6187,#6188,#6189,#6190),
 .UNSPECIFIED.,.F.,.F.,(4,4),(-0.393478525841872,0.),.UNSPECIFIED.);
#241=B_SPLINE_CURVE_WITH_KNOTS('',3,(#6191,#6192,#6193,#6194),
 .UNSPECIFIED.,.F.,.F.,(4,4),(0.,0.393478525841872),.UNSPECIFIED.);
#242=B_SPLINE_CURVE_WITH_KNOTS('',3,(#6222,#6223,#6224,#6225),
 .UNSPECIFIED.,.F.,.F.,(4,4),(-0.260546257359819,0.),.UNSPECIFIED.);
#243=B_SPLINE_CURVE_WITH_KNOTS('',3,(#6228,#6229,#6230,#6231),
 .UNSPECIFIED.,.F.,.F.,(4,4),(0.,0.26057305381595),.UNSPECIFIED.);
#244=B_SPLINE_CURVE_WITH_KNOTS('',3,(#6255,#6256,#6257,#6258),
 .UNSPECIFIED.,.F.,.F.,(4,4),(-0.372211765635221,-1.99493199737384E-15),
 .UNSPECIFIED.);
#245=B_SPLINE_CURVE_WITH_KNOTS('',3,(#6259,#6260,#6261,#6262),
 .UNSPECIFIED.,.F.,.F.,(4,4),(1.99493199737384E-15,0.372211765635221),
 .UNSPECIFIED.);
#246=B_SPLINE_CURVE_WITH_KNOTS('',3,(#6300,#6301,#6302,#6303,#6304,#6305),
 .UNSPECIFIED.,.F.,.F.,(4,2,4),(2.31839315857138E-5,0.263425340812933,0.546673286439226),
 .UNSPECIFIED.);
#247=B_SPLINE_CURVE_WITH_KNOTS('',3,(#6308,#6309,#6310,#6311,#6312,#6313),
 .UNSPECIFIED.,.F.,.F.,(4,2,4),(-0.546673286439226,-0.263425340812933,0.),
 .UNSPECIFIED.);
#248=B_SPLINE_CURVE_WITH_KNOTS('',3,(#6338,#6339,#6340,#6341),
 .UNSPECIFIED.,.F.,.F.,(4,4),(-0.118888135939797,0.),.UNSPECIFIED.);
#249=B_SPLINE_CURVE_WITH_KNOTS('',3,(#6388,#6389,#6390,#6391),
 .UNSPECIFIED.,.F.,.F.,(4,4),(1.02218133290252,1.57079634241447),
 .UNSPECIFIED.);
#250=B_SPLINE_CURVE_WITH_KNOTS('',3,(#6395,#6396,#6397,#6398,#6399,#6400,
#6401,#6402,#6403,#6404,#6405,#6406,#6407,#6408,#6409,#6410,#6411,#6412,
#6413,#6414,#6415,#6416,#6417,#6418,#6419,#6420,#6421,#6422,#6423,#6424,
#6425,#6426,#6427,#6428,#6429,#6430,#6431,#6432,#6433,#6434,#6435,#6436,
#6437),.UNSPECIFIED.,.F.,.F.,(4,3,3,3,3,3,3,3,3,3,3,3,3,3,4),(-0.157624379613221,
-0.157130819874935,-0.144058516714509,-0.130591292484428,-0.117176247652096,
-0.103721858211418,-0.0903902928878118,-0.0780967204840315,-0.0675489742323268,
-0.0543047855099463,-0.040908571023787,-0.039042054021088,-0.025665479591301,
-0.0124141388123688,0.),.UNSPECIFIED.);
#251=B_SPLINE_CURVE_WITH_KNOTS('',3,(#6533,#6534,#6535,#6536,#6537,#6538,
#6539,#6540,#6541,#6542,#6543,#6544,#6545,#6546,#6547,#6548,#6549,#6550,
#6551),.UNSPECIFIED.,.F.,.F.,(4,2,1,1,1,2,1,1,1,1,1,1,2,4),(0.00350056402334718,
0.0140021698598829,0.0553629378829327,0.0967237059059826,0.179445241952082,
0.344888314044282,0.429758306806472,0.514628299568663,0.599498292330853,
0.641933288711948,0.663150786902496,0.67375953599777,0.684368285093044,
0.686140730755156),.UNSPECIFIED.);
#252=B_SPLINE_CURVE_WITH_KNOTS('',3,(#6562,#6563,#6564,#6565),
 .UNSPECIFIED.,.F.,.F.,(4,4),(0.150701224457972,0.178229577478608),
 .UNSPECIFIED.);
#253=B_SPLINE_CURVE_WITH_KNOTS('',3,(#6573,#6574,#6575,#6576,#6577,#6578,
#6579),.UNSPECIFIED.,.F.,.F.,(4,3,4),(-0.0941228544640905,-0.000787262111976998,
0.),.UNSPECIFIED.);
#254=B_SPLINE_CURVE_WITH_KNOTS('',3,(#6605,#6606,#6607,#6608,#6609,#6610),
 .UNSPECIFIED.,.F.,.F.,(4,2,4),(0.225379508169764,0.257416853423959,0.34246275747473),
 .UNSPECIFIED.);
#255=B_SPLINE_CURVE_WITH_KNOTS('',3,(#6628,#6629,#6630,#6631),
 .UNSPECIFIED.,.F.,.F.,(4,4),(-1.308,-0.0999999999999999),.UNSPECIFIED.);
#256=B_SPLINE_CURVE_WITH_KNOTS('',3,(#6648,#6649,#6650,#6651),
 .UNSPECIFIED.,.F.,.F.,(4,4),(0.0999999999999999,1.308),.UNSPECIFIED.);
#257=B_SPLINE_CURVE_WITH_KNOTS('',3,(#6683,#6684,#6685,#6686),
 .UNSPECIFIED.,.F.,.F.,(4,4),(-1.308,-0.1),.UNSPECIFIED.);
#258=B_SPLINE_CURVE_WITH_KNOTS('',3,(#6703,#6704,#6705,#6706),
 .UNSPECIFIED.,.F.,.F.,(4,4),(0.1,1.308),.UNSPECIFIED.);
#259=B_SPLINE_CURVE_WITH_KNOTS('',3,(#6723,#6724,#6725,#6726),
 .UNSPECIFIED.,.F.,.F.,(4,4),(-1.308,-0.1),.UNSPECIFIED.);
#260=B_SPLINE_CURVE_WITH_KNOTS('',3,(#6743,#6744,#6745,#6746),
 .UNSPECIFIED.,.F.,.F.,(4,4),(0.1,1.308),.UNSPECIFIED.);
#261=B_SPLINE_CURVE_WITH_KNOTS('',3,(#6776,#6777,#6778,#6779),
 .UNSPECIFIED.,.F.,.F.,(4,4),(-0.75022373520886,-0.1),.UNSPECIFIED.);
#262=B_SPLINE_CURVE_WITH_KNOTS('',3,(#6781,#6782,#6783,#6784),
 .UNSPECIFIED.,.F.,.F.,(4,4),(-3.09614236058231,-3.08167947056069),
 .UNSPECIFIED.);
#263=B_SPLINE_CURVE_WITH_KNOTS('',3,(#6786,#6787,#6788,#6789),
 .UNSPECIFIED.,.F.,.F.,(4,4),(-3.11061536444492,-3.09614234654438),
 .UNSPECIFIED.);
#264=B_SPLINE_CURVE_WITH_KNOTS('',3,(#6790,#6791,#6792,#6793),
 .UNSPECIFIED.,.F.,.F.,(4,4),(-1.308,-0.765776264790795),.UNSPECIFIED.);
#265=B_SPLINE_CURVE_WITH_KNOTS('',3,(#6811,#6812,#6813,#6814),
 .UNSPECIFIED.,.F.,.F.,(4,4),(0.1,0.379336969256354),.UNSPECIFIED.);
#266=B_SPLINE_CURVE_WITH_KNOTS('',3,(#6815,#6816,#6817,#6818,#6819,#6820,
#6821,#6822,#6823,#6824,#6825,#6826,#6827,#6828),.UNSPECIFIED.,.F.,.F.,
(4,2,2,2,2,2,4),(0.,0.124402823512559,0.265956656055832,0.417317228103335,
0.468522997182411,0.488181868701979,0.503248741467591),.UNSPECIFIED.);
#267=B_SPLINE_CURVE_WITH_KNOTS('',3,(#6831,#6832,#6833,#6834),
 .UNSPECIFIED.,.F.,.F.,(4,4),(1.13666303074342,1.308),.UNSPECIFIED.);
#268=B_SPLINE_CURVE_WITH_KNOTS('',3,(#6877,#6878,#6879,#6880),
 .UNSPECIFIED.,.F.,.F.,(4,4),(-1.,-4.05264398354936E-5),.UNSPECIFIED.);
#269=B_SPLINE_CURVE_WITH_KNOTS('',3,(#6884,#6885,#6886,#6887),
 .UNSPECIFIED.,.F.,.F.,(4,4),(-1.,-4.05264406176129E-5),.UNSPECIFIED.);
#270=B_SPLINE_CURVE_WITH_KNOTS('',3,(#6895,#6896,#6897,#6898),
 .UNSPECIFIED.,.F.,.F.,(4,4),(-1.,0.),.UNSPECIFIED.);
#271=B_SPLINE_CURVE_WITH_KNOTS('',3,(#6906,#6907,#6908,#6909),
 .UNSPECIFIED.,.F.,.F.,(4,4),(-1.,-4.05265819377253E-5),.UNSPECIFIED.);
#272=B_SPLINE_CURVE_WITH_KNOTS('',3,(#6913,#6914,#6915,#6916),
 .UNSPECIFIED.,.F.,.F.,(4,4),(-1.,-4.05265819325595E-5),.UNSPECIFIED.);
#273=B_SPLINE_CURVE_WITH_KNOTS('',3,(#6924,#6925,#6926,#6927),
 .UNSPECIFIED.,.F.,.F.,(4,4),(-1.,0.),.UNSPECIFIED.);
#274=B_SPLINE_CURVE_WITH_KNOTS('',3,(#6935,#6936,#6937,#6938),
 .UNSPECIFIED.,.F.,.F.,(4,4),(-1.,-3.41610448276532E-5),.UNSPECIFIED.);
#275=B_SPLINE_CURVE_WITH_KNOTS('',3,(#6946,#6947,#6948,#6949),
 .UNSPECIFIED.,.F.,.F.,(4,4),(-1.,0.),.UNSPECIFIED.);
#276=B_SPLINE_CURVE_WITH_KNOTS('',3,(#6998,#6999,#7000,#7001,#7002,#7003,
#7004,#7005,#7006,#7007,#7008,#7009,#7010,#7011,#7012,#7013,#7014,#7015,
#7016,#7017,#7018,#7019,#7020,#7021,#7022,#7023,#7024,#7025,#7026,#7027,
#7028,#7029,#7030,#7031,#7032,#7033,#7034),.UNSPECIFIED.,.F.,.F.,(4,3,3,
3,3,3,3,3,3,3,3,3,4),(0.,0.13301707106296,0.26602891992806,0.399035991230344,
0.532038731780625,0.665079622538066,0.798106998217836,0.931122702573047,
1.06412858114536,1.1971664865088,1.33018000471513,1.46321261608285,1.5708029851088),
 .UNSPECIFIED.);
#277=B_SPLINE_CURVE_WITH_KNOTS('',3,(#7578,#7579,#7580,#7581,#7582,#7583,
#7584,#7585,#7586,#7587,#7588,#7589,#7590,#7591,#7592,#7593,#7594,#7595,
#7596,#7597,#7598,#7599,#7600,#7601,#7602,#7603,#7604,#7605,#7606,#7607,
#7608,#7609,#7610,#7611,#7612,#7613,#7614,#7615,#7616,#7617,#7618,#7619,
#7620,#7621,#7622,#7623,#7624,#7625,#7626,#7627,#7628,#7629,#7630,#7631,
#7632,#7633,#7634,#7635),.UNSPECIFIED.,.F.,.F.,(4,1,1,1,1,1,1,1,1,1,1,1,
1,1,1,1,1,1,1,1,1,1,1,1,1,1,1,1,1,1,1,1,1,1,1,1,1,1,1,1,1,1,1,1,1,1,1,1,
1,1,1,1,1,1,1,4),(-6.65706359365286E-5,0.000205762170188313,0.000206294070200275,
0.000206825970212238,0.000207889770236163,0.000210017370284013,0.000214272570379714,
0.000218527770475415,0.000222782970571115,0.000231293370762517,0.000239803770953918,
0.000256824571336721,0.000265334971528122,0.000273845371719523,0.000290866172102326,
0.000299376572293727,0.000307886972485128,0.000324907772867931,0.000341928573250733,
0.000375970174016339,0.000392990974399141,0.000410011774781944,0.000444053375547549,
0.000478094976313154,0.000614261379375575,0.00071638618167239,0.000750427782437995,
0.00102276058856284,0.00129509339468768,0.0014312597977501,0.00149934299928131,
0.00156742620081252,0.00170359260387494,0.00183975900693736,0.00190784220846857,
0.00197592540999978,0.0021120918130622,0.00238442461918704,0.00245250782071825,
0.00248654942148386,0.00252059102224946,0.00258867422378067,0.00265675742531188,
0.00279292382837431,0.00292909023143673,0.00306525663449915,0.00320142303756157,
0.00374608864981125,0.00429075426206093,0.00483541987431062,0.0053800854865603,
0.00592475109880998,0.00646941671105966,0.00701408232330935,0.00728641512943419,
0.00755874793555903),.UNSPECIFIED.);
#278=B_SPLINE_CURVE_WITH_KNOTS('',3,(#7638,#7639,#7640,#7641,#7642,#7643,
#7644,#7645,#7646,#7647,#7648,#7649,#7650,#7651,#7652,#7653,#7654,#7655,
#7656,#7657,#7658,#7659,#7660,#7661,#7662,#7663,#7664,#7665,#7666,#7667,
#7668,#7669,#7670,#7671,#7672,#7673,#7674,#7675,#7676,#7677,#7678,#7679,
#7680,#7681,#7682,#7683,#7684,#7685,#7686,#7687,#7688,#7689,#7690,#7691,
#7692,#7693,#7694,#7695),.UNSPECIFIED.,.F.,.F.,(4,1,1,1,1,1,1,1,1,1,1,1,
1,1,1,1,1,1,1,1,1,1,1,1,1,1,1,1,1,1,1,1,1,1,1,1,1,1,1,1,1,1,1,1,1,1,1,1,
1,1,1,1,1,1,1,4),(-0.00755874793555903,-0.00728641512943419,-0.00701408232330935,
-0.00646941671105966,-0.00592475109880998,-0.0053800854865603,-0.00483541987431062,
-0.00429075426206093,-0.00374608864981125,-0.00320142303756157,-0.00306525663449915,
-0.00292909023143673,-0.00279292382837431,-0.00265675742531188,-0.00258867422378067,
-0.00252059102224946,-0.00248654942148386,-0.00245250782071825,-0.00238442461918704,
-0.0021120918130622,-0.00197592540999978,-0.00190784220846857,-0.00183975900693736,
-0.00170359260387494,-0.00156742620081252,-0.00149934299928131,-0.0014312597977501,
-0.00129509339468768,-0.00102276058856284,-0.000750427782437995,-0.00071638618167239,
-0.000614261379375575,-0.000478094976313154,-0.000444053375547549,-0.000410011774781944,
-0.000392990974399141,-0.000375970174016339,-0.000341928573250733,-0.000324907772867931,
-0.000307886972485128,-0.000299376572293727,-0.000290866172102326,-0.000273845371719523,
-0.000265334971528122,-0.000256824571336721,-0.000239803770953918,-0.000231293370762517,
-0.000222782970571115,-0.000218527770475415,-0.000214272570379714,-0.000210017370284013,
-0.000207889770236163,-0.000206825970212238,-0.000206294070200275,-0.000205762170188313,
4.86701767345253E-5),.UNSPECIFIED.);
#279=B_SPLINE_CURVE_WITH_KNOTS('',3,(#7823,#7824,#7825,#7826,#7827,#7828,
#7829,#7830,#7831,#7832,#7833,#7834,#7835,#7836,#7837,#7838,#7839,#7840,
#7841,#7842,#7843,#7844,#7845,#7846),.UNSPECIFIED.,.F.,.F.,(4,1,1,1,1,1,
1,1,1,1,1,1,1,1,1,1,1,1,1,1,1,4),(2.53530999223896E-5,3.3908009620143E-5,
6.78160273416916E-5,0.000135632062784789,0.000271264133670983,0.000542528275443372,
0.00108505655898815,0.0021701131260777,0.0023057451969639,0.00244137726785009,
0.00257700933873629,0.00271264140962248,0.00298390555139487,0.00325516969316726,
0.00542528282734637,0.00596781111089115,0.00623907525266353,0.00637470732354973,
0.00651033939443592,0.0070528676779807,0.00732413181975309,0.00759539596152548),
 .UNSPECIFIED.);
#280=B_SPLINE_CURVE_WITH_KNOTS('',3,(#7849,#7850,#7851,#7852,#7853,#7854,
#7855,#7856,#7857,#7858,#7859,#7860,#7861,#7862,#7863,#7864,#7865,#7866,
#7867,#7868,#7869,#7870,#7871,#7872),.UNSPECIFIED.,.F.,.F.,(4,1,1,1,1,1,
1,1,1,1,1,1,1,1,1,1,1,1,1,1,1,4),(-0.00759539596152548,-0.00732413181975309,
-0.0070528676779807,-0.00651033939443592,-0.00637470732354973,-0.00623907525266353,
-0.00596781111089115,-0.00542528282734637,-0.00325516969316726,-0.00298390555139487,
-0.00271264140962248,-0.00257700933873629,-0.00244137726785009,-0.0023057451969639,
-0.0021701131260777,-0.00108505655898815,-0.000542528275443372,-0.000271264133670983,
-0.000135632062784789,-6.78160273416916E-5,-3.3908009620143E-5,8.10140559301425E-12),
 .UNSPECIFIED.);
#281=B_SPLINE_CURVE_WITH_KNOTS('',3,(#7992,#7993,#7994,#7995,#7996,#7997,
#7998,#7999,#8000,#8001,#8002,#8003,#8004,#8005,#8006,#8007,#8008,#8009,
#8010,#8011),.UNSPECIFIED.,.F.,.F.,(4,1,1,1,1,1,1,1,1,1,1,1,1,1,1,1,1,4),
(2.49984292069186E-5,0.000135603356677797,0.000271206717187684,0.00054241343820746,
0.00108482688024701,0.00216965376432612,0.002305257124836,0.00244086048534589,
0.00257646384585578,0.00271206720636567,0.00325448064840522,0.00433930753248432,
0.00542413441656342,0.00650896130064253,0.00705137474268208,0.00732258146370185,
0.00745818482421174,0.00759378818472163),.UNSPECIFIED.);
#282=B_SPLINE_CURVE_WITH_KNOTS('',3,(#8014,#8015,#8016,#8017,#8018,#8019,
#8020,#8021,#8022,#8023,#8024,#8025,#8026,#8027,#8028,#8029,#8030,#8031,
#8032,#8033),.UNSPECIFIED.,.F.,.F.,(4,1,1,1,1,1,1,1,1,1,1,1,1,1,1,1,1,4),
(-0.00759378818472163,-0.00745818482421174,-0.00732258146370185,-0.00705137474268208,
-0.00650896130064253,-0.00542413441656342,-0.00433930753248432,-0.00325448064840522,
-0.00271206720636567,-0.00257646384585578,-0.00244086048534589,-0.002305257124836,
-0.00216965376432612,-0.00108482688024701,-0.00054241343820746,-0.000271206717187684,
-0.000135603356677797,3.83209139226873E-12),.UNSPECIFIED.);
#283=B_SPLINE_CURVE_WITH_KNOTS('',3,(#8167,#8168,#8169,#8170,#8171,#8172,
#8173,#8174,#8175,#8176,#8177,#8178,#8179,#8180,#8181,#8182,#8183),
 .UNSPECIFIED.,.F.,.F.,(4,1,1,1,1,1,1,1,1,1,1,1,1,1,4),(4.55443643325247E-5,
6.78141500053126E-5,0.00013563150421808,0.000271266212643615,0.000542535629494684,
0.000813805046345754,0.000949439754771288,0.00108507446319682,0.0021701521306011,
0.00325522979800538,0.00542538513281393,0.00651046280021821,0.00705300163392035,
0.00732427105077142,0.00759554046762249),.UNSPECIFIED.);
#284=B_SPLINE_CURVE_WITH_KNOTS('',3,(#8186,#8187,#8188,#8189,#8190,#8191,
#8192,#8193,#8194,#8195,#8196,#8197,#8198,#8199,#8200,#8201,#8202,#8203,
#8204),.UNSPECIFIED.,.F.,.F.,(4,1,1,1,1,1,1,1,1,1,1,1,1,1,1,1,4),(-0.00759554046762249,
-0.00732427105077142,-0.00705300163392035,-0.00651046280021821,-0.00542538513281393,
-0.00325522979800538,-0.0021701521306011,-0.00108507446319682,-0.000949439754771288,
-0.000813805046345754,-0.000542535629494684,-0.000271266212643615,-0.00013563150421808,
-6.78141500053126E-5,-3.39054728989289E-5,-1.6951134345737E-5,-1.63889306267078E-13),
 .UNSPECIFIED.);
#285=B_SPLINE_CURVE_WITH_KNOTS('',3,(#8282,#8283,#8284,#8285,#8286,#8287,
#8288,#8289,#8290,#8291,#8292,#8293,#8294,#8295),.UNSPECIFIED.,.F.,.F.,
(4,1,1,1,1,1,1,1,1,1,1,4),(2.49885669499871E-5,0.0002712693010521,0.000542538603517406,
0.00108507720844802,0.00217015441830925,0.0043403088380317,0.00542538604789293,
0.00596792465282354,0.00651046325775416,0.00705300186268477,0.00732427116515008,
0.00759554046761539),.UNSPECIFIED.);
#286=B_SPLINE_CURVE_WITH_KNOTS('',3,(#8298,#8299,#8300,#8301,#8302,#8303,
#8304,#8305,#8306,#8307,#8308,#8309,#8310,#8311),.UNSPECIFIED.,.F.,.F.,
(4,1,1,1,1,1,1,1,1,1,1,4),(-0.00759554046761539,-0.00732427116515008,-0.00705300186268477,
-0.00651046325775416,-0.00596792465282354,-0.00542538604789293,-0.0043403088380317,
-0.00217015441830925,-0.00108507720844802,-0.000542538603517406,-0.0002712693010521,
1.41320728811302E-12),.UNSPECIFIED.);
#287=B_SPLINE_CURVE_WITH_KNOTS('',3,(#8416,#8417,#8418,#8419,#8420,#8421,
#8422,#8423,#8424,#8425,#8426,#8427,#8428,#8429,#8430,#8431,#8432),
 .UNSPECIFIED.,.F.,.F.,(4,1,1,1,1,1,1,1,1,1,1,1,1,1,4),(2.5359918683497E-5,
0.000271206724722723,0.000542413449440267,0.00108482689887535,0.00216965379774553,
0.0023052571601043,0.00244086052246307,0.00271206724718061,0.00433930759548588,
0.00515292776963851,0.00542413449435605,0.00650896139322622,0.00705137484266131,
0.00732258156737885,0.0075937882920964),.UNSPECIFIED.);
#288=B_SPLINE_CURVE_WITH_KNOTS('',3,(#8435,#8436,#8437,#8438,#8439,#8440,
#8441,#8442,#8443,#8444,#8445,#8446,#8447,#8448,#8449,#8450,#8451),
 .UNSPECIFIED.,.F.,.F.,(4,1,1,1,1,1,1,1,1,1,1,1,1,1,4),(-0.0075937882920964,
-0.00732258156737885,-0.00705137484266131,-0.00650896139322622,-0.00542413449435605,
-0.00515292776963851,-0.00433930759548588,-0.00271206724718061,-0.00244086052246307,
-0.0023052571601043,-0.00216965379774553,-0.00108482689887535,-0.000542413449440267,
-0.000271206724722723,-5.17956862606793E-15),.UNSPECIFIED.);
#289=B_SPLINE_CURVE_WITH_KNOTS('',3,(#8541,#8542,#8543,#8544,#8545,#8546,
#8547,#8548,#8549,#8550,#8551,#8552,#8553,#8554),.UNSPECIFIED.,.F.,.F.,
(4,1,1,1,1,1,1,1,1,1,1,4),(2.6801356049509E-5,0.000271293355148056,0.000542586710296112,
0.00108517342059222,0.00217034684118445,0.0043406936823689,0.00542586710296112,
0.00596845381325724,0.00651104052355335,0.00705362723384946,0.00732492058899752,
0.00759621394414557),.UNSPECIFIED.);
#290=B_SPLINE_CURVE_WITH_KNOTS('',3,(#8557,#8558,#8559,#8560,#8561,#8562,
#8563,#8564,#8565,#8566,#8567,#8568,#8569,#8570),.UNSPECIFIED.,.F.,.F.,
(4,1,1,1,1,1,1,1,1,1,1,4),(-0.00759621394414557,-0.00732492058899752,-0.00705362723384946,
-0.00651104052355335,-0.00596845381325724,-0.00542586710296112,-0.0043406936823689,
-0.00217034684118445,-0.00108517342059222,-0.000542586710296112,-0.000271293355148056,
0.),.UNSPECIFIED.);
#291=B_SPLINE_CURVE_WITH_KNOTS('',3,(#8586,#8587,#8588,#8589,#8590,#8591),
 .UNSPECIFIED.,.F.,.F.,(4,2,4),(1.39976770913741,1.45409695362458,1.59768242339168),
 .UNSPECIFIED.);
#292=B_SPLINE_CURVE_WITH_KNOTS('',3,(#8595,#8596,#8597,#8598,#8599,#8600),
 .UNSPECIFIED.,.F.,.F.,(4,2,4),(0.,0.143585469767089,0.197914714254243),
 .UNSPECIFIED.);
#293=B_SPLINE_CURVE_WITH_KNOTS('',3,(#8678,#8679,#8680,#8681,#8682,#8683,
#8684,#8685,#8686,#8687,#8688,#8689,#8690,#8691),.UNSPECIFIED.,.F.,.F.,
(4,1,1,1,1,1,1,1,1,1,1,4),(2.31860377124143E-5,0.000271171255368971,0.000542342510748517,
0.00108468502150761,0.0016270275322667,0.00216937004302579,0.00325405506454398,
0.00542342510758035,0.00650811012909853,0.00705045263985762,0.00732162389523717,
0.00759279515061671),.UNSPECIFIED.);
#294=B_SPLINE_CURVE_WITH_KNOTS('',3,(#8693,#8694,#8695,#8696,#8697,#8698,
#8699,#8700,#8701,#8702,#8703,#8704,#8705,#8706),.UNSPECIFIED.,.F.,.F.,
(4,1,1,1,1,1,1,1,1,1,1,4),(-0.00759279515061671,-0.00732162389523717,-0.00705045263985762,
-0.00650811012909853,-0.00542342510758035,-0.00325405506454398,-0.00216937004302579,
-0.0016270275322667,-0.00108468502150761,-0.000542342510748517,-0.000271171255368971,
1.05748691166221E-14),.UNSPECIFIED.);
#295=B_SPLINE_CURVE_WITH_KNOTS('',3,(#8709,#8710,#8711,#8712,#8713,#8714),
 .UNSPECIFIED.,.F.,.F.,(4,2,4),(1.3997677091378,1.45409695362515,1.59768242339229),
 .UNSPECIFIED.);
#296=B_SPLINE_CURVE_WITH_KNOTS('',3,(#8717,#8718,#8719,#8720,#8721,#8722),
 .UNSPECIFIED.,.F.,.F.,(4,2,4),(0.,0.143585469767137,0.197914714254488),
 .UNSPECIFIED.);
#297=B_SPLINE_CURVE_WITH_KNOTS('',3,(#8727,#8728,#8729,#8730,#8731,#8732,
#8733,#8734,#8735,#8736,#8737,#8738,#8739,#8740,#8741,#8742),
 .UNSPECIFIED.,.F.,.F.,(4,2,2,2,2,2,2,4),(-0.000478617761860435,0.,0.0222735968555751,
0.0445428141883034,0.0593776687411936,0.078869221278465,0.117921214554188,
0.156960595915707),.UNSPECIFIED.);
#298=B_SPLINE_CURVE_WITH_KNOTS('',3,(#8799,#8800,#8801,#8802,#8803,#8804,
#8805,#8806,#8807),.UNSPECIFIED.,.F.,.F.,(4,1,1,1,2,4),(-0.143523189436196,
-0.103529443070746,-0.0621176658424475,-0.0414117772282983,0.,0.00294427824177214),
 .UNSPECIFIED.);
#299=B_SPLINE_CURVE_WITH_KNOTS('',3,(#8809,#8810,#8811,#8812,#8813,#8814,
#8815,#8816,#8817,#8818,#8819,#8820),.UNSPECIFIED.,.F.,.F.,(4,2,2,2,2,4),
(-0.000504668715316475,0.,0.0399255042057065,0.0790013353823741,0.118059576981494,
0.157108892963177),.UNSPECIFIED.);
#300=B_SPLINE_CURVE_WITH_KNOTS('',3,(#8821,#8822,#8823,#8824,#8825,#8826,
#8827,#8828,#8829,#8830,#8831),.UNSPECIFIED.,.F.,.F.,(4,2,1,1,1,2,4),(-0.000535657816244289,
0.,0.0414117772282983,0.0621176658424475,0.103529443070746,0.144941220299044,
0.146864263439756),.UNSPECIFIED.);
#301=B_SPLINE_CURVE_WITH_KNOTS('',3,(#8944,#8945,#8946,#8947,#8948,#8949,
#8950,#8951,#8952,#8953,#8954,#8955,#8956,#8957),.UNSPECIFIED.,.F.,.F.,
(4,2,2,2,2,2,4),(0.,0.0176034979595726,0.0504852536517848,0.122525735910791,
0.236516752159568,0.383986313299241,0.502781411781212),.UNSPECIFIED.);
#302=PLANE('',#3540);
#303=PLANE('',#3570);
#304=PLANE('',#3571);
#305=PLANE('',#3574);
#306=PLANE('',#3577);
#307=PLANE('',#3580);
#308=PLANE('',#3583);
#309=PLANE('',#3584);
#310=PLANE('',#3585);
#311=PLANE('',#3586);
#312=PLANE('',#3587);
#313=PLANE('',#3588);
#314=PLANE('',#3589);
#315=PLANE('',#3590);
#316=PLANE('',#3591);
#317=PLANE('',#3592);
#318=PLANE('',#3593);
#319=PLANE('',#3594);
#320=PLANE('',#3597);
#321=PLANE('',#3601);
#322=PLANE('',#3604);
#323=PLANE('',#3607);
#324=PLANE('',#3608);
#325=PLANE('',#3678);
#326=PLANE('',#3689);
#327=PLANE('',#3690);
#328=PLANE('',#3691);
#329=PLANE('',#3692);
#330=PLANE('',#3693);
#331=PLANE('',#3697);
#332=PLANE('',#3700);
#333=PLANE('',#3707);
#334=PLANE('',#3708);
#335=PLANE('',#3711);
#336=PLANE('',#3803);
#337=PLANE('',#3806);
#338=PLANE('',#3810);
#339=PLANE('',#3812);
#340=PLANE('',#3814);
#341=PLANE('',#3816);
#342=PLANE('',#3818);
#343=PLANE('',#3820);
#344=PLANE('',#3822);
#345=PLANE('',#3824);
#346=PLANE('',#3825);
#347=PLANE('',#3827);
#348=PLANE('',#3830);
#349=PLANE('',#3832);
#350=PLANE('',#3833);
#351=PLANE('',#3834);
#352=PLANE('',#3835);
#353=PLANE('',#3836);
#354=PLANE('',#3837);
#355=PLANE('',#3838);
#356=PLANE('',#3839);
#357=FACE_OUTER_BOUND('',#569,.T.);
#358=FACE_OUTER_BOUND('',#570,.T.);
#359=FACE_OUTER_BOUND('',#576,.T.);
#360=FACE_OUTER_BOUND('',#577,.T.);
#361=FACE_OUTER_BOUND('',#578,.T.);
#362=FACE_OUTER_BOUND('',#579,.T.);
#363=FACE_OUTER_BOUND('',#580,.T.);
#364=FACE_OUTER_BOUND('',#581,.T.);
#365=FACE_OUTER_BOUND('',#582,.T.);
#366=FACE_OUTER_BOUND('',#583,.T.);
#367=FACE_OUTER_BOUND('',#584,.T.);
#368=FACE_OUTER_BOUND('',#585,.T.);
#369=FACE_OUTER_BOUND('',#586,.T.);
#370=FACE_OUTER_BOUND('',#587,.T.);
#371=FACE_OUTER_BOUND('',#588,.T.);
#372=FACE_OUTER_BOUND('',#589,.T.);
#373=FACE_OUTER_BOUND('',#590,.T.);
#374=FACE_OUTER_BOUND('',#591,.T.);
#375=FACE_OUTER_BOUND('',#592,.T.);
#376=FACE_OUTER_BOUND('',#593,.T.);
#377=FACE_OUTER_BOUND('',#594,.T.);
#378=FACE_OUTER_BOUND('',#595,.T.);
#379=FACE_OUTER_BOUND('',#596,.T.);
#380=FACE_OUTER_BOUND('',#597,.T.);
#381=FACE_OUTER_BOUND('',#598,.T.);
#382=FACE_OUTER_BOUND('',#599,.T.);
#383=FACE_OUTER_BOUND('',#600,.T.);
#384=FACE_OUTER_BOUND('',#601,.T.);
#385=FACE_OUTER_BOUND('',#602,.T.);
#386=FACE_OUTER_BOUND('',#603,.T.);
#387=FACE_OUTER_BOUND('',#604,.T.);
#388=FACE_OUTER_BOUND('',#605,.T.);
#389=FACE_OUTER_BOUND('',#606,.T.);
#390=FACE_OUTER_BOUND('',#607,.T.);
#391=FACE_OUTER_BOUND('',#608,.T.);
#392=FACE_OUTER_BOUND('',#609,.T.);
#393=FACE_OUTER_BOUND('',#610,.T.);
#394=FACE_OUTER_BOUND('',#611,.T.);
#395=FACE_OUTER_BOUND('',#612,.T.);
#396=FACE_OUTER_BOUND('',#613,.T.);
#397=FACE_OUTER_BOUND('',#614,.T.);
#398=FACE_OUTER_BOUND('',#615,.T.);
#399=FACE_OUTER_BOUND('',#616,.T.);
#400=FACE_OUTER_BOUND('',#617,.T.);
#401=FACE_OUTER_BOUND('',#618,.T.);
#402=FACE_OUTER_BOUND('',#619,.T.);
#403=FACE_OUTER_BOUND('',#620,.T.);
#404=FACE_OUTER_BOUND('',#621,.T.);
#405=FACE_OUTER_BOUND('',#622,.T.);
#406=FACE_OUTER_BOUND('',#623,.T.);
#407=FACE_OUTER_BOUND('',#624,.T.);
#408=FACE_OUTER_BOUND('',#625,.T.);
#409=FACE_OUTER_BOUND('',#626,.T.);
#410=FACE_OUTER_BOUND('',#627,.T.);
#411=FACE_OUTER_BOUND('',#628,.T.);
#412=FACE_OUTER_BOUND('',#629,.T.);
#413=FACE_OUTER_BOUND('',#630,.T.);
#414=FACE_OUTER_BOUND('',#631,.T.);
#415=FACE_OUTER_BOUND('',#632,.T.);
#416=FACE_OUTER_BOUND('',#633,.T.);
#417=FACE_OUTER_BOUND('',#634,.T.);
#418=FACE_OUTER_BOUND('',#635,.T.);
#419=FACE_OUTER_BOUND('',#636,.T.);
#420=FACE_OUTER_BOUND('',#637,.T.);
#421=FACE_OUTER_BOUND('',#638,.T.);
#422=FACE_OUTER_BOUND('',#639,.T.);
#423=FACE_OUTER_BOUND('',#640,.T.);
#424=FACE_OUTER_BOUND('',#641,.T.);
#425=FACE_OUTER_BOUND('',#642,.T.);
#426=FACE_OUTER_BOUND('',#643,.T.);
#427=FACE_OUTER_BOUND('',#644,.T.);
#428=FACE_OUTER_BOUND('',#645,.T.);
#429=FACE_OUTER_BOUND('',#646,.T.);
#430=FACE_OUTER_BOUND('',#647,.T.);
#431=FACE_OUTER_BOUND('',#648,.T.);
#432=FACE_OUTER_BOUND('',#649,.T.);
#433=FACE_OUTER_BOUND('',#650,.T.);
#434=FACE_OUTER_BOUND('',#651,.T.);
#435=FACE_OUTER_BOUND('',#652,.T.);
#436=FACE_OUTER_BOUND('',#653,.T.);
#437=FACE_OUTER_BOUND('',#654,.T.);
#438=FACE_OUTER_BOUND('',#655,.T.);
#439=FACE_OUTER_BOUND('',#656,.T.);
#440=FACE_OUTER_BOUND('',#657,.T.);
#441=FACE_OUTER_BOUND('',#658,.T.);
#442=FACE_OUTER_BOUND('',#659,.T.);
#443=FACE_OUTER_BOUND('',#660,.T.);
#444=FACE_OUTER_BOUND('',#661,.T.);
#445=FACE_OUTER_BOUND('',#662,.T.);
#446=FACE_OUTER_BOUND('',#663,.T.);
#447=FACE_OUTER_BOUND('',#664,.T.);
#448=FACE_OUTER_BOUND('',#665,.T.);
#449=FACE_OUTER_BOUND('',#666,.T.);
#450=FACE_OUTER_BOUND('',#667,.T.);
#451=FACE_OUTER_BOUND('',#668,.T.);
#452=FACE_OUTER_BOUND('',#669,.T.);
#453=FACE_OUTER_BOUND('',#670,.T.);
#454=FACE_OUTER_BOUND('',#671,.T.);
#455=FACE_OUTER_BOUND('',#672,.T.);
#456=FACE_OUTER_BOUND('',#673,.T.);
#457=FACE_OUTER_BOUND('',#674,.T.);
#458=FACE_OUTER_BOUND('',#675,.T.);
#459=FACE_OUTER_BOUND('',#676,.T.);
#460=FACE_OUTER_BOUND('',#677,.T.);
#461=FACE_OUTER_BOUND('',#678,.T.);
#462=FACE_OUTER_BOUND('',#679,.T.);
#463=FACE_OUTER_BOUND('',#680,.T.);
#464=FACE_OUTER_BOUND('',#681,.T.);
#465=FACE_OUTER_BOUND('',#682,.T.);
#466=FACE_OUTER_BOUND('',#683,.T.);
#467=FACE_OUTER_BOUND('',#684,.T.);
#468=FACE_OUTER_BOUND('',#685,.T.);
#469=FACE_OUTER_BOUND('',#686,.T.);
#470=FACE_OUTER_BOUND('',#687,.T.);
#471=FACE_OUTER_BOUND('',#688,.T.);
#472=FACE_OUTER_BOUND('',#689,.T.);
#473=FACE_OUTER_BOUND('',#690,.T.);
#474=FACE_OUTER_BOUND('',#691,.T.);
#475=FACE_OUTER_BOUND('',#692,.T.);
#476=FACE_OUTER_BOUND('',#693,.T.);
#477=FACE_OUTER_BOUND('',#694,.T.);
#478=FACE_OUTER_BOUND('',#696,.T.);
#479=FACE_OUTER_BOUND('',#697,.T.);
#480=FACE_OUTER_BOUND('',#698,.T.);
#481=FACE_OUTER_BOUND('',#699,.T.);
#482=FACE_OUTER_BOUND('',#700,.T.);
#483=FACE_OUTER_BOUND('',#701,.T.);
#484=FACE_OUTER_BOUND('',#702,.T.);
#485=FACE_OUTER_BOUND('',#703,.T.);
#486=FACE_OUTER_BOUND('',#704,.T.);
#487=FACE_OUTER_BOUND('',#705,.T.);
#488=FACE_OUTER_BOUND('',#706,.T.);
#489=FACE_OUTER_BOUND('',#707,.T.);
#490=FACE_OUTER_BOUND('',#708,.T.);
#491=FACE_OUTER_BOUND('',#709,.T.);
#492=FACE_OUTER_BOUND('',#710,.T.);
#493=FACE_OUTER_BOUND('',#711,.T.);
#494=FACE_OUTER_BOUND('',#712,.T.);
#495=FACE_OUTER_BOUND('',#713,.T.);
#496=FACE_OUTER_BOUND('',#714,.T.);
#497=FACE_OUTER_BOUND('',#715,.T.);
#498=FACE_OUTER_BOUND('',#716,.T.);
#499=FACE_OUTER_BOUND('',#717,.T.);
#500=FACE_OUTER_BOUND('',#718,.T.);
#501=FACE_OUTER_BOUND('',#719,.T.);
#502=FACE_OUTER_BOUND('',#720,.T.);
#503=FACE_OUTER_BOUND('',#721,.T.);
#504=FACE_OUTER_BOUND('',#722,.T.);
#505=FACE_OUTER_BOUND('',#723,.T.);
#506=FACE_OUTER_BOUND('',#724,.T.);
#507=FACE_OUTER_BOUND('',#725,.T.);
#508=FACE_OUTER_BOUND('',#726,.T.);
#509=FACE_OUTER_BOUND('',#727,.T.);
#510=FACE_OUTER_BOUND('',#728,.T.);
#511=FACE_OUTER_BOUND('',#729,.T.);
#512=FACE_OUTER_BOUND('',#730,.T.);
#513=FACE_OUTER_BOUND('',#731,.T.);
#514=FACE_OUTER_BOUND('',#732,.T.);
#515=FACE_OUTER_BOUND('',#733,.T.);
#516=FACE_OUTER_BOUND('',#734,.T.);
#517=FACE_OUTER_BOUND('',#735,.T.);
#518=FACE_OUTER_BOUND('',#736,.T.);
#519=FACE_OUTER_BOUND('',#737,.T.);
#520=FACE_OUTER_BOUND('',#738,.T.);
#521=FACE_OUTER_BOUND('',#739,.T.);
#522=FACE_OUTER_BOUND('',#740,.T.);
#523=FACE_OUTER_BOUND('',#741,.T.);
#524=FACE_OUTER_BOUND('',#742,.T.);
#525=FACE_OUTER_BOUND('',#743,.T.);
#526=FACE_OUTER_BOUND('',#744,.T.);
#527=FACE_OUTER_BOUND('',#745,.T.);
#528=FACE_OUTER_BOUND('',#746,.T.);
#529=FACE_OUTER_BOUND('',#747,.T.);
#530=FACE_OUTER_BOUND('',#748,.T.);
#531=FACE_OUTER_BOUND('',#749,.T.);
#532=FACE_OUTER_BOUND('',#750,.T.);
#533=FACE_OUTER_BOUND('',#751,.T.);
#534=FACE_OUTER_BOUND('',#752,.T.);
#535=FACE_OUTER_BOUND('',#753,.T.);
#536=FACE_OUTER_BOUND('',#759,.T.);
#537=FACE_OUTER_BOUND('',#760,.T.);
#538=FACE_OUTER_BOUND('',#761,.T.);
#539=FACE_OUTER_BOUND('',#762,.T.);
#540=FACE_OUTER_BOUND('',#763,.T.);
#541=FACE_OUTER_BOUND('',#764,.T.);
#542=FACE_OUTER_BOUND('',#765,.T.);
#543=FACE_OUTER_BOUND('',#766,.T.);
#544=FACE_OUTER_BOUND('',#767,.T.);
#545=FACE_OUTER_BOUND('',#768,.T.);
#546=FACE_OUTER_BOUND('',#769,.T.);
#547=FACE_OUTER_BOUND('',#770,.T.);
#548=FACE_OUTER_BOUND('',#771,.T.);
#549=FACE_OUTER_BOUND('',#772,.T.);
#550=FACE_OUTER_BOUND('',#773,.T.);
#551=FACE_OUTER_BOUND('',#774,.T.);
#552=FACE_OUTER_BOUND('',#775,.T.);
#553=FACE_OUTER_BOUND('',#776,.T.);
#554=FACE_OUTER_BOUND('',#777,.T.);
#555=FACE_OUTER_BOUND('',#778,.T.);
#556=FACE_OUTER_BOUND('',#779,.T.);
#557=FACE_OUTER_BOUND('',#780,.T.);
#558=FACE_OUTER_BOUND('',#781,.T.);
#559=FACE_OUTER_BOUND('',#782,.T.);
#560=FACE_OUTER_BOUND('',#783,.T.);
#561=FACE_OUTER_BOUND('',#784,.T.);
#562=FACE_OUTER_BOUND('',#785,.T.);
#563=FACE_OUTER_BOUND('',#786,.T.);
#564=FACE_OUTER_BOUND('',#787,.T.);
#565=FACE_OUTER_BOUND('',#788,.T.);
#566=FACE_OUTER_BOUND('',#789,.T.);
#567=FACE_OUTER_BOUND('',#790,.T.);
#568=FACE_OUTER_BOUND('',#791,.T.);
#569=EDGE_LOOP('',(#2259,#2260,#2261,#2262));
#570=EDGE_LOOP('',(#2263,#2264,#2265,#2266,#2267,#2268,#2269,#2270,#2271,
#2272,#2273,#2274,#2275,#2276,#2277,#2278,#2279,#2280,#2281,#2282,#2283,
#2284,#2285,#2286,#2287,#2288,#2289,#2290,#2291,#2292,#2293,#2294,#2295));
#571=EDGE_LOOP('',(#2296));
#572=EDGE_LOOP('',(#2297));
#573=EDGE_LOOP('',(#2298));
#574=EDGE_LOOP('',(#2299));
#575=EDGE_LOOP('',(#2300));
#576=EDGE_LOOP('',(#2301,#2302,#2303,#2304));
#577=EDGE_LOOP('',(#2305,#2306,#2307,#2308));
#578=EDGE_LOOP('',(#2309,#2310,#2311,#2312));
#579=EDGE_LOOP('',(#2313,#2314,#2315,#2316));
#580=EDGE_LOOP('',(#2317,#2318,#2319,#2320));
#581=EDGE_LOOP('',(#2321,#2322,#2323,#2324));
#582=EDGE_LOOP('',(#2325,#2326,#2327,#2328));
#583=EDGE_LOOP('',(#2329,#2330,#2331,#2332));
#584=EDGE_LOOP('',(#2333,#2334,#2335,#2336));
#585=EDGE_LOOP('',(#2337,#2338,#2339,#2340));
#586=EDGE_LOOP('',(#2341,#2342,#2343,#2344));
#587=EDGE_LOOP('',(#2345,#2346,#2347,#2348));
#588=EDGE_LOOP('',(#2349,#2350,#2351,#2352));
#589=EDGE_LOOP('',(#2353,#2354,#2355,#2356));
#590=EDGE_LOOP('',(#2357,#2358,#2359,#2360));
#591=EDGE_LOOP('',(#2361,#2362,#2363,#2364));
#592=EDGE_LOOP('',(#2365,#2366,#2367,#2368));
#593=EDGE_LOOP('',(#2369,#2370,#2371,#2372));
#594=EDGE_LOOP('',(#2373,#2374,#2375,#2376));
#595=EDGE_LOOP('',(#2377,#2378,#2379,#2380));
#596=EDGE_LOOP('',(#2381,#2382,#2383,#2384));
#597=EDGE_LOOP('',(#2385,#2386,#2387,#2388));
#598=EDGE_LOOP('',(#2389,#2390,#2391,#2392));
#599=EDGE_LOOP('',(#2393,#2394,#2395,#2396));
#600=EDGE_LOOP('',(#2397,#2398,#2399,#2400));
#601=EDGE_LOOP('',(#2401,#2402,#2403,#2404));
#602=EDGE_LOOP('',(#2405,#2406,#2407,#2408));
#603=EDGE_LOOP('',(#2409,#2410,#2411,#2412));
#604=EDGE_LOOP('',(#2413,#2414,#2415,#2416));
#605=EDGE_LOOP('',(#2417,#2418,#2419,#2420));
#606=EDGE_LOOP('',(#2421,#2422,#2423,#2424));
#607=EDGE_LOOP('',(#2425,#2426,#2427,#2428));
#608=EDGE_LOOP('',(#2429,#2430,#2431,#2432));
#609=EDGE_LOOP('',(#2433,#2434,#2435,#2436));
#610=EDGE_LOOP('',(#2437,#2438,#2439,#2440));
#611=EDGE_LOOP('',(#2441,#2442,#2443,#2444));
#612=EDGE_LOOP('',(#2445,#2446,#2447,#2448));
#613=EDGE_LOOP('',(#2449,#2450,#2451,#2452));
#614=EDGE_LOOP('',(#2453,#2454,#2455,#2456));
#615=EDGE_LOOP('',(#2457,#2458,#2459,#2460));
#616=EDGE_LOOP('',(#2461,#2462,#2463,#2464));
#617=EDGE_LOOP('',(#2465,#2466,#2467,#2468));
#618=EDGE_LOOP('',(#2469,#2470,#2471,#2472));
#619=EDGE_LOOP('',(#2473,#2474,#2475,#2476));
#620=EDGE_LOOP('',(#2477,#2478,#2479,#2480));
#621=EDGE_LOOP('',(#2481,#2482,#2483,#2484));
#622=EDGE_LOOP('',(#2485,#2486,#2487,#2488));
#623=EDGE_LOOP('',(#2489,#2490,#2491,#2492));
#624=EDGE_LOOP('',(#2493,#2494,#2495,#2496,#2497,#2498));
#625=EDGE_LOOP('',(#2499,#2500,#2501,#2502,#2503));
#626=EDGE_LOOP('',(#2504,#2505,#2506,#2507));
#627=EDGE_LOOP('',(#2508,#2509,#2510,#2511));
#628=EDGE_LOOP('',(#2512,#2513,#2514,#2515));
#629=EDGE_LOOP('',(#2516,#2517,#2518,#2519));
#630=EDGE_LOOP('',(#2520,#2521,#2522,#2523));
#631=EDGE_LOOP('',(#2524,#2525,#2526,#2527));
#632=EDGE_LOOP('',(#2528,#2529,#2530,#2531));
#633=EDGE_LOOP('',(#2532,#2533,#2534,#2535,#2536,#2537));
#634=EDGE_LOOP('',(#2538,#2539,#2540,#2541,#2542));
#635=EDGE_LOOP('',(#2543,#2544,#2545,#2546));
#636=EDGE_LOOP('',(#2547,#2548,#2549,#2550));
#637=EDGE_LOOP('',(#2551,#2552,#2553,#2554));
#638=EDGE_LOOP('',(#2555,#2556,#2557,#2558));
#639=EDGE_LOOP('',(#2559,#2560,#2561,#2562));
#640=EDGE_LOOP('',(#2563,#2564,#2565,#2566));
#641=EDGE_LOOP('',(#2567,#2568,#2569,#2570));
#642=EDGE_LOOP('',(#2571,#2572,#2573,#2574));
#643=EDGE_LOOP('',(#2575,#2576,#2577,#2578));
#644=EDGE_LOOP('',(#2579,#2580,#2581,#2582));
#645=EDGE_LOOP('',(#2583,#2584,#2585,#2586));
#646=EDGE_LOOP('',(#2587,#2588,#2589,#2590));
#647=EDGE_LOOP('',(#2591,#2592,#2593,#2594));
#648=EDGE_LOOP('',(#2595,#2596,#2597,#2598));
#649=EDGE_LOOP('',(#2599,#2600,#2601,#2602));
#650=EDGE_LOOP('',(#2603,#2604,#2605,#2606));
#651=EDGE_LOOP('',(#2607,#2608,#2609,#2610));
#652=EDGE_LOOP('',(#2611,#2612,#2613,#2614));
#653=EDGE_LOOP('',(#2615,#2616,#2617,#2618));
#654=EDGE_LOOP('',(#2619,#2620,#2621,#2622));
#655=EDGE_LOOP('',(#2623,#2624,#2625,#2626));
#656=EDGE_LOOP('',(#2627,#2628,#2629,#2630));
#657=EDGE_LOOP('',(#2631,#2632,#2633,#2634));
#658=EDGE_LOOP('',(#2635,#2636,#2637,#2638));
#659=EDGE_LOOP('',(#2639,#2640,#2641,#2642));
#660=EDGE_LOOP('',(#2643,#2644,#2645,#2646));
#661=EDGE_LOOP('',(#2647,#2648,#2649,#2650));
#662=EDGE_LOOP('',(#2651,#2652,#2653,#2654));
#663=EDGE_LOOP('',(#2655,#2656,#2657,#2658));
#664=EDGE_LOOP('',(#2659,#2660,#2661,#2662));
#665=EDGE_LOOP('',(#2663,#2664,#2665,#2666));
#666=EDGE_LOOP('',(#2667,#2668,#2669,#2670));
#667=EDGE_LOOP('',(#2671,#2672,#2673,#2674));
#668=EDGE_LOOP('',(#2675,#2676,#2677,#2678));
#669=EDGE_LOOP('',(#2679,#2680,#2681,#2682));
#670=EDGE_LOOP('',(#2683,#2684,#2685,#2686));
#671=EDGE_LOOP('',(#2687,#2688,#2689,#2690));
#672=EDGE_LOOP('',(#2691,#2692,#2693,#2694));
#673=EDGE_LOOP('',(#2695,#2696,#2697,#2698));
#674=EDGE_LOOP('',(#2699,#2700,#2701,#2702));
#675=EDGE_LOOP('',(#2703,#2704,#2705,#2706,#2707,#2708));
#676=EDGE_LOOP('',(#2709,#2710,#2711,#2712,#2713,#2714,#2715,#2716,#2717,
#2718,#2719,#2720,#2721,#2722,#2723,#2724,#2725,#2726,#2727,#2728,#2729));
#677=EDGE_LOOP('',(#2730,#2731,#2732,#2733));
#678=EDGE_LOOP('',(#2734,#2735,#2736,#2737,#2738,#2739,#2740));
#679=EDGE_LOOP('',(#2741,#2742,#2743,#2744));
#680=EDGE_LOOP('',(#2745,#2746,#2747,#2748));
#681=EDGE_LOOP('',(#2749,#2750,#2751,#2752));
#682=EDGE_LOOP('',(#2753,#2754,#2755,#2756));
#683=EDGE_LOOP('',(#2757,#2758,#2759,#2760));
#684=EDGE_LOOP('',(#2761,#2762,#2763,#2764));
#685=EDGE_LOOP('',(#2765,#2766,#2767,#2768));
#686=EDGE_LOOP('',(#2769,#2770,#2771,#2772));
#687=EDGE_LOOP('',(#2773,#2774,#2775,#2776));
#688=EDGE_LOOP('',(#2777,#2778,#2779,#2780));
#689=EDGE_LOOP('',(#2781,#2782,#2783,#2784));
#690=EDGE_LOOP('',(#2785,#2786,#2787,#2788,#2789,#2790,#2791));
#691=EDGE_LOOP('',(#2792,#2793,#2794,#2795));
#692=EDGE_LOOP('',(#2796,#2797,#2798,#2799,#2800,#2801,#2802,#2803,#2804,
#2805));
#693=EDGE_LOOP('',(#2806,#2807,#2808,#2809));
#694=EDGE_LOOP('',(#2810,#2811,#2812,#2813));
#695=EDGE_LOOP('',(#2814,#2815,#2816,#2817));
#696=EDGE_LOOP('',(#2818,#2819,#2820,#2821,#2822,#2823,#2824,#2825,#2826,
#2827,#2828,#2829,#2830,#2831,#2832,#2833,#2834,#2835,#2836,#2837,#2838,
#2839,#2840,#2841,#2842,#2843,#2844,#2845,#2846,#2847,#2848,#2849,#2850,
#2851,#2852,#2853,#2854,#2855,#2856,#2857,#2858,#2859,#2860,#2861,#2862,
#2863,#2864,#2865,#2866,#2867,#2868,#2869,#2870,#2871,#2872));
#697=EDGE_LOOP('',(#2873,#2874,#2875,#2876,#2877,#2878));
#698=EDGE_LOOP('',(#2879,#2880,#2881,#2882,#2883,#2884));
#699=EDGE_LOOP('',(#2885,#2886,#2887,#2888));
#700=EDGE_LOOP('',(#2889,#2890,#2891,#2892,#2893,#2894,#2895,#2896,#2897));
#701=EDGE_LOOP('',(#2898,#2899,#2900,#2901));
#702=EDGE_LOOP('',(#2902,#2903,#2904,#2905));
#703=EDGE_LOOP('',(#2906,#2907,#2908,#2909));
#704=EDGE_LOOP('',(#2910,#2911,#2912,#2913));
#705=EDGE_LOOP('',(#2914,#2915,#2916,#2917));
#706=EDGE_LOOP('',(#2918,#2919,#2920,#2921));
#707=EDGE_LOOP('',(#2922,#2923,#2924,#2925));
#708=EDGE_LOOP('',(#2926,#2927,#2928,#2929));
#709=EDGE_LOOP('',(#2930,#2931,#2932,#2933));
#710=EDGE_LOOP('',(#2934,#2935,#2936,#2937));
#711=EDGE_LOOP('',(#2938,#2939,#2940,#2941));
#712=EDGE_LOOP('',(#2942,#2943,#2944,#2945));
#713=EDGE_LOOP('',(#2946,#2947,#2948,#2949));
#714=EDGE_LOOP('',(#2950,#2951,#2952,#2953));
#715=EDGE_LOOP('',(#2954,#2955,#2956,#2957));
#716=EDGE_LOOP('',(#2958,#2959,#2960,#2961));
#717=EDGE_LOOP('',(#2962,#2963,#2964,#2965));
#718=EDGE_LOOP('',(#2966,#2967,#2968,#2969));
#719=EDGE_LOOP('',(#2970,#2971,#2972,#2973));
#720=EDGE_LOOP('',(#2974,#2975,#2976,#2977));
#721=EDGE_LOOP('',(#2978,#2979,#2980,#2981));
#722=EDGE_LOOP('',(#2982,#2983,#2984,#2985));
#723=EDGE_LOOP('',(#2986,#2987,#2988,#2989));
#724=EDGE_LOOP('',(#2990,#2991,#2992,#2993));
#725=EDGE_LOOP('',(#2994,#2995,#2996,#2997));
#726=EDGE_LOOP('',(#2998,#2999,#3000,#3001));
#727=EDGE_LOOP('',(#3002,#3003,#3004,#3005));
#728=EDGE_LOOP('',(#3006,#3007,#3008,#3009));
#729=EDGE_LOOP('',(#3010,#3011,#3012,#3013));
#730=EDGE_LOOP('',(#3014,#3015,#3016,#3017,#3018,#3019,#3020,#3021));
#731=EDGE_LOOP('',(#3022,#3023,#3024,#3025));
#732=EDGE_LOOP('',(#3026,#3027,#3028,#3029,#3030,#3031,#3032,#3033));
#733=EDGE_LOOP('',(#3034,#3035,#3036,#3037));
#734=EDGE_LOOP('',(#3038,#3039,#3040,#3041));
#735=EDGE_LOOP('',(#3042,#3043,#3044,#3045));
#736=EDGE_LOOP('',(#3046,#3047,#3048,#3049));
#737=EDGE_LOOP('',(#3050,#3051,#3052,#3053));
#738=EDGE_LOOP('',(#3054,#3055,#3056));
#739=EDGE_LOOP('',(#3057,#3058,#3059));
#740=EDGE_LOOP('',(#3060,#3061,#3062));
#741=EDGE_LOOP('',(#3063,#3064,#3065,#3066));
#742=EDGE_LOOP('',(#3067,#3068,#3069,#3070,#3071,#3072,#3073,#3074));
#743=EDGE_LOOP('',(#3075,#3076,#3077,#3078));
#744=EDGE_LOOP('',(#3079,#3080,#3081,#3082));
#745=EDGE_LOOP('',(#3083,#3084,#3085,#3086));
#746=EDGE_LOOP('',(#3087,#3088,#3089,#3090));
#747=EDGE_LOOP('',(#3091,#3092,#3093,#3094));
#748=EDGE_LOOP('',(#3095,#3096,#3097,#3098));
#749=EDGE_LOOP('',(#3099,#3100,#3101,#3102));
#750=EDGE_LOOP('',(#3103,#3104,#3105,#3106));
#751=EDGE_LOOP('',(#3107,#3108,#3109,#3110));
#752=EDGE_LOOP('',(#3111,#3112,#3113,#3114,#3115));
#753=EDGE_LOOP('',(#3116,#3117,#3118,#3119,#3120,#3121,#3122,#3123,#3124,
#3125,#3126,#3127,#3128,#3129,#3130,#3131,#3132,#3133,#3134,#3135,#3136,
#3137,#3138,#3139,#3140,#3141,#3142,#3143,#3144,#3145,#3146,#3147,#3148,
#3149,#3150,#3151,#3152));
#754=EDGE_LOOP('',(#3153));
#755=EDGE_LOOP('',(#3154));
#756=EDGE_LOOP('',(#3155));
#757=EDGE_LOOP('',(#3156));
#758=EDGE_LOOP('',(#3157));
#759=EDGE_LOOP('',(#3158,#3159,#3160,#3161));
#760=EDGE_LOOP('',(#3162,#3163,#3164,#3165));
#761=EDGE_LOOP('',(#3166,#3167,#3168,#3169));
#762=EDGE_LOOP('',(#3170,#3171,#3172,#3173));
#763=EDGE_LOOP('',(#3174,#3175,#3176,#3177));
#764=EDGE_LOOP('',(#3178,#3179,#3180,#3181));
#765=EDGE_LOOP('',(#3182,#3183,#3184,#3185));
#766=EDGE_LOOP('',(#3186,#3187,#3188,#3189));
#767=EDGE_LOOP('',(#3190,#3191,#3192,#3193));
#768=EDGE_LOOP('',(#3194,#3195,#3196,#3197));
#769=EDGE_LOOP('',(#3198,#3199,#3200,#3201));
#770=EDGE_LOOP('',(#3202,#3203,#3204,#3205));
#771=EDGE_LOOP('',(#3206,#3207,#3208,#3209,#3210,#3211,#3212,#3213,#3214,
#3215));
#772=EDGE_LOOP('',(#3216,#3217,#3218,#3219));
#773=EDGE_LOOP('',(#3220,#3221,#3222,#3223,#3224));
#774=EDGE_LOOP('',(#3225,#3226,#3227,#3228,#3229));
#775=EDGE_LOOP('',(#3230,#3231,#3232,#3233));
#776=EDGE_LOOP('',(#3234,#3235,#3236,#3237,#3238));
#777=EDGE_LOOP('',(#3239,#3240,#3241,#3242));
#778=EDGE_LOOP('',(#3243,#3244,#3245,#3246));
#779=EDGE_LOOP('',(#3247,#3248,#3249,#3250));
#780=EDGE_LOOP('',(#3251,#3252,#3253,#3254));
#781=EDGE_LOOP('',(#3255,#3256,#3257,#3258));
#782=EDGE_LOOP('',(#3259,#3260,#3261,#3262));
#783=EDGE_LOOP('',(#3263,#3264,#3265,#3266));
#784=EDGE_LOOP('',(#3267,#3268,#3269,#3270));
#785=EDGE_LOOP('',(#3271,#3272,#3273,#3274));
#786=EDGE_LOOP('',(#3275,#3276,#3277,#3278));
#787=EDGE_LOOP('',(#3279,#3280,#3281,#3282));
#788=EDGE_LOOP('',(#3283,#3284,#3285,#3286));
#789=EDGE_LOOP('',(#3287,#3288,#3289,#3290));
#790=EDGE_LOOP('',(#3291,#3292,#3293,#3294));
#791=EDGE_LOOP('',(#3295,#3296,#3297,#3298));
#792=LINE('',#4706,#1033);
#793=LINE('',#4713,#1034);
#794=LINE('',#4729,#1035);
#795=LINE('',#4733,#1036);
#796=LINE('',#4737,#1037);
#797=LINE('',#4741,#1038);
#798=LINE('',#4745,#1039);
#799=LINE('',#4760,#1040);
#800=LINE('',#4770,#1041);
#801=LINE('',#4786,#1042);
#802=LINE('',#4798,#1043);
#803=LINE('',#4810,#1044);
#804=LINE('',#4825,#1045);
#805=LINE('',#4837,#1046);
#806=LINE('',#4846,#1047);
#807=LINE('',#4857,#1048);
#808=LINE('',#4861,#1049);
#809=LINE('',#4865,#1050);
#810=LINE('',#4869,#1051);
#811=LINE('',#4873,#1052);
#812=LINE('',#4877,#1053);
#813=LINE('',#4881,#1054);
#814=LINE('',#4885,#1055);
#815=LINE('',#4889,#1056);
#816=LINE('',#4967,#1057);
#817=LINE('',#4970,#1058);
#818=LINE('',#4972,#1059);
#819=LINE('',#4975,#1060);
#820=LINE('',#4976,#1061);
#821=LINE('',#4980,#1062);
#822=LINE('',#4983,#1063);
#823=LINE('',#4984,#1064);
#824=LINE('',#4988,#1065);
#825=LINE('',#4991,#1066);
#826=LINE('',#4992,#1067);
#827=LINE('',#4996,#1068);
#828=LINE('',#4999,#1069);
#829=LINE('',#5000,#1070);
#830=LINE('',#5004,#1071);
#831=LINE('',#5007,#1072);
#832=LINE('',#5008,#1073);
#833=LINE('',#5058,#1074);
#834=LINE('',#5073,#1075);
#835=LINE('',#5074,#1076);
#836=LINE('',#5104,#1077);
#837=LINE('',#5114,#1078);
#838=LINE('',#5115,#1079);
#839=LINE('',#5142,#1080);
#840=LINE('',#5172,#1081);
#841=LINE('',#5182,#1082);
#842=LINE('',#5183,#1083);
#843=LINE('',#5205,#1084);
#844=LINE('',#5223,#1085);
#845=LINE('',#5230,#1086);
#846=LINE('',#5231,#1087);
#847=LINE('',#5249,#1088);
#848=LINE('',#5275,#1089);
#849=LINE('',#5278,#1090);
#850=LINE('',#5279,#1091);
#851=LINE('',#5309,#1092);
#852=LINE('',#5338,#1093);
#853=LINE('',#5341,#1094);
#854=LINE('',#5342,#1095);
#855=LINE('',#5360,#1096);
#856=LINE('',#5386,#1097);
#857=LINE('',#5389,#1098);
#858=LINE('',#5390,#1099);
#859=LINE('',#5420,#1100);
#860=LINE('',#5429,#1101);
#861=LINE('',#5467,#1102);
#862=LINE('',#5468,#1103);
#863=LINE('',#5484,#1104);
#864=LINE('',#5493,#1105);
#865=LINE('',#5494,#1106);
#866=LINE('',#5510,#1107);
#867=LINE('',#5520,#1108);
#868=LINE('',#5521,#1109);
#869=LINE('',#5524,#1110);
#870=LINE('',#5538,#1111);
#871=LINE('',#5540,#1112);
#872=LINE('',#5544,#1113);
#873=LINE('',#5548,#1114);
#874=LINE('',#5549,#1115);
#875=LINE('',#5552,#1116);
#876=LINE('',#5556,#1117);
#877=LINE('',#5557,#1118);
#878=LINE('',#5560,#1119);
#879=LINE('',#5564,#1120);
#880=LINE('',#5565,#1121);
#881=LINE('',#5587,#1122);
#882=LINE('',#5609,#1123);
#883=LINE('',#5614,#1124);
#884=LINE('',#5617,#1125);
#885=LINE('',#5641,#1126);
#886=LINE('',#5658,#1127);
#887=LINE('',#5700,#1128);
#888=LINE('',#5747,#1129);
#889=LINE('',#5811,#1130);
#890=LINE('',#5857,#1131);
#891=LINE('',#5899,#1132);
#892=LINE('',#5981,#1133);
#893=LINE('',#5982,#1134);
#894=LINE('',#6049,#1135);
#895=LINE('',#6050,#1136);
#896=LINE('',#6117,#1137);
#897=LINE('',#6118,#1138);
#898=LINE('',#6199,#1139);
#899=LINE('',#6200,#1140);
#900=LINE('',#6267,#1141);
#901=LINE('',#6268,#1142);
#902=LINE('',#6315,#1143);
#903=LINE('',#6316,#1144);
#904=LINE('',#6394,#1145);
#905=LINE('',#6554,#1146);
#906=LINE('',#6557,#1147);
#907=LINE('',#6560,#1148);
#908=LINE('',#6569,#1149);
#909=LINE('',#6571,#1150);
#910=LINE('',#6581,#1151);
#911=LINE('',#6589,#1152);
#912=LINE('',#6593,#1153);
#913=LINE('',#6597,#1154);
#914=LINE('',#6601,#1155);
#915=LINE('',#6626,#1156);
#916=LINE('',#6666,#1157);
#917=LINE('',#6668,#1158);
#918=LINE('',#6708,#1159);
#919=LINE('',#6748,#1160);
#920=LINE('',#6838,#1161);
#921=LINE('',#6842,#1162);
#922=LINE('',#6844,#1163);
#923=LINE('',#6859,#1164);
#924=LINE('',#6865,#1165);
#925=LINE('',#6868,#1166);
#926=LINE('',#6871,#1167);
#927=LINE('',#6875,#1168);
#928=LINE('',#6882,#1169);
#929=LINE('',#6889,#1170);
#930=LINE('',#6893,#1171);
#931=LINE('',#6900,#1172);
#932=LINE('',#6904,#1173);
#933=LINE('',#6911,#1174);
#934=LINE('',#6918,#1175);
#935=LINE('',#6922,#1176);
#936=LINE('',#6929,#1177);
#937=LINE('',#6933,#1178);
#938=LINE('',#6940,#1179);
#939=LINE('',#6944,#1180);
#940=LINE('',#6950,#1181);
#941=LINE('',#6953,#1182);
#942=LINE('',#6955,#1183);
#943=LINE('',#6956,#1184);
#944=LINE('',#6959,#1185);
#945=LINE('',#6961,#1186);
#946=LINE('',#6962,#1187);
#947=LINE('',#6965,#1188);
#948=LINE('',#6969,#1189);
#949=LINE('',#6971,#1190);
#950=LINE('',#6975,#1191);
#951=LINE('',#6978,#1192);
#952=LINE('',#6984,#1193);
#953=LINE('',#6987,#1194);
#954=LINE('',#6992,#1195);
#955=LINE('',#6995,#1196);
#956=LINE('',#7041,#1197);
#957=LINE('',#7053,#1198);
#958=LINE('',#7054,#1199);
#959=LINE('',#7700,#1200);
#960=LINE('',#7701,#1201);
#961=LINE('',#7877,#1202);
#962=LINE('',#7878,#1203);
#963=LINE('',#7889,#1204);
#964=LINE('',#7890,#1205);
#965=LINE('',#8038,#1206);
#966=LINE('',#8039,#1207);
#967=LINE('',#8050,#1208);
#968=LINE('',#8051,#1209);
#969=LINE('',#8209,#1210);
#970=LINE('',#8210,#1211);
#971=LINE('',#8316,#1212);
#972=LINE('',#8317,#1213);
#973=LINE('',#8328,#1214);
#974=LINE('',#8329,#1215);
#975=LINE('',#8456,#1216);
#976=LINE('',#8457,#1217);
#977=LINE('',#8468,#1218);
#978=LINE('',#8469,#1219);
#979=LINE('',#8575,#1220);
#980=LINE('',#8576,#1221);
#981=LINE('',#8593,#1222);
#982=LINE('',#8601,#1223);
#983=LINE('',#8603,#1224);
#984=LINE('',#8606,#1225);
#985=LINE('',#8716,#1226);
#986=LINE('',#8723,#1227);
#987=LINE('',#8726,#1228);
#988=LINE('',#8834,#1229);
#989=LINE('',#8837,#1230);
#990=LINE('',#8856,#1231);
#991=LINE('',#8857,#1232);
#992=LINE('',#8862,#1233);
#993=LINE('',#8864,#1234);
#994=LINE('',#8887,#1235);
#995=LINE('',#8889,#1236);
#996=LINE('',#8891,#1237);
#997=LINE('',#8893,#1238);
#998=LINE('',#8895,#1239);
#999=LINE('',#8897,#1240);
#1000=LINE('',#8899,#1241);
#1001=LINE('',#8901,#1242);
#1002=LINE('',#8905,#1243);
#1003=LINE('',#8907,#1244);
#1004=LINE('',#8909,#1245);
#1005=LINE('',#8910,#1246);
#1006=LINE('',#8912,#1247);
#1007=LINE('',#8914,#1248);
#1008=LINE('',#8915,#1249);
#1009=LINE('',#8917,#1250);
#1010=LINE('',#8919,#1251);
#1011=LINE('',#8920,#1252);
#1012=LINE('',#8922,#1253);
#1013=LINE('',#8924,#1254);
#1014=LINE('',#8925,#1255);
#1015=LINE('',#8927,#1256);
#1016=LINE('',#8959,#1257);
#1017=LINE('',#8960,#1258);
#1018=LINE('',#8962,#1259);
#1019=LINE('',#8964,#1260);
#1020=LINE('',#8967,#1261);
#1021=LINE('',#8968,#1262);
#1022=LINE('',#8970,#1263);
#1023=LINE('',#8972,#1264);
#1024=LINE('',#8982,#1265);
#1025=LINE('',#8992,#1266);
#1026=LINE('',#9002,#1267);
#1027=LINE('',#9004,#1268);
#1028=LINE('',#9013,#1269);
#1029=LINE('',#9023,#1270);
#1030=LINE('',#9033,#1271);
#1031=LINE('',#9035,#1272);
#1032=LINE('',#9044,#1273);
#1033=VECTOR('',#3852,1.60000000000001);
#1034=VECTOR('',#3859,10.);
#1035=VECTOR('',#3860,10.);
#1036=VECTOR('',#3863,10.);
#1037=VECTOR('',#3866,10.);
#1038=VECTOR('',#3869,10.);
#1039=VECTOR('',#3872,10.);
#1040=VECTOR('',#3873,10.);
#1041=VECTOR('',#3874,10.);
#1042=VECTOR('',#3875,10.);
#1043=VECTOR('',#3876,10.);
#1044=VECTOR('',#3877,10.);
#1045=VECTOR('',#3878,10.);
#1046=VECTOR('',#3879,10.);
#1047=VECTOR('',#3880,10.);
#1048=VECTOR('',#3891,1.1);
#1049=VECTOR('',#3896,1.60000000000001);
#1050=VECTOR('',#3901,1.1);
#1051=VECTOR('',#3906,1.6);
#1052=VECTOR('',#3911,1.1);
#1053=VECTOR('',#3916,1.6);
#1054=VECTOR('',#3921,1.1);
#1055=VECTOR('',#3926,1.6);
#1056=VECTOR('',#3931,1.1);
#1057=VECTOR('',#3936,10.);
#1058=VECTOR('',#3939,10.);
#1059=VECTOR('',#3942,10.);
#1060=VECTOR('',#3945,10.);
#1061=VECTOR('',#3946,10.);
#1062=VECTOR('',#3951,10.);
#1063=VECTOR('',#3954,10.);
#1064=VECTOR('',#3955,10.);
#1065=VECTOR('',#3960,10.);
#1066=VECTOR('',#3963,10.);
#1067=VECTOR('',#3964,10.);
#1068=VECTOR('',#3969,10.);
#1069=VECTOR('',#3972,10.);
#1070=VECTOR('',#3973,10.);
#1071=VECTOR('',#3978,10.);
#1072=VECTOR('',#3981,10.);
#1073=VECTOR('',#3982,10.);
#1074=VECTOR('',#3983,10.);
#1075=VECTOR('',#3986,10.);
#1076=VECTOR('',#3987,10.);
#1077=VECTOR('',#3988,10.);
#1078=VECTOR('',#3991,10.);
#1079=VECTOR('',#3992,10.);
#1080=VECTOR('',#3993,10.);
#1081=VECTOR('',#3994,10.);
#1082=VECTOR('',#3997,10.);
#1083=VECTOR('',#3998,10.);
#1084=VECTOR('',#3999,10.);
#1085=VECTOR('',#4000,10.);
#1086=VECTOR('',#4003,10.);
#1087=VECTOR('',#4004,10.);
#1088=VECTOR('',#4005,10.);
#1089=VECTOR('',#4006,10.);
#1090=VECTOR('',#4009,10.);
#1091=VECTOR('',#4010,10.);
#1092=VECTOR('',#4011,10.);
#1093=VECTOR('',#4012,10.);
#1094=VECTOR('',#4015,10.);
#1095=VECTOR('',#4016,10.);
#1096=VECTOR('',#4017,10.);
#1097=VECTOR('',#4018,10.);
#1098=VECTOR('',#4021,10.);
#1099=VECTOR('',#4022,10.);
#1100=VECTOR('',#4023,10.);
#1101=VECTOR('',#4026,10.);
#1102=VECTOR('',#4029,10.);
#1103=VECTOR('',#4030,10.);
#1104=VECTOR('',#4031,10.);
#1105=VECTOR('',#4034,10.);
#1106=VECTOR('',#4035,10.);
#1107=VECTOR('',#4036,10.);
#1108=VECTOR('',#4039,10.);
#1109=VECTOR('',#4040,10.);
#1110=VECTOR('',#4043,10.);
#1111=VECTOR('',#4048,10.);
#1112=VECTOR('',#4049,10.);
#1113=VECTOR('',#4054,10.);
#1114=VECTOR('',#4059,10.);
#1115=VECTOR('',#4060,10.);
#1116=VECTOR('',#4063,10.);
#1117=VECTOR('',#4068,10.);
#1118=VECTOR('',#4069,10.);
#1119=VECTOR('',#4072,10.);
#1120=VECTOR('',#4077,10.);
#1121=VECTOR('',#4078,10.);
#1122=VECTOR('',#4079,10.);
#1123=VECTOR('',#4082,10.);
#1124=VECTOR('',#4087,10.);
#1125=VECTOR('',#4090,10.);
#1126=VECTOR('',#4103,10.);
#1127=VECTOR('',#4112,10.);
#1128=VECTOR('',#4117,10.);
#1129=VECTOR('',#4132,10.);
#1130=VECTOR('',#4153,10.);
#1131=VECTOR('',#4160,10.);
#1132=VECTOR('',#4167,10.);
#1133=VECTOR('',#4176,10.);
#1134=VECTOR('',#4177,10.);
#1135=VECTOR('',#4186,10.);
#1136=VECTOR('',#4187,10.);
#1137=VECTOR('',#4196,10.);
#1138=VECTOR('',#4197,10.);
#1139=VECTOR('',#4206,10.);
#1140=VECTOR('',#4207,10.);
#1141=VECTOR('',#4216,10.);
#1142=VECTOR('',#4217,10.);
#1143=VECTOR('',#4222,10.);
#1144=VECTOR('',#4223,10.);
#1145=VECTOR('',#4234,10.);
#1146=VECTOR('',#4237,10.);
#1147=VECTOR('',#4240,10.);
#1148=VECTOR('',#4243,10.);
#1149=VECTOR('',#4248,10.);
#1150=VECTOR('',#4249,10.);
#1151=VECTOR('',#4250,10.);
#1152=VECTOR('',#4257,10.);
#1153=VECTOR('',#4260,10.);
#1154=VECTOR('',#4265,10.);
#1155=VECTOR('',#4270,10.);
#1156=VECTOR('',#4275,10.);
#1157=VECTOR('',#4278,10.);
#1158=VECTOR('',#4281,10.);
#1159=VECTOR('',#4284,10.);
#1160=VECTOR('',#4287,10.);
#1161=VECTOR('',#4292,10.);
#1162=VECTOR('',#4295,10.);
#1163=VECTOR('',#4298,10.);
#1164=VECTOR('',#4299,10.);
#1165=VECTOR('',#4304,10.);
#1166=VECTOR('',#4307,10.);
#1167=VECTOR('',#4310,10.);
#1168=VECTOR('',#4313,10.);
#1169=VECTOR('',#4314,10.);
#1170=VECTOR('',#4315,10.);
#1171=VECTOR('',#4318,10.);
#1172=VECTOR('',#4319,10.);
#1173=VECTOR('',#4322,10.);
#1174=VECTOR('',#4323,10.);
#1175=VECTOR('',#4324,10.);
#1176=VECTOR('',#4327,10.);
#1177=VECTOR('',#4328,10.);
#1178=VECTOR('',#4331,10.);
#1179=VECTOR('',#4332,10.);
#1180=VECTOR('',#4335,10.);
#1181=VECTOR('',#4336,10.);
#1182=VECTOR('',#4339,10.);
#1183=VECTOR('',#4340,10.);
#1184=VECTOR('',#4341,10.);
#1185=VECTOR('',#4344,10.);
#1186=VECTOR('',#4345,10.);
#1187=VECTOR('',#4346,10.);
#1188=VECTOR('',#4349,10.);
#1189=VECTOR('',#4354,10.);
#1190=VECTOR('',#4355,10.);
#1191=VECTOR('',#4358,10.);
#1192=VECTOR('',#4361,10.);
#1193=VECTOR('',#4366,10.);
#1194=VECTOR('',#4369,10.);
#1195=VECTOR('',#4374,10.);
#1196=VECTOR('',#4377,10.);
#1197=VECTOR('',#4388,10.);
#1198=VECTOR('',#4403,10.);
#1199=VECTOR('',#4404,10.);
#1200=VECTOR('',#4411,10.);
#1201=VECTOR('',#4412,10.);
#1202=VECTOR('',#4419,10.);
#1203=VECTOR('',#4420,10.);
#1204=VECTOR('',#4433,10.);
#1205=VECTOR('',#4434,10.);
#1206=VECTOR('',#4441,10.);
#1207=VECTOR('',#4442,10.);
#1208=VECTOR('',#4455,10.);
#1209=VECTOR('',#4456,10.);
#1210=VECTOR('',#4463,10.);
#1211=VECTOR('',#4464,10.);
#1212=VECTOR('',#4471,10.);
#1213=VECTOR('',#4472,10.);
#1214=VECTOR('',#4485,10.);
#1215=VECTOR('',#4486,10.);
#1216=VECTOR('',#4493,10.);
#1217=VECTOR('',#4494,10.);
#1218=VECTOR('',#4507,10.);
#1219=VECTOR('',#4508,10.);
#1220=VECTOR('',#4515,10.);
#1221=VECTOR('',#4516,10.);
#1222=VECTOR('',#4527,10.);
#1223=VECTOR('',#4528,10.);
#1224=VECTOR('',#4529,10.);
#1225=VECTOR('',#4532,10.);
#1226=VECTOR('',#4537,10.);
#1227=VECTOR('',#4538,10.);
#1228=VECTOR('',#4541,10.);
#1229=VECTOR('',#4544,10.);
#1230=VECTOR('',#4547,10.);
#1231=VECTOR('',#4578,10.);
#1232=VECTOR('',#4579,10.);
#1233=VECTOR('',#4584,10.);
#1234=VECTOR('',#4587,10.);
#1235=VECTOR('',#4588,10.);
#1236=VECTOR('',#4591,10.);
#1237=VECTOR('',#4594,10.);
#1238=VECTOR('',#4597,10.);
#1239=VECTOR('',#4600,10.);
#1240=VECTOR('',#4603,10.);
#1241=VECTOR('',#4606,10.);
#1242=VECTOR('',#4609,10.);
#1243=VECTOR('',#4616,10.);
#1244=VECTOR('',#4619,10.);
#1245=VECTOR('',#4622,10.);
#1246=VECTOR('',#4623,10.);
#1247=VECTOR('',#4626,10.);
#1248=VECTOR('',#4629,10.);
#1249=VECTOR('',#4630,10.);
#1250=VECTOR('',#4633,10.);
#1251=VECTOR('',#4636,10.);
#1252=VECTOR('',#4637,10.);
#1253=VECTOR('',#4640,10.);
#1254=VECTOR('',#4643,10.);
#1255=VECTOR('',#4644,10.);
#1256=VECTOR('',#4647,10.);
#1257=VECTOR('',#4650,10.);
#1258=VECTOR('',#4651,10.);
#1259=VECTOR('',#4654,10.);
#1260=VECTOR('',#4657,10.);
#1261=VECTOR('',#4662,10.);
#1262=VECTOR('',#4663,10.);
#1263=VECTOR('',#4666,10.);
#1264=VECTOR('',#4669,10.);
#1265=VECTOR('',#4672,10.);
#1266=VECTOR('',#4675,10.);
#1267=VECTOR('',#4678,10.);
#1268=VECTOR('',#4681,10.);
#1269=VECTOR('',#4682,10.);
#1270=VECTOR('',#4685,10.);
#1271=VECTOR('',#4688,10.);
#1272=VECTOR('',#4691,10.);
#1273=VECTOR('',#4692,10.);
#1274=CIRCLE('',#3538,2.10000000000001);
#1275=CIRCLE('',#3539,1.1);
#1276=CIRCLE('',#3541,4.70235449781832);
#1277=CIRCLE('',#3542,5.);
#1278=CIRCLE('',#3543,1.);
#1279=CIRCLE('',#3544,0.99999999999999);
#1280=CIRCLE('',#3545,5.);
#1281=CIRCLE('',#3546,2.10000000000001);
#1282=CIRCLE('',#3547,2.1);
#1283=CIRCLE('',#3548,2.1);
#1284=CIRCLE('',#3549,2.1);
#1285=CIRCLE('',#3551,1.1);
#1286=CIRCLE('',#3553,1.1);
#1287=CIRCLE('',#3555,1.1);
#1288=CIRCLE('',#3557,1.1);
#1289=CIRCLE('',#3559,1.1);
#1290=CIRCLE('',#3561,1.1);
#1291=CIRCLE('',#3563,1.1);
#1292=CIRCLE('',#3565,1.1);
#1293=CIRCLE('',#3567,1.1);
#1294=CIRCLE('',#3569,5.70235449781832);
#1295=CIRCLE('',#3573,4.);
#1296=CIRCLE('',#3576,2.);
#1297=CIRCLE('',#3579,2.);
#1298=CIRCLE('',#3582,4.);
#1299=CIRCLE('',#3596,4.);
#1300=CIRCLE('',#3598,30.3147640124277);
#1301=CIRCLE('',#3600,2.);
#1302=CIRCLE('',#3603,2.);
#1303=CIRCLE('',#3606,4.);
#1304=CIRCLE('',#3609,2.94000000000005);
#1305=CIRCLE('',#3610,30.3132958208291);
#1306=CIRCLE('',#3612,5.70235449781832);
#1307=CIRCLE('',#3613,1.00000000000033);
#1308=CIRCLE('',#3614,0.999999999999996);
#1309=CIRCLE('',#3615,1.);
#1310=CIRCLE('',#3617,0.999999999999943);
#1311=CIRCLE('',#3618,1.00000000000035);
#1312=CIRCLE('',#3619,1.);
#1313=CIRCLE('',#3620,1.);
#1314=CIRCLE('',#3622,1.);
#1315=CIRCLE('',#3624,1.);
#1316=CIRCLE('',#3626,5.);
#1317=CIRCLE('',#3628,4.70235449781832);
#1318=CIRCLE('',#3629,1.);
#1319=CIRCLE('',#3632,0.999999999999992);
#1320=CIRCLE('',#3633,29.3147640124277);
#1321=CIRCLE('',#3634,0.999999999999998);
#1322=CIRCLE('',#3635,0.999999999999999);
#1323=CIRCLE('',#3637,1.);
#1324=CIRCLE('',#3638,5.);
#1325=CIRCLE('',#3640,1.);
#1326=CIRCLE('',#3641,1.);
#1327=CIRCLE('',#3643,1.);
#1328=CIRCLE('',#3644,1.);
#1329=CIRCLE('',#3646,1.);
#1330=CIRCLE('',#3647,1.);
#1331=CIRCLE('',#3648,1.);
#1332=CIRCLE('',#3650,1.);
#1333=CIRCLE('',#3651,1.);
#1334=CIRCLE('',#3652,1.);
#1335=CIRCLE('',#3654,1.);
#1336=CIRCLE('',#3655,1.);
#1337=CIRCLE('',#3656,1.);
#1338=CIRCLE('',#3658,1.);
#1339=CIRCLE('',#3659,1.);
#1340=CIRCLE('',#3660,1.);
#1341=CIRCLE('',#3662,1.);
#1342=CIRCLE('',#3663,1.);
#1343=CIRCLE('',#3664,1.);
#1344=CIRCLE('',#3666,1.);
#1345=CIRCLE('',#3667,1.);
#1346=CIRCLE('',#3669,1.);
#1347=CIRCLE('',#3670,1.00000000000001);
#1348=CIRCLE('',#3671,3.94);
#1349=CIRCLE('',#3672,1.00000000000001);
#1350=CIRCLE('',#3675,3.94);
#1351=CIRCLE('',#3677,29.3147640124277);
#1352=CIRCLE('',#3679,1.);
#1353=CIRCLE('',#3680,2.86484007459329);
#1354=CIRCLE('',#3681,1.);
#1355=CIRCLE('',#3682,1.);
#1356=CIRCLE('',#3683,1.);
#1357=CIRCLE('',#3685,29.3132958208286);
#1358=CIRCLE('',#3688,3.94);
#1359=CIRCLE('',#3694,4.);
#1360=CIRCLE('',#3695,4.);
#1361=CIRCLE('',#3696,4.);
#1362=CIRCLE('',#3698,4.);
#1363=CIRCLE('',#3699,4.);
#1364=CIRCLE('',#3701,1.);
#1365=CIRCLE('',#3702,1.);
#1366=CIRCLE('',#3703,1.);
#1367=CIRCLE('',#3704,1.);
#1368=CIRCLE('',#3705,1.);
#1369=CIRCLE('',#3706,1.);
#1370=CIRCLE('',#3710,2.25234945185277);
#1371=CIRCLE('',#3712,4.);
#1372=CIRCLE('',#3713,4.);
#1373=CIRCLE('',#3715,0.999999999999991);
#1374=CIRCLE('',#3716,0.999999999999999);
#1375=CIRCLE('',#3718,0.999999999999988);
#1376=CIRCLE('',#3719,1.);
#1377=CIRCLE('',#3721,1.25234945185277);
#1378=CIRCLE('',#3722,0.999999999999999);
#1379=CIRCLE('',#3724,1.);
#1380=CIRCLE('',#3725,0.999999999999999);
#1381=CIRCLE('',#3727,0.999999999999999);
#1382=CIRCLE('',#3728,1.);
#1383=CIRCLE('',#3729,2.);
#1384=CIRCLE('',#3731,1.);
#1385=CIRCLE('',#3732,1.);
#1386=CIRCLE('',#3734,0.999999999999999);
#1387=CIRCLE('',#3735,1.);
#1388=CIRCLE('',#3737,1.);
#1389=CIRCLE('',#3739,1.00000000000001);
#1390=CIRCLE('',#3740,1.);
#1391=CIRCLE('',#3741,2.);
#1392=CIRCLE('',#3743,1.);
#1393=CIRCLE('',#3744,1.);
#1394=CIRCLE('',#3746,1.);
#1395=CIRCLE('',#3748,1.00000000000001);
#1396=CIRCLE('',#3749,1.);
#1397=CIRCLE('',#3750,2.);
#1398=CIRCLE('',#3752,1.);
#1399=CIRCLE('',#3753,1.);
#1400=CIRCLE('',#3755,1.);
#1401=CIRCLE('',#3756,1.);
#1402=CIRCLE('',#3758,1.);
#1403=CIRCLE('',#3760,1.00000000000001);
#1404=CIRCLE('',#3761,1.);
#1405=CIRCLE('',#3762,2.);
#1406=CIRCLE('',#3764,1.);
#1407=CIRCLE('',#3765,1.);
#1408=CIRCLE('',#3767,1.);
#1409=CIRCLE('',#3769,1.00000000000001);
#1410=CIRCLE('',#3770,1.);
#1411=CIRCLE('',#3771,2.);
#1412=CIRCLE('',#3773,1.);
#1413=CIRCLE('',#3774,1.);
#1414=CIRCLE('',#3776,0.999999999999999);
#1415=CIRCLE('',#3778,1.00000000000001);
#1416=CIRCLE('',#3779,1.);
#1417=CIRCLE('',#3780,2.);
#1418=CIRCLE('',#3782,1.);
#1419=CIRCLE('',#3783,1.);
#1420=CIRCLE('',#3787,1.);
#1421=CIRCLE('',#3789,0.999999999999994);
#1422=CIRCLE('',#3790,1.);
#1423=CIRCLE('',#3791,2.);
#1424=CIRCLE('',#3793,0.999999999999996);
#1425=CIRCLE('',#3794,2.86484007459329);
#1426=CIRCLE('',#3795,3.86484007459329);
#1427=CIRCLE('',#3797,0.999999999999997);
#1428=CIRCLE('',#3799,0.999999999999998);
#1429=CIRCLE('',#3801,0.999999999999996);
#1430=CIRCLE('',#3804,4.);
#1431=CIRCLE('',#3805,4.);
#1432=VERTEX_POINT('',#4703);
#1433=VERTEX_POINT('',#4705);
#1434=VERTEX_POINT('',#4709);
#1435=VERTEX_POINT('',#4710);
#1436=VERTEX_POINT('',#4712);
#1437=VERTEX_POINT('',#4714);
#1438=VERTEX_POINT('',#4728);
#1439=VERTEX_POINT('',#4730);
#1440=VERTEX_POINT('',#4732);
#1441=VERTEX_POINT('',#4734);
#1442=VERTEX_POINT('',#4736);
#1443=VERTEX_POINT('',#4738);
#1444=VERTEX_POINT('',#4740);
#1445=VERTEX_POINT('',#4742);
#1446=VERTEX_POINT('',#4744);
#1447=VERTEX_POINT('',#4746);
#1448=VERTEX_POINT('',#4759);
#1449=VERTEX_POINT('',#4761);
#1450=VERTEX_POINT('',#4769);
#1451=VERTEX_POINT('',#4771);
#1452=VERTEX_POINT('',#4777);
#1453=VERTEX_POINT('',#4785);
#1454=VERTEX_POINT('',#4787);
#1455=VERTEX_POINT('',#4792);
#1456=VERTEX_POINT('',#4797);
#1457=VERTEX_POINT('',#4799);
#1458=VERTEX_POINT('',#4804);
#1459=VERTEX_POINT('',#4809);
#1460=VERTEX_POINT('',#4811);
#1461=VERTEX_POINT('',#4819);
#1462=VERTEX_POINT('',#4824);
#1463=VERTEX_POINT('',#4826);
#1464=VERTEX_POINT('',#4831);
#1465=VERTEX_POINT('',#4836);
#1466=VERTEX_POINT('',#4838);
#1467=VERTEX_POINT('',#4847);
#1468=VERTEX_POINT('',#4849);
#1469=VERTEX_POINT('',#4851);
#1470=VERTEX_POINT('',#4853);
#1471=VERTEX_POINT('',#4856);
#1472=VERTEX_POINT('',#4860);
#1473=VERTEX_POINT('',#4864);
#1474=VERTEX_POINT('',#4868);
#1475=VERTEX_POINT('',#4872);
#1476=VERTEX_POINT('',#4876);
#1477=VERTEX_POINT('',#4880);
#1478=VERTEX_POINT('',#4884);
#1479=VERTEX_POINT('',#4888);
#1480=VERTEX_POINT('',#4943);
#1481=VERTEX_POINT('',#4948);
#1482=VERTEX_POINT('',#4966);
#1483=VERTEX_POINT('',#4968);
#1484=VERTEX_POINT('',#4974);
#1485=VERTEX_POINT('',#4978);
#1486=VERTEX_POINT('',#4982);
#1487=VERTEX_POINT('',#4986);
#1488=VERTEX_POINT('',#4990);
#1489=VERTEX_POINT('',#4994);
#1490=VERTEX_POINT('',#4998);
#1491=VERTEX_POINT('',#5002);
#1492=VERTEX_POINT('',#5006);
#1493=VERTEX_POINT('',#5057);
#1494=VERTEX_POINT('',#5072);
#1495=VERTEX_POINT('',#5103);
#1496=VERTEX_POINT('',#5113);
#1497=VERTEX_POINT('',#5136);
#1498=VERTEX_POINT('',#5171);
#1499=VERTEX_POINT('',#5181);
#1500=VERTEX_POINT('',#5200);
#1501=VERTEX_POINT('',#5222);
#1502=VERTEX_POINT('',#5229);
#1503=VERTEX_POINT('',#5248);
#1504=VERTEX_POINT('',#5270);
#1505=VERTEX_POINT('',#5277);
#1506=VERTEX_POINT('',#5308);
#1507=VERTEX_POINT('',#5333);
#1508=VERTEX_POINT('',#5340);
#1509=VERTEX_POINT('',#5359);
#1510=VERTEX_POINT('',#5381);
#1511=VERTEX_POINT('',#5388);
#1512=VERTEX_POINT('',#5419);
#1513=VERTEX_POINT('',#5450);
#1514=VERTEX_POINT('',#5455);
#1515=VERTEX_POINT('',#5466);
#1516=VERTEX_POINT('',#5483);
#1517=VERTEX_POINT('',#5492);
#1518=VERTEX_POINT('',#5509);
#1519=VERTEX_POINT('',#5519);
#1520=VERTEX_POINT('',#5523);
#1521=VERTEX_POINT('',#5525);
#1522=VERTEX_POINT('',#5530);
#1523=VERTEX_POINT('',#5537);
#1524=VERTEX_POINT('',#5539);
#1525=VERTEX_POINT('',#5543);
#1526=VERTEX_POINT('',#5547);
#1527=VERTEX_POINT('',#5551);
#1528=VERTEX_POINT('',#5555);
#1529=VERTEX_POINT('',#5559);
#1530=VERTEX_POINT('',#5563);
#1531=VERTEX_POINT('',#5586);
#1532=VERTEX_POINT('',#5608);
#1533=VERTEX_POINT('',#5610);
#1534=VERTEX_POINT('',#5612);
#1535=VERTEX_POINT('',#5616);
#1536=VERTEX_POINT('',#5618);
#1537=VERTEX_POINT('',#5633);
#1538=VERTEX_POINT('',#5635);
#1539=VERTEX_POINT('',#5639);
#1540=VERTEX_POINT('',#5651);
#1541=VERTEX_POINT('',#5653);
#1542=VERTEX_POINT('',#5657);
#1543=VERTEX_POINT('',#5661);
#1544=VERTEX_POINT('',#5699);
#1545=VERTEX_POINT('',#5705);
#1546=VERTEX_POINT('',#5743);
#1547=VERTEX_POINT('',#5749);
#1548=VERTEX_POINT('',#5772);
#1549=VERTEX_POINT('',#5798);
#1550=VERTEX_POINT('',#5805);
#1551=VERTEX_POINT('',#5809);
#1552=VERTEX_POINT('',#5842);
#1553=VERTEX_POINT('',#5855);
#1554=VERTEX_POINT('',#5888);
#1555=VERTEX_POINT('',#5897);
#1556=VERTEX_POINT('',#5925);
#1557=VERTEX_POINT('',#5962);
#1558=VERTEX_POINT('',#5969);
#1559=VERTEX_POINT('',#5978);
#1560=VERTEX_POINT('',#5979);
#1561=VERTEX_POINT('',#6003);
#1562=VERTEX_POINT('',#6004);
#1563=VERTEX_POINT('',#6034);
#1564=VERTEX_POINT('',#6039);
#1565=VERTEX_POINT('',#6046);
#1566=VERTEX_POINT('',#6047);
#1567=VERTEX_POINT('',#6071);
#1568=VERTEX_POINT('',#6076);
#1569=VERTEX_POINT('',#6102);
#1570=VERTEX_POINT('',#6103);
#1571=VERTEX_POINT('',#6114);
#1572=VERTEX_POINT('',#6115);
#1573=VERTEX_POINT('',#6149);
#1574=VERTEX_POINT('',#6156);
#1575=VERTEX_POINT('',#6184);
#1576=VERTEX_POINT('',#6185);
#1577=VERTEX_POINT('',#6196);
#1578=VERTEX_POINT('',#6197);
#1579=VERTEX_POINT('',#6221);
#1580=VERTEX_POINT('',#6226);
#1581=VERTEX_POINT('',#6252);
#1582=VERTEX_POINT('',#6253);
#1583=VERTEX_POINT('',#6264);
#1584=VERTEX_POINT('',#6265);
#1585=VERTEX_POINT('',#6299);
#1586=VERTEX_POINT('',#6306);
#1587=VERTEX_POINT('',#6337);
#1588=VERTEX_POINT('',#6363);
#1589=VERTEX_POINT('',#6386);
#1590=VERTEX_POINT('',#6393);
#1591=VERTEX_POINT('',#6553);
#1592=VERTEX_POINT('',#6555);
#1593=VERTEX_POINT('',#6559);
#1594=VERTEX_POINT('',#6561);
#1595=VERTEX_POINT('',#6568);
#1596=VERTEX_POINT('',#6570);
#1597=VERTEX_POINT('',#6572);
#1598=VERTEX_POINT('',#6580);
#1599=VERTEX_POINT('',#6582);
#1600=VERTEX_POINT('',#6584);
#1601=VERTEX_POINT('',#6586);
#1602=VERTEX_POINT('',#6588);
#1603=VERTEX_POINT('',#6590);
#1604=VERTEX_POINT('',#6592);
#1605=VERTEX_POINT('',#6596);
#1606=VERTEX_POINT('',#6600);
#1607=VERTEX_POINT('',#6602);
#1608=VERTEX_POINT('',#6604);
#1609=VERTEX_POINT('',#6775);
#1610=VERTEX_POINT('',#6780);
#1611=VERTEX_POINT('',#6785);
#1612=VERTEX_POINT('',#6810);
#1613=VERTEX_POINT('',#6830);
#1614=VERTEX_POINT('',#6835);
#1615=VERTEX_POINT('',#6837);
#1616=VERTEX_POINT('',#6839);
#1617=VERTEX_POINT('',#6841);
#1618=VERTEX_POINT('',#6861);
#1619=VERTEX_POINT('',#6862);
#1620=VERTEX_POINT('',#6864);
#1621=VERTEX_POINT('',#6866);
#1622=VERTEX_POINT('',#6870);
#1623=VERTEX_POINT('',#6872);
#1624=VERTEX_POINT('',#6874);
#1625=VERTEX_POINT('',#6876);
#1626=VERTEX_POINT('',#6881);
#1627=VERTEX_POINT('',#6883);
#1628=VERTEX_POINT('',#6888);
#1629=VERTEX_POINT('',#6890);
#1630=VERTEX_POINT('',#6892);
#1631=VERTEX_POINT('',#6894);
#1632=VERTEX_POINT('',#6899);
#1633=VERTEX_POINT('',#6901);
#1634=VERTEX_POINT('',#6903);
#1635=VERTEX_POINT('',#6905);
#1636=VERTEX_POINT('',#6910);
#1637=VERTEX_POINT('',#6912);
#1638=VERTEX_POINT('',#6917);
#1639=VERTEX_POINT('',#6919);
#1640=VERTEX_POINT('',#6921);
#1641=VERTEX_POINT('',#6923);
#1642=VERTEX_POINT('',#6928);
#1643=VERTEX_POINT('',#6930);
#1644=VERTEX_POINT('',#6932);
#1645=VERTEX_POINT('',#6934);
#1646=VERTEX_POINT('',#6939);
#1647=VERTEX_POINT('',#6941);
#1648=VERTEX_POINT('',#6943);
#1649=VERTEX_POINT('',#6945);
#1650=VERTEX_POINT('',#6952);
#1651=VERTEX_POINT('',#6954);
#1652=VERTEX_POINT('',#6958);
#1653=VERTEX_POINT('',#6960);
#1654=VERTEX_POINT('',#6964);
#1655=VERTEX_POINT('',#6968);
#1656=VERTEX_POINT('',#6970);
#1657=VERTEX_POINT('',#6972);
#1658=VERTEX_POINT('',#6974);
#1659=VERTEX_POINT('',#6976);
#1660=VERTEX_POINT('',#6980);
#1661=VERTEX_POINT('',#6981);
#1662=VERTEX_POINT('',#6983);
#1663=VERTEX_POINT('',#6985);
#1664=VERTEX_POINT('',#6989);
#1665=VERTEX_POINT('',#6990);
#1666=VERTEX_POINT('',#6993);
#1667=VERTEX_POINT('',#6997);
#1668=VERTEX_POINT('',#7035);
#1669=VERTEX_POINT('',#7040);
#1670=VERTEX_POINT('',#7044);
#1671=VERTEX_POINT('',#7045);
#1672=VERTEX_POINT('',#7050);
#1673=VERTEX_POINT('',#7051);
#1674=VERTEX_POINT('',#7577);
#1675=VERTEX_POINT('',#7636);
#1676=VERTEX_POINT('',#7697);
#1677=VERTEX_POINT('',#7698);
#1678=VERTEX_POINT('',#7822);
#1679=VERTEX_POINT('',#7847);
#1680=VERTEX_POINT('',#7874);
#1681=VERTEX_POINT('',#7875);
#1682=VERTEX_POINT('',#7880);
#1683=VERTEX_POINT('',#7881);
#1684=VERTEX_POINT('',#7886);
#1685=VERTEX_POINT('',#7887);
#1686=VERTEX_POINT('',#7991);
#1687=VERTEX_POINT('',#8012);
#1688=VERTEX_POINT('',#8035);
#1689=VERTEX_POINT('',#8036);
#1690=VERTEX_POINT('',#8041);
#1691=VERTEX_POINT('',#8042);
#1692=VERTEX_POINT('',#8047);
#1693=VERTEX_POINT('',#8048);
#1694=VERTEX_POINT('',#8166);
#1695=VERTEX_POINT('',#8184);
#1696=VERTEX_POINT('',#8206);
#1697=VERTEX_POINT('',#8207);
#1698=VERTEX_POINT('',#8281);
#1699=VERTEX_POINT('',#8296);
#1700=VERTEX_POINT('',#8313);
#1701=VERTEX_POINT('',#8314);
#1702=VERTEX_POINT('',#8319);
#1703=VERTEX_POINT('',#8320);
#1704=VERTEX_POINT('',#8325);
#1705=VERTEX_POINT('',#8326);
#1706=VERTEX_POINT('',#8415);
#1707=VERTEX_POINT('',#8433);
#1708=VERTEX_POINT('',#8453);
#1709=VERTEX_POINT('',#8454);
#1710=VERTEX_POINT('',#8459);
#1711=VERTEX_POINT('',#8460);
#1712=VERTEX_POINT('',#8465);
#1713=VERTEX_POINT('',#8466);
#1714=VERTEX_POINT('',#8540);
#1715=VERTEX_POINT('',#8555);
#1716=VERTEX_POINT('',#8572);
#1717=VERTEX_POINT('',#8573);
#1718=VERTEX_POINT('',#8578);
#1719=VERTEX_POINT('',#8579);
#1720=VERTEX_POINT('',#8584);
#1721=VERTEX_POINT('',#8585);
#1722=VERTEX_POINT('',#8592);
#1723=VERTEX_POINT('',#8594);
#1724=VERTEX_POINT('',#8602);
#1725=VERTEX_POINT('',#8604);
#1726=VERTEX_POINT('',#8677);
#1727=VERTEX_POINT('',#8708);
#1728=VERTEX_POINT('',#8715);
#1729=VERTEX_POINT('',#8725);
#1730=VERTEX_POINT('',#8798);
#1731=VERTEX_POINT('',#8808);
#1732=VERTEX_POINT('',#8833);
#1733=VERTEX_POINT('',#8835);
#1734=VERTEX_POINT('',#8839);
#1735=VERTEX_POINT('',#8840);
#1736=VERTEX_POINT('',#8845);
#1737=VERTEX_POINT('',#8859);
#1738=VERTEX_POINT('',#8861);
#1739=EDGE_CURVE('',#1432,#1432,#1274,.T.);
#1740=EDGE_CURVE('',#1432,#1433,#792,.T.);
#1741=EDGE_CURVE('',#1433,#1433,#1275,.T.);
#1742=EDGE_CURVE('',#1434,#1435,#1276,.T.);
#1743=EDGE_CURVE('',#1436,#1434,#793,.T.);
#1744=EDGE_CURVE('',#1437,#1436,#182,.T.);
#1745=EDGE_CURVE('',#1438,#1437,#794,.T.);
#1746=EDGE_CURVE('',#1439,#1438,#1277,.T.);
#1747=EDGE_CURVE('',#1440,#1439,#795,.T.);
#1748=EDGE_CURVE('',#1441,#1440,#1278,.T.);
#1749=EDGE_CURVE('',#1442,#1441,#796,.T.);
#1750=EDGE_CURVE('',#1443,#1442,#1279,.T.);
#1751=EDGE_CURVE('',#1444,#1443,#797,.T.);
#1752=EDGE_CURVE('',#1445,#1444,#1280,.T.);
#1753=EDGE_CURVE('',#1446,#1445,#798,.T.);
#1754=EDGE_CURVE('',#1447,#1446,#183,.T.);
#1755=EDGE_CURVE('',#1448,#1447,#799,.T.);
#1756=EDGE_CURVE('',#1449,#1448,#184,.T.);
#1757=EDGE_CURVE('',#1450,#1449,#800,.T.);
#1758=EDGE_CURVE('',#1451,#1450,#185,.T.);
#1759=EDGE_CURVE('',#1452,#1451,#186,.T.);
#1760=EDGE_CURVE('',#1453,#1452,#801,.T.);
#1761=EDGE_CURVE('',#1454,#1453,#187,.T.);
#1762=EDGE_CURVE('',#1455,#1454,#188,.T.);
#1763=EDGE_CURVE('',#1456,#1455,#802,.T.);
#1764=EDGE_CURVE('',#1457,#1456,#189,.T.);
#1765=EDGE_CURVE('',#1458,#1457,#190,.T.);
#1766=EDGE_CURVE('',#1459,#1458,#803,.T.);
#1767=EDGE_CURVE('',#1460,#1459,#191,.T.);
#1768=EDGE_CURVE('',#1461,#1460,#192,.T.);
#1769=EDGE_CURVE('',#1462,#1461,#804,.T.);
#1770=EDGE_CURVE('',#1463,#1462,#193,.T.);
#1771=EDGE_CURVE('',#1464,#1463,#194,.T.);
#1772=EDGE_CURVE('',#1465,#1464,#805,.T.);
#1773=EDGE_CURVE('',#1466,#1465,#195,.T.);
#1774=EDGE_CURVE('',#1435,#1466,#806,.T.);
#1775=EDGE_CURVE('',#1467,#1467,#1281,.T.);
#1776=EDGE_CURVE('',#1468,#1468,#1282,.T.);
#1777=EDGE_CURVE('',#1469,#1469,#1283,.T.);
#1778=EDGE_CURVE('',#1470,#1470,#1284,.T.);
#1779=EDGE_CURVE('',#1433,#1471,#807,.T.);
#1780=EDGE_CURVE('',#1471,#1471,#1285,.T.);
#1781=EDGE_CURVE('',#1467,#1472,#808,.T.);
#1782=EDGE_CURVE('',#1472,#1472,#1286,.T.);
#1783=EDGE_CURVE('',#1472,#1473,#809,.T.);
#1784=EDGE_CURVE('',#1473,#1473,#1287,.T.);
#1785=EDGE_CURVE('',#1470,#1474,#810,.T.);
#1786=EDGE_CURVE('',#1474,#1474,#1288,.T.);
#1787=EDGE_CURVE('',#1474,#1475,#811,.T.);
#1788=EDGE_CURVE('',#1475,#1475,#1289,.T.);
#1789=EDGE_CURVE('',#1468,#1476,#812,.T.);
#1790=EDGE_CURVE('',#1476,#1476,#1290,.T.);
#1791=EDGE_CURVE('',#1476,#1477,#813,.T.);
#1792=EDGE_CURVE('',#1477,#1477,#1291,.T.);
#1793=EDGE_CURVE('',#1469,#1478,#814,.T.);
#1794=EDGE_CURVE('',#1478,#1478,#1292,.T.);
#1795=EDGE_CURVE('',#1478,#1479,#815,.T.);
#1796=EDGE_CURVE('',#1479,#1479,#1293,.T.);
#1797=EDGE_CURVE('',#1480,#1437,#196,.T.);
#1798=EDGE_CURVE('',#1436,#1481,#197,.T.);
#1799=EDGE_CURVE('',#1481,#1480,#198,.T.);
#1800=EDGE_CURVE('',#1482,#1435,#816,.T.);
#1801=EDGE_CURVE('',#1482,#1483,#1294,.T.);
#1802=EDGE_CURVE('',#1483,#1434,#817,.T.);
#1803=EDGE_CURVE('',#1483,#1481,#818,.T.);
#1804=EDGE_CURVE('',#1480,#1484,#819,.T.);
#1805=EDGE_CURVE('',#1484,#1438,#820,.T.);
#1806=EDGE_CURVE('',#1484,#1485,#1295,.T.);
#1807=EDGE_CURVE('',#1485,#1439,#821,.T.);
#1808=EDGE_CURVE('',#1486,#1440,#822,.T.);
#1809=EDGE_CURVE('',#1485,#1486,#823,.T.);
#1810=EDGE_CURVE('',#1486,#1487,#1296,.T.);
#1811=EDGE_CURVE('',#1487,#1441,#824,.T.);
#1812=EDGE_CURVE('',#1488,#1442,#825,.T.);
#1813=EDGE_CURVE('',#1487,#1488,#826,.T.);
#1814=EDGE_CURVE('',#1488,#1489,#1297,.T.);
#1815=EDGE_CURVE('',#1489,#1443,#827,.T.);
#1816=EDGE_CURVE('',#1490,#1444,#828,.T.);
#1817=EDGE_CURVE('',#1489,#1490,#829,.T.);
#1818=EDGE_CURVE('',#1490,#1491,#1298,.T.);
#1819=EDGE_CURVE('',#1491,#1445,#830,.T.);
#1820=EDGE_CURVE('',#1492,#1446,#831,.T.);
#1821=EDGE_CURVE('',#1491,#1492,#832,.T.);
#1822=EDGE_CURVE('',#1493,#1447,#833,.T.);
#1823=EDGE_CURVE('',#1492,#1493,#199,.T.);
#1824=EDGE_CURVE('',#1494,#1448,#834,.T.);
#1825=EDGE_CURVE('',#1493,#1494,#835,.T.);
#1826=EDGE_CURVE('',#1495,#1449,#836,.T.);
#1827=EDGE_CURVE('',#1494,#1495,#200,.T.);
#1828=EDGE_CURVE('',#1496,#1450,#837,.T.);
#1829=EDGE_CURVE('',#1495,#1496,#838,.T.);
#1830=EDGE_CURVE('',#1496,#1497,#201,.T.);
#1831=EDGE_CURVE('',#1497,#1451,#839,.T.);
#1832=EDGE_CURVE('',#1498,#1452,#840,.T.);
#1833=EDGE_CURVE('',#1497,#1498,#202,.T.);
#1834=EDGE_CURVE('',#1499,#1453,#841,.T.);
#1835=EDGE_CURVE('',#1498,#1499,#842,.T.);
#1836=EDGE_CURVE('',#1499,#1500,#203,.T.);
#1837=EDGE_CURVE('',#1500,#1454,#843,.T.);
#1838=EDGE_CURVE('',#1501,#1455,#844,.T.);
#1839=EDGE_CURVE('',#1500,#1501,#204,.T.);
#1840=EDGE_CURVE('',#1502,#1456,#845,.T.);
#1841=EDGE_CURVE('',#1501,#1502,#846,.T.);
#1842=EDGE_CURVE('',#1503,#1457,#847,.T.);
#1843=EDGE_CURVE('',#1502,#1503,#205,.T.);
#1844=EDGE_CURVE('',#1503,#1504,#206,.T.);
#1845=EDGE_CURVE('',#1504,#1458,#848,.T.);
#1846=EDGE_CURVE('',#1505,#1459,#849,.T.);
#1847=EDGE_CURVE('',#1504,#1505,#850,.T.);
#1848=EDGE_CURVE('',#1506,#1460,#851,.T.);
#1849=EDGE_CURVE('',#1505,#1506,#207,.T.);
#1850=EDGE_CURVE('',#1506,#1507,#208,.T.);
#1851=EDGE_CURVE('',#1507,#1461,#852,.T.);
#1852=EDGE_CURVE('',#1508,#1462,#853,.T.);
#1853=EDGE_CURVE('',#1507,#1508,#854,.T.);
#1854=EDGE_CURVE('',#1509,#1463,#855,.T.);
#1855=EDGE_CURVE('',#1508,#1509,#209,.T.);
#1856=EDGE_CURVE('',#1509,#1510,#210,.T.);
#1857=EDGE_CURVE('',#1510,#1464,#856,.T.);
#1858=EDGE_CURVE('',#1511,#1465,#857,.T.);
#1859=EDGE_CURVE('',#1510,#1511,#858,.T.);
#1860=EDGE_CURVE('',#1512,#1466,#859,.T.);
#1861=EDGE_CURVE('',#1511,#1512,#211,.T.);
#1862=EDGE_CURVE('',#1512,#1482,#860,.T.);
#1863=EDGE_CURVE('',#1496,#1513,#212,.T.);
#1864=EDGE_CURVE('',#1514,#1513,#213,.T.);
#1865=EDGE_CURVE('',#1514,#1497,#214,.T.);
#1866=EDGE_CURVE('',#1515,#1495,#861,.T.);
#1867=EDGE_CURVE('',#1513,#1515,#862,.T.);
#1868=EDGE_CURVE('',#1516,#1494,#863,.T.);
#1869=EDGE_CURVE('',#1515,#1516,#215,.T.);
#1870=EDGE_CURVE('',#1517,#1493,#864,.T.);
#1871=EDGE_CURVE('',#1516,#1517,#865,.T.);
#1872=EDGE_CURVE('',#1518,#1492,#866,.T.);
#1873=EDGE_CURVE('',#1517,#1518,#216,.T.);
#1874=EDGE_CURVE('',#1519,#1491,#867,.T.);
#1875=EDGE_CURVE('',#1518,#1519,#868,.T.);
#1876=EDGE_CURVE('',#1490,#1520,#869,.T.);
#1877=EDGE_CURVE('',#1521,#1520,#217,.T.);
#1878=EDGE_CURVE('',#1522,#1521,#218,.T.);
#1879=EDGE_CURVE('',#1519,#1522,#1299,.T.);
#1880=EDGE_CURVE('',#1523,#1489,#870,.T.);
#1881=EDGE_CURVE('',#1524,#1523,#871,.T.);
#1882=EDGE_CURVE('',#1520,#1524,#1300,.T.);
#1883=EDGE_CURVE('',#1488,#1525,#872,.T.);
#1884=EDGE_CURVE('',#1523,#1525,#1301,.T.);
#1885=EDGE_CURVE('',#1526,#1487,#873,.T.);
#1886=EDGE_CURVE('',#1525,#1526,#874,.T.);
#1887=EDGE_CURVE('',#1486,#1527,#875,.T.);
#1888=EDGE_CURVE('',#1526,#1527,#1302,.T.);
#1889=EDGE_CURVE('',#1528,#1485,#876,.T.);
#1890=EDGE_CURVE('',#1527,#1528,#877,.T.);
#1891=EDGE_CURVE('',#1484,#1529,#878,.T.);
#1892=EDGE_CURVE('',#1528,#1529,#1303,.T.);
#1893=EDGE_CURVE('',#1530,#1480,#879,.T.);
#1894=EDGE_CURVE('',#1529,#1530,#880,.T.);
#1895=EDGE_CURVE('',#1531,#1481,#881,.T.);
#1896=EDGE_CURVE('',#1530,#1531,#219,.T.);
#1897=EDGE_CURVE('',#1532,#1483,#882,.T.);
#1898=EDGE_CURVE('',#1533,#1532,#1304,.T.);
#1899=EDGE_CURVE('',#1534,#1533,#1305,.T.);
#1900=EDGE_CURVE('',#1531,#1534,#883,.T.);
#1901=EDGE_CURVE('',#1535,#1482,#884,.T.);
#1902=EDGE_CURVE('',#1536,#1535,#1306,.T.);
#1903=EDGE_CURVE('',#1532,#1536,#220,.T.);
#1904=EDGE_CURVE('',#1537,#1526,#1307,.T.);
#1905=EDGE_CURVE('',#1527,#1538,#1308,.T.);
#1906=EDGE_CURVE('',#1538,#1537,#1309,.T.);
#1907=EDGE_CURVE('',#1539,#1528,#1310,.T.);
#1908=EDGE_CURVE('',#1539,#1538,#885,.T.);
#1909=EDGE_CURVE('',#1540,#1523,#1311,.T.);
#1910=EDGE_CURVE('',#1525,#1541,#1312,.T.);
#1911=EDGE_CURVE('',#1541,#1540,#1313,.T.);
#1912=EDGE_CURVE('',#1540,#1542,#886,.T.);
#1913=EDGE_CURVE('',#1542,#1524,#1314,.T.);
#1914=EDGE_CURVE('',#1530,#1543,#221,.T.);
#1915=EDGE_CURVE('',#1543,#1544,#887,.T.);
#1916=EDGE_CURVE('',#1544,#1529,#1315,.T.);
#1917=EDGE_CURVE('',#1544,#1539,#1316,.T.);
#1918=EDGE_CURVE('',#1535,#1545,#222,.T.);
#1919=EDGE_CURVE('',#1545,#1546,#1317,.T.);
#1920=EDGE_CURVE('',#1546,#1536,#1318,.T.);
#1921=EDGE_CURVE('',#1537,#1541,#888,.T.);
#1922=EDGE_CURVE('',#1547,#1520,#1319,.T.);
#1923=EDGE_CURVE('',#1542,#1547,#1320,.T.);
#1924=EDGE_CURVE('',#1548,#1521,#1321,.T.);
#1925=EDGE_CURVE('',#1547,#1548,#223,.T.);
#1926=EDGE_CURVE('',#1548,#1549,#224,.T.);
#1927=EDGE_CURVE('',#1549,#1522,#1322,.T.);
#1928=EDGE_CURVE('',#1550,#1519,#1323,.T.);
#1929=EDGE_CURVE('',#1549,#1550,#1324,.T.);
#1930=EDGE_CURVE('',#1551,#1518,#1325,.T.);
#1931=EDGE_CURVE('',#1550,#1551,#889,.T.);
#1932=EDGE_CURVE('',#1551,#1552,#225,.T.);
#1933=EDGE_CURVE('',#1552,#1517,#1326,.T.);
#1934=EDGE_CURVE('',#1553,#1516,#1327,.T.);
#1935=EDGE_CURVE('',#1552,#1553,#890,.T.);
#1936=EDGE_CURVE('',#1553,#1554,#226,.T.);
#1937=EDGE_CURVE('',#1554,#1515,#1328,.T.);
#1938=EDGE_CURVE('',#1555,#1513,#1329,.T.);
#1939=EDGE_CURVE('',#1554,#1555,#891,.T.);
#1940=EDGE_CURVE('',#1555,#1556,#227,.T.);
#1941=EDGE_CURVE('',#1556,#1514,#1330,.T.);
#1942=EDGE_CURVE('',#1556,#1557,#228,.T.);
#1943=EDGE_CURVE('',#1557,#1558,#1331,.T.);
#1944=EDGE_CURVE('',#1558,#1514,#229,.T.);
#1945=EDGE_CURVE('',#1559,#1560,#1332,.T.);
#1946=EDGE_CURVE('',#1560,#1558,#892,.T.);
#1947=EDGE_CURVE('',#1557,#1559,#893,.T.);
#1948=EDGE_CURVE('',#1561,#1562,#1333,.T.);
#1949=EDGE_CURVE('',#1562,#1560,#230,.T.);
#1950=EDGE_CURVE('',#1559,#1561,#231,.T.);
#1951=EDGE_CURVE('',#1561,#1563,#232,.T.);
#1952=EDGE_CURVE('',#1563,#1564,#1334,.T.);
#1953=EDGE_CURVE('',#1564,#1562,#233,.T.);
#1954=EDGE_CURVE('',#1565,#1566,#1335,.T.);
#1955=EDGE_CURVE('',#1566,#1564,#894,.T.);
#1956=EDGE_CURVE('',#1563,#1565,#895,.T.);
#1957=EDGE_CURVE('',#1565,#1567,#234,.T.);
#1958=EDGE_CURVE('',#1567,#1568,#1336,.T.);
#1959=EDGE_CURVE('',#1568,#1566,#235,.T.);
#1960=EDGE_CURVE('',#1569,#1570,#1337,.T.);
#1961=EDGE_CURVE('',#1570,#1568,#236,.T.);
#1962=EDGE_CURVE('',#1567,#1569,#237,.T.);
#1963=EDGE_CURVE('',#1571,#1572,#1338,.T.);
#1964=EDGE_CURVE('',#1572,#1570,#896,.T.);
#1965=EDGE_CURVE('',#1569,#1571,#897,.T.);
#1966=EDGE_CURVE('',#1571,#1573,#238,.T.);
#1967=EDGE_CURVE('',#1573,#1574,#1339,.T.);
#1968=EDGE_CURVE('',#1574,#1572,#239,.T.);
#1969=EDGE_CURVE('',#1575,#1576,#1340,.T.);
#1970=EDGE_CURVE('',#1576,#1574,#240,.T.);
#1971=EDGE_CURVE('',#1573,#1575,#241,.T.);
#1972=EDGE_CURVE('',#1577,#1578,#1341,.T.);
#1973=EDGE_CURVE('',#1578,#1576,#898,.T.);
#1974=EDGE_CURVE('',#1575,#1577,#899,.T.);
#1975=EDGE_CURVE('',#1577,#1579,#242,.T.);
#1976=EDGE_CURVE('',#1579,#1580,#1342,.T.);
#1977=EDGE_CURVE('',#1580,#1578,#243,.T.);
#1978=EDGE_CURVE('',#1581,#1582,#1343,.T.);
#1979=EDGE_CURVE('',#1582,#1580,#244,.T.);
#1980=EDGE_CURVE('',#1579,#1581,#245,.T.);
#1981=EDGE_CURVE('',#1583,#1584,#1344,.T.);
#1982=EDGE_CURVE('',#1584,#1582,#900,.T.);
#1983=EDGE_CURVE('',#1581,#1583,#901,.T.);
#1984=EDGE_CURVE('',#1583,#1585,#246,.T.);
#1985=EDGE_CURVE('',#1585,#1586,#1345,.T.);
#1986=EDGE_CURVE('',#1586,#1584,#247,.T.);
#1987=EDGE_CURVE('',#1535,#1586,#902,.T.);
#1988=EDGE_CURVE('',#1585,#1545,#903,.T.);
#1989=EDGE_CURVE('',#1546,#1587,#248,.T.);
#1990=EDGE_CURVE('',#1587,#1532,#1346,.T.);
#1991=EDGE_CURVE('',#1588,#1533,#1347,.T.);
#1992=EDGE_CURVE('',#1587,#1588,#1348,.T.);
#1993=EDGE_CURVE('',#1589,#1534,#1349,.T.);
#1994=EDGE_CURVE('',#1588,#1589,#249,.T.);
#1995=EDGE_CURVE('',#1589,#1590,#904,.T.);
#1996=EDGE_CURVE('',#1590,#1531,#250,.T.);
#1997=EDGE_CURVE('',#1590,#1543,#251,.T.);
#1998=EDGE_CURVE('',#1548,#1591,#905,.T.);
#1999=EDGE_CURVE('',#1591,#1592,#1350,.T.);
#2000=EDGE_CURVE('',#1592,#1549,#906,.T.);
#2001=EDGE_CURVE('',#1542,#1593,#907,.T.);
#2002=EDGE_CURVE('',#1594,#1593,#252,.T.);
#2003=EDGE_CURVE('',#1591,#1594,#1351,.T.);
#2004=EDGE_CURVE('',#1595,#1589,#908,.T.);
#2005=EDGE_CURVE('',#1596,#1595,#909,.T.);
#2006=EDGE_CURVE('',#1597,#1596,#253,.T.);
#2007=EDGE_CURVE('',#1598,#1597,#910,.T.);
#2008=EDGE_CURVE('',#1599,#1598,#1352,.T.);
#2009=EDGE_CURVE('',#1600,#1599,#1353,.T.);
#2010=EDGE_CURVE('',#1601,#1600,#1354,.T.);
#2011=EDGE_CURVE('',#1602,#1601,#911,.T.);
#2012=EDGE_CURVE('',#1603,#1602,#1355,.T.);
#2013=EDGE_CURVE('',#1604,#1603,#912,.T.);
#2014=EDGE_CURVE('',#1593,#1604,#1356,.T.);
#2015=EDGE_CURVE('',#1605,#1588,#913,.T.);
#2016=EDGE_CURVE('',#1595,#1605,#1357,.T.);
#2017=EDGE_CURVE('',#1546,#1606,#914,.T.);
#2018=EDGE_CURVE('',#1606,#1607,#26,.T.);
#2019=EDGE_CURVE('',#1607,#1608,#254,.T.);
#2020=EDGE_CURVE('',#1608,#1605,#1358,.T.);
#2021=EDGE_CURVE('',#1558,#1498,#915,.T.);
#2022=EDGE_CURVE('',#1499,#1560,#255,.T.);
#2023=EDGE_CURVE('',#1562,#1500,#256,.T.);
#2024=EDGE_CURVE('',#1564,#1501,#916,.T.);
#2025=EDGE_CURVE('',#1566,#1502,#917,.T.);
#2026=EDGE_CURVE('',#1503,#1568,#257,.T.);
#2027=EDGE_CURVE('',#1570,#1504,#258,.T.);
#2028=EDGE_CURVE('',#1572,#1505,#918,.T.);
#2029=EDGE_CURVE('',#1506,#1574,#259,.T.);
#2030=EDGE_CURVE('',#1576,#1507,#260,.T.);
#2031=EDGE_CURVE('',#1578,#1508,#919,.T.);
#2032=EDGE_CURVE('',#1609,#1580,#261,.T.);
#2033=EDGE_CURVE('',#1610,#1609,#262,.T.);
#2034=EDGE_CURVE('',#1610,#1611,#263,.F.);
#2035=EDGE_CURVE('',#1509,#1611,#264,.T.);
#2036=EDGE_CURVE('',#1582,#1612,#265,.T.);
#2037=EDGE_CURVE('',#1612,#1609,#266,.T.);
#2038=EDGE_CURVE('',#1613,#1510,#267,.T.);
#2039=EDGE_CURVE('',#1613,#1614,#1359,.F.);
#2040=EDGE_CURVE('',#1614,#1615,#920,.T.);
#2041=EDGE_CURVE('',#1616,#1615,#1360,.T.);
#2042=EDGE_CURVE('',#1616,#1617,#921,.T.);
#2043=EDGE_CURVE('',#1612,#1617,#1361,.T.);
#2044=EDGE_CURVE('',#1584,#1511,#922,.T.);
#2045=EDGE_CURVE('',#1586,#1512,#923,.T.);
#2046=EDGE_CURVE('',#1618,#1619,#1362,.T.);
#2047=EDGE_CURVE('',#1618,#1620,#924,.T.);
#2048=EDGE_CURVE('',#1621,#1620,#1363,.T.);
#2049=EDGE_CURVE('',#1621,#1619,#925,.T.);
#2050=EDGE_CURVE('',#1592,#1622,#926,.T.);
#2051=EDGE_CURVE('',#1623,#1622,#1364,.T.);
#2052=EDGE_CURVE('',#1623,#1624,#927,.T.);
#2053=EDGE_CURVE('',#1624,#1625,#268,.T.);
#2054=EDGE_CURVE('',#1625,#1626,#928,.T.);
#2055=EDGE_CURVE('',#1626,#1627,#269,.T.);
#2056=EDGE_CURVE('',#1627,#1628,#929,.T.);
#2057=EDGE_CURVE('',#1629,#1628,#1365,.T.);
#2058=EDGE_CURVE('',#1629,#1630,#930,.T.);
#2059=EDGE_CURVE('',#1630,#1631,#270,.T.);
#2060=EDGE_CURVE('',#1631,#1632,#931,.T.);
#2061=EDGE_CURVE('',#1633,#1632,#1366,.T.);
#2062=EDGE_CURVE('',#1633,#1634,#932,.T.);
#2063=EDGE_CURVE('',#1634,#1635,#271,.T.);
#2064=EDGE_CURVE('',#1635,#1636,#933,.T.);
#2065=EDGE_CURVE('',#1636,#1637,#272,.T.);
#2066=EDGE_CURVE('',#1637,#1638,#934,.T.);
#2067=EDGE_CURVE('',#1639,#1638,#1367,.T.);
#2068=EDGE_CURVE('',#1639,#1640,#935,.T.);
#2069=EDGE_CURVE('',#1640,#1641,#273,.T.);
#2070=EDGE_CURVE('',#1641,#1642,#936,.T.);
#2071=EDGE_CURVE('',#1643,#1642,#1368,.T.);
#2072=EDGE_CURVE('',#1643,#1644,#937,.T.);
#2073=EDGE_CURVE('',#1644,#1645,#274,.T.);
#2074=EDGE_CURVE('',#1645,#1646,#938,.T.);
#2075=EDGE_CURVE('',#1647,#1646,#1369,.T.);
#2076=EDGE_CURVE('',#1647,#1648,#939,.T.);
#2077=EDGE_CURVE('',#1648,#1649,#275,.T.);
#2078=EDGE_CURVE('',#1649,#1606,#940,.T.);
#2079=EDGE_CURVE('',#1650,#1594,#941,.T.);
#2080=EDGE_CURVE('',#1651,#1650,#942,.T.);
#2081=EDGE_CURVE('',#1622,#1651,#943,.T.);
#2082=EDGE_CURVE('',#1608,#1652,#944,.T.);
#2083=EDGE_CURVE('',#1653,#1652,#945,.T.);
#2084=EDGE_CURVE('',#1596,#1653,#946,.T.);
#2085=EDGE_CURVE('',#1607,#1654,#947,.T.);
#2086=EDGE_CURVE('',#1652,#1654,#1370,.T.);
#2087=EDGE_CURVE('',#1649,#1655,#948,.T.);
#2088=EDGE_CURVE('',#1656,#1655,#949,.T.);
#2089=EDGE_CURVE('',#1657,#1656,#1371,.T.);
#2090=EDGE_CURVE('',#1657,#1658,#950,.T.);
#2091=EDGE_CURVE('',#1659,#1658,#1372,.T.);
#2092=EDGE_CURVE('',#1654,#1659,#951,.T.);
#2093=EDGE_CURVE('',#1660,#1661,#1373,.T.);
#2094=EDGE_CURVE('',#1661,#1662,#952,.T.);
#2095=EDGE_CURVE('',#1662,#1663,#1374,.T.);
#2096=EDGE_CURVE('',#1663,#1660,#953,.T.);
#2097=EDGE_CURVE('',#1664,#1665,#1375,.T.);
#2098=EDGE_CURVE('',#1665,#1661,#954,.T.);
#2099=EDGE_CURVE('',#1661,#1666,#1376,.T.);
#2100=EDGE_CURVE('',#1666,#1664,#955,.T.);
#2101=EDGE_CURVE('',#1654,#1667,#276,.T.);
#2102=EDGE_CURVE('',#1667,#1668,#1377,.T.);
#2103=EDGE_CURVE('',#1668,#1652,#1378,.T.);
#2104=EDGE_CURVE('',#1650,#1662,#1379,.T.);
#2105=EDGE_CURVE('',#1662,#1669,#956,.T.);
#2106=EDGE_CURVE('',#1669,#1651,#1380,.T.);
#2107=EDGE_CURVE('',#1670,#1671,#1381,.T.);
#2108=EDGE_CURVE('',#1671,#1651,#1382,.T.);
#2109=EDGE_CURVE('',#1669,#1670,#1383,.T.);
#2110=EDGE_CURVE('',#1672,#1673,#1384,.T.);
#2111=EDGE_CURVE('',#1673,#1671,#957,.T.);
#2112=EDGE_CURVE('',#1670,#1672,#958,.T.);
#2113=EDGE_CURVE('',#1672,#1674,#277,.T.);
#2114=EDGE_CURVE('',#1674,#1675,#1385,.T.);
#2115=EDGE_CURVE('',#1675,#1673,#278,.T.);
#2116=EDGE_CURVE('',#1676,#1677,#1386,.T.);
#2117=EDGE_CURVE('',#1677,#1675,#959,.T.);
#2118=EDGE_CURVE('',#1674,#1676,#960,.T.);
#2119=EDGE_CURVE('',#1676,#1678,#279,.T.);
#2120=EDGE_CURVE('',#1678,#1679,#1387,.T.);
#2121=EDGE_CURVE('',#1679,#1677,#280,.T.);
#2122=EDGE_CURVE('',#1680,#1681,#1388,.T.);
#2123=EDGE_CURVE('',#1681,#1679,#961,.T.);
#2124=EDGE_CURVE('',#1678,#1680,#962,.T.);
#2125=EDGE_CURVE('',#1682,#1683,#1389,.T.);
#2126=EDGE_CURVE('',#1683,#1681,#1390,.T.);
#2127=EDGE_CURVE('',#1680,#1682,#1391,.T.);
#2128=EDGE_CURVE('',#1684,#1685,#1392,.T.);
#2129=EDGE_CURVE('',#1685,#1683,#963,.T.);
#2130=EDGE_CURVE('',#1682,#1684,#964,.T.);
#2131=EDGE_CURVE('',#1684,#1686,#281,.T.);
#2132=EDGE_CURVE('',#1686,#1687,#1393,.T.);
#2133=EDGE_CURVE('',#1687,#1685,#282,.T.);
#2134=EDGE_CURVE('',#1688,#1689,#1394,.T.);
#2135=EDGE_CURVE('',#1689,#1687,#965,.T.);
#2136=EDGE_CURVE('',#1686,#1688,#966,.T.);
#2137=EDGE_CURVE('',#1690,#1691,#1395,.T.);
#2138=EDGE_CURVE('',#1691,#1689,#1396,.T.);
#2139=EDGE_CURVE('',#1688,#1690,#1397,.T.);
#2140=EDGE_CURVE('',#1692,#1693,#1398,.T.);
#2141=EDGE_CURVE('',#1693,#1691,#967,.T.);
#2142=EDGE_CURVE('',#1690,#1692,#968,.T.);
#2143=EDGE_CURVE('',#1692,#1694,#283,.T.);
#2144=EDGE_CURVE('',#1694,#1695,#1399,.T.);
#2145=EDGE_CURVE('',#1695,#1693,#284,.T.);
#2146=EDGE_CURVE('',#1696,#1697,#1400,.T.);
#2147=EDGE_CURVE('',#1697,#1695,#969,.T.);
#2148=EDGE_CURVE('',#1694,#1696,#970,.T.);
#2149=EDGE_CURVE('',#1696,#1698,#285,.T.);
#2150=EDGE_CURVE('',#1698,#1699,#1401,.T.);
#2151=EDGE_CURVE('',#1699,#1697,#286,.T.);
#2152=EDGE_CURVE('',#1700,#1701,#1402,.T.);
#2153=EDGE_CURVE('',#1701,#1699,#971,.T.);
#2154=EDGE_CURVE('',#1698,#1700,#972,.T.);
#2155=EDGE_CURVE('',#1702,#1703,#1403,.T.);
#2156=EDGE_CURVE('',#1703,#1701,#1404,.T.);
#2157=EDGE_CURVE('',#1700,#1702,#1405,.T.);
#2158=EDGE_CURVE('',#1704,#1705,#1406,.T.);
#2159=EDGE_CURVE('',#1705,#1703,#973,.T.);
#2160=EDGE_CURVE('',#1702,#1704,#974,.T.);
#2161=EDGE_CURVE('',#1704,#1706,#287,.T.);
#2162=EDGE_CURVE('',#1706,#1707,#1407,.T.);
#2163=EDGE_CURVE('',#1707,#1705,#288,.T.);
#2164=EDGE_CURVE('',#1708,#1709,#1408,.T.);
#2165=EDGE_CURVE('',#1709,#1707,#975,.T.);
#2166=EDGE_CURVE('',#1706,#1708,#976,.T.);
#2167=EDGE_CURVE('',#1710,#1711,#1409,.T.);
#2168=EDGE_CURVE('',#1711,#1709,#1410,.T.);
#2169=EDGE_CURVE('',#1708,#1710,#1411,.T.);
#2170=EDGE_CURVE('',#1712,#1713,#1412,.T.);
#2171=EDGE_CURVE('',#1713,#1711,#977,.T.);
#2172=EDGE_CURVE('',#1710,#1712,#978,.T.);
#2173=EDGE_CURVE('',#1712,#1714,#289,.T.);
#2174=EDGE_CURVE('',#1714,#1715,#1413,.T.);
#2175=EDGE_CURVE('',#1715,#1713,#290,.T.);
#2176=EDGE_CURVE('',#1716,#1717,#1414,.T.);
#2177=EDGE_CURVE('',#1717,#1715,#979,.T.);
#2178=EDGE_CURVE('',#1714,#1716,#980,.T.);
#2179=EDGE_CURVE('',#1718,#1719,#1415,.T.);
#2180=EDGE_CURVE('',#1719,#1717,#1416,.T.);
#2181=EDGE_CURVE('',#1716,#1718,#1417,.T.);
#2182=EDGE_CURVE('',#1720,#1721,#291,.T.);
#2183=EDGE_CURVE('',#1721,#1722,#981,.T.);
#2184=EDGE_CURVE('',#1723,#1722,#292,.F.);
#2185=EDGE_CURVE('',#1723,#1719,#982,.T.);
#2186=EDGE_CURVE('',#1718,#1724,#983,.T.);
#2187=EDGE_CURVE('',#1724,#1725,#1418,.T.);
#2188=EDGE_CURVE('',#1725,#1720,#984,.T.);
#2189=EDGE_CURVE('',#1724,#1726,#293,.T.);
#2190=EDGE_CURVE('',#1726,#1655,#1419,.T.);
#2191=EDGE_CURVE('',#1655,#1725,#294,.T.);
#2192=EDGE_CURVE('',#1659,#1727,#295,.T.);
#2193=EDGE_CURVE('',#1727,#1728,#985,.T.);
#2194=EDGE_CURVE('',#1656,#1728,#296,.F.);
#2195=EDGE_CURVE('',#1726,#1667,#986,.T.);
#2196=EDGE_CURVE('',#1668,#1729,#987,.T.);
#2197=EDGE_CURVE('',#1729,#1653,#297,.T.);
#2198=EDGE_CURVE('',#1729,#1730,#298,.T.);
#2199=EDGE_CURVE('',#1730,#1731,#299,.T.);
#2200=EDGE_CURVE('',#1731,#1653,#300,.T.);
#2201=EDGE_CURVE('',#1730,#1732,#988,.T.);
#2202=EDGE_CURVE('',#1732,#1733,#1420,.T.);
#2203=EDGE_CURVE('',#1733,#1731,#989,.T.);
#2204=EDGE_CURVE('',#1734,#1735,#1421,.T.);
#2205=EDGE_CURVE('',#1735,#1733,#1422,.T.);
#2206=EDGE_CURVE('',#1732,#1734,#1423,.T.);
#2207=EDGE_CURVE('',#1665,#1736,#1424,.T.);
#2208=EDGE_CURVE('',#1736,#1735,#1425,.T.);
#2209=EDGE_CURVE('',#1734,#1665,#1426,.T.);
#2210=EDGE_CURVE('',#1664,#1736,#1427,.T.);
#2211=EDGE_CURVE('',#1660,#1666,#1428,.T.);
#2212=EDGE_CURVE('',#1650,#1663,#1429,.T.);
#2213=EDGE_CURVE('',#1719,#1647,#990,.T.);
#2214=EDGE_CURVE('',#1646,#1717,#991,.T.);
#2215=EDGE_CURVE('',#1737,#1723,#1430,.T.);
#2216=EDGE_CURVE('',#1737,#1738,#992,.T.);
#2217=EDGE_CURVE('',#1720,#1738,#1431,.T.);
#2218=EDGE_CURVE('',#1648,#1725,#993,.T.);
#2219=EDGE_CURVE('',#1597,#1731,#994,.T.);
#2220=EDGE_CURVE('',#1598,#1733,#995,.T.);
#2221=EDGE_CURVE('',#1735,#1599,#996,.T.);
#2222=EDGE_CURVE('',#1600,#1736,#997,.T.);
#2223=EDGE_CURVE('',#1664,#1601,#998,.T.);
#2224=EDGE_CURVE('',#1602,#1666,#999,.T.);
#2225=EDGE_CURVE('',#1660,#1603,#1000,.T.);
#2226=EDGE_CURVE('',#1604,#1663,#1001,.T.);
#2227=EDGE_CURVE('',#1671,#1623,#1002,.T.);
#2228=EDGE_CURVE('',#1645,#1715,#1003,.T.);
#2229=EDGE_CURVE('',#1711,#1643,#1004,.T.);
#2230=EDGE_CURVE('',#1642,#1709,#1005,.T.);
#2231=EDGE_CURVE('',#1641,#1707,#1006,.T.);
#2232=EDGE_CURVE('',#1703,#1639,#1007,.T.);
#2233=EDGE_CURVE('',#1638,#1701,#1008,.T.);
#2234=EDGE_CURVE('',#1637,#1699,#1009,.T.);
#2235=EDGE_CURVE('',#1683,#1629,#1010,.T.);
#2236=EDGE_CURVE('',#1628,#1681,#1011,.T.);
#2237=EDGE_CURVE('',#1627,#1679,#1012,.T.);
#2238=EDGE_CURVE('',#1691,#1633,#1013,.T.);
#2239=EDGE_CURVE('',#1632,#1689,#1014,.T.);
#2240=EDGE_CURVE('',#1631,#1687,#1015,.T.);
#2241=EDGE_CURVE('',#1611,#1613,#301,.T.);
#2242=EDGE_CURVE('',#1722,#1614,#1016,.T.);
#2243=EDGE_CURVE('',#1615,#1721,#1017,.T.);
#2244=EDGE_CURVE('',#1617,#1737,#1018,.T.);
#2245=EDGE_CURVE('',#1738,#1616,#1019,.T.);
#2246=EDGE_CURVE('',#1658,#1618,#1020,.T.);
#2247=EDGE_CURVE('',#1619,#1727,#1021,.T.);
#2248=EDGE_CURVE('',#1620,#1657,#1022,.T.);
#2249=EDGE_CURVE('',#1728,#1621,#1023,.T.);
#2250=EDGE_CURVE('',#1644,#1713,#1024,.T.);
#2251=EDGE_CURVE('',#1640,#1705,#1025,.T.);
#2252=EDGE_CURVE('',#1636,#1697,#1026,.T.);
#2253=EDGE_CURVE('',#1635,#1695,#1027,.T.);
#2254=EDGE_CURVE('',#1634,#1693,#1028,.T.);
#2255=EDGE_CURVE('',#1630,#1685,#1029,.T.);
#2256=EDGE_CURVE('',#1626,#1677,#1030,.T.);
#2257=EDGE_CURVE('',#1625,#1675,#1031,.T.);
#2258=EDGE_CURVE('',#1624,#1673,#1032,.T.);
#2259=ORIENTED_EDGE('',*,*,#1739,.T.);
#2260=ORIENTED_EDGE('',*,*,#1740,.T.);
#2261=ORIENTED_EDGE('',*,*,#1741,.T.);
#2262=ORIENTED_EDGE('',*,*,#1740,.F.);
#2263=ORIENTED_EDGE('',*,*,#1742,.F.);
#2264=ORIENTED_EDGE('',*,*,#1743,.F.);
#2265=ORIENTED_EDGE('',*,*,#1744,.F.);
#2266=ORIENTED_EDGE('',*,*,#1745,.F.);
#2267=ORIENTED_EDGE('',*,*,#1746,.F.);
#2268=ORIENTED_EDGE('',*,*,#1747,.F.);
#2269=ORIENTED_EDGE('',*,*,#1748,.F.);
#2270=ORIENTED_EDGE('',*,*,#1749,.F.);
#2271=ORIENTED_EDGE('',*,*,#1750,.F.);
#2272=ORIENTED_EDGE('',*,*,#1751,.F.);
#2273=ORIENTED_EDGE('',*,*,#1752,.F.);
#2274=ORIENTED_EDGE('',*,*,#1753,.F.);
#2275=ORIENTED_EDGE('',*,*,#1754,.F.);
#2276=ORIENTED_EDGE('',*,*,#1755,.F.);
#2277=ORIENTED_EDGE('',*,*,#1756,.F.);
#2278=ORIENTED_EDGE('',*,*,#1757,.F.);
#2279=ORIENTED_EDGE('',*,*,#1758,.F.);
#2280=ORIENTED_EDGE('',*,*,#1759,.F.);
#2281=ORIENTED_EDGE('',*,*,#1760,.F.);
#2282=ORIENTED_EDGE('',*,*,#1761,.F.);
#2283=ORIENTED_EDGE('',*,*,#1762,.F.);
#2284=ORIENTED_EDGE('',*,*,#1763,.F.);
#2285=ORIENTED_EDGE('',*,*,#1764,.F.);
#2286=ORIENTED_EDGE('',*,*,#1765,.F.);
#2287=ORIENTED_EDGE('',*,*,#1766,.F.);
#2288=ORIENTED_EDGE('',*,*,#1767,.F.);
#2289=ORIENTED_EDGE('',*,*,#1768,.F.);
#2290=ORIENTED_EDGE('',*,*,#1769,.F.);
#2291=ORIENTED_EDGE('',*,*,#1770,.F.);
#2292=ORIENTED_EDGE('',*,*,#1771,.F.);
#2293=ORIENTED_EDGE('',*,*,#1772,.F.);
#2294=ORIENTED_EDGE('',*,*,#1773,.F.);
#2295=ORIENTED_EDGE('',*,*,#1774,.F.);
#2296=ORIENTED_EDGE('',*,*,#1775,.F.);
#2297=ORIENTED_EDGE('',*,*,#1776,.F.);
#2298=ORIENTED_EDGE('',*,*,#1777,.F.);
#2299=ORIENTED_EDGE('',*,*,#1778,.F.);
#2300=ORIENTED_EDGE('',*,*,#1739,.F.);
#2301=ORIENTED_EDGE('',*,*,#1741,.F.);
#2302=ORIENTED_EDGE('',*,*,#1779,.T.);
#2303=ORIENTED_EDGE('',*,*,#1780,.T.);
#2304=ORIENTED_EDGE('',*,*,#1779,.F.);
#2305=ORIENTED_EDGE('',*,*,#1775,.T.);
#2306=ORIENTED_EDGE('',*,*,#1781,.T.);
#2307=ORIENTED_EDGE('',*,*,#1782,.T.);
#2308=ORIENTED_EDGE('',*,*,#1781,.F.);
#2309=ORIENTED_EDGE('',*,*,#1782,.F.);
#2310=ORIENTED_EDGE('',*,*,#1783,.T.);
#2311=ORIENTED_EDGE('',*,*,#1784,.T.);
#2312=ORIENTED_EDGE('',*,*,#1783,.F.);
#2313=ORIENTED_EDGE('',*,*,#1778,.T.);
#2314=ORIENTED_EDGE('',*,*,#1785,.T.);
#2315=ORIENTED_EDGE('',*,*,#1786,.T.);
#2316=ORIENTED_EDGE('',*,*,#1785,.F.);
#2317=ORIENTED_EDGE('',*,*,#1786,.F.);
#2318=ORIENTED_EDGE('',*,*,#1787,.T.);
#2319=ORIENTED_EDGE('',*,*,#1788,.T.);
#2320=ORIENTED_EDGE('',*,*,#1787,.F.);
#2321=ORIENTED_EDGE('',*,*,#1776,.T.);
#2322=ORIENTED_EDGE('',*,*,#1789,.T.);
#2323=ORIENTED_EDGE('',*,*,#1790,.T.);
#2324=ORIENTED_EDGE('',*,*,#1789,.F.);
#2325=ORIENTED_EDGE('',*,*,#1790,.F.);
#2326=ORIENTED_EDGE('',*,*,#1791,.T.);
#2327=ORIENTED_EDGE('',*,*,#1792,.T.);
#2328=ORIENTED_EDGE('',*,*,#1791,.F.);
#2329=ORIENTED_EDGE('',*,*,#1777,.T.);
#2330=ORIENTED_EDGE('',*,*,#1793,.T.);
#2331=ORIENTED_EDGE('',*,*,#1794,.T.);
#2332=ORIENTED_EDGE('',*,*,#1793,.F.);
#2333=ORIENTED_EDGE('',*,*,#1794,.F.);
#2334=ORIENTED_EDGE('',*,*,#1795,.T.);
#2335=ORIENTED_EDGE('',*,*,#1796,.T.);
#2336=ORIENTED_EDGE('',*,*,#1795,.F.);
#2337=ORIENTED_EDGE('',*,*,#1797,.T.);
#2338=ORIENTED_EDGE('',*,*,#1744,.T.);
#2339=ORIENTED_EDGE('',*,*,#1798,.T.);
#2340=ORIENTED_EDGE('',*,*,#1799,.T.);
#2341=ORIENTED_EDGE('',*,*,#1800,.F.);
#2342=ORIENTED_EDGE('',*,*,#1801,.T.);
#2343=ORIENTED_EDGE('',*,*,#1802,.T.);
#2344=ORIENTED_EDGE('',*,*,#1742,.T.);
#2345=ORIENTED_EDGE('',*,*,#1743,.T.);
#2346=ORIENTED_EDGE('',*,*,#1802,.F.);
#2347=ORIENTED_EDGE('',*,*,#1803,.T.);
#2348=ORIENTED_EDGE('',*,*,#1798,.F.);
#2349=ORIENTED_EDGE('',*,*,#1797,.F.);
#2350=ORIENTED_EDGE('',*,*,#1804,.T.);
#2351=ORIENTED_EDGE('',*,*,#1805,.T.);
#2352=ORIENTED_EDGE('',*,*,#1745,.T.);
#2353=ORIENTED_EDGE('',*,*,#1805,.F.);
#2354=ORIENTED_EDGE('',*,*,#1806,.T.);
#2355=ORIENTED_EDGE('',*,*,#1807,.T.);
#2356=ORIENTED_EDGE('',*,*,#1746,.T.);
#2357=ORIENTED_EDGE('',*,*,#1808,.T.);
#2358=ORIENTED_EDGE('',*,*,#1747,.T.);
#2359=ORIENTED_EDGE('',*,*,#1807,.F.);
#2360=ORIENTED_EDGE('',*,*,#1809,.T.);
#2361=ORIENTED_EDGE('',*,*,#1808,.F.);
#2362=ORIENTED_EDGE('',*,*,#1810,.T.);
#2363=ORIENTED_EDGE('',*,*,#1811,.T.);
#2364=ORIENTED_EDGE('',*,*,#1748,.T.);
#2365=ORIENTED_EDGE('',*,*,#1812,.T.);
#2366=ORIENTED_EDGE('',*,*,#1749,.T.);
#2367=ORIENTED_EDGE('',*,*,#1811,.F.);
#2368=ORIENTED_EDGE('',*,*,#1813,.T.);
#2369=ORIENTED_EDGE('',*,*,#1812,.F.);
#2370=ORIENTED_EDGE('',*,*,#1814,.T.);
#2371=ORIENTED_EDGE('',*,*,#1815,.T.);
#2372=ORIENTED_EDGE('',*,*,#1750,.T.);
#2373=ORIENTED_EDGE('',*,*,#1816,.T.);
#2374=ORIENTED_EDGE('',*,*,#1751,.T.);
#2375=ORIENTED_EDGE('',*,*,#1815,.F.);
#2376=ORIENTED_EDGE('',*,*,#1817,.T.);
#2377=ORIENTED_EDGE('',*,*,#1816,.F.);
#2378=ORIENTED_EDGE('',*,*,#1818,.T.);
#2379=ORIENTED_EDGE('',*,*,#1819,.T.);
#2380=ORIENTED_EDGE('',*,*,#1752,.T.);
#2381=ORIENTED_EDGE('',*,*,#1820,.T.);
#2382=ORIENTED_EDGE('',*,*,#1753,.T.);
#2383=ORIENTED_EDGE('',*,*,#1819,.F.);
#2384=ORIENTED_EDGE('',*,*,#1821,.T.);
#2385=ORIENTED_EDGE('',*,*,#1822,.T.);
#2386=ORIENTED_EDGE('',*,*,#1754,.T.);
#2387=ORIENTED_EDGE('',*,*,#1820,.F.);
#2388=ORIENTED_EDGE('',*,*,#1823,.T.);
#2389=ORIENTED_EDGE('',*,*,#1824,.T.);
#2390=ORIENTED_EDGE('',*,*,#1755,.T.);
#2391=ORIENTED_EDGE('',*,*,#1822,.F.);
#2392=ORIENTED_EDGE('',*,*,#1825,.T.);
#2393=ORIENTED_EDGE('',*,*,#1826,.T.);
#2394=ORIENTED_EDGE('',*,*,#1756,.T.);
#2395=ORIENTED_EDGE('',*,*,#1824,.F.);
#2396=ORIENTED_EDGE('',*,*,#1827,.T.);
#2397=ORIENTED_EDGE('',*,*,#1828,.T.);
#2398=ORIENTED_EDGE('',*,*,#1757,.T.);
#2399=ORIENTED_EDGE('',*,*,#1826,.F.);
#2400=ORIENTED_EDGE('',*,*,#1829,.T.);
#2401=ORIENTED_EDGE('',*,*,#1828,.F.);
#2402=ORIENTED_EDGE('',*,*,#1830,.T.);
#2403=ORIENTED_EDGE('',*,*,#1831,.T.);
#2404=ORIENTED_EDGE('',*,*,#1758,.T.);
#2405=ORIENTED_EDGE('',*,*,#1832,.T.);
#2406=ORIENTED_EDGE('',*,*,#1759,.T.);
#2407=ORIENTED_EDGE('',*,*,#1831,.F.);
#2408=ORIENTED_EDGE('',*,*,#1833,.T.);
#2409=ORIENTED_EDGE('',*,*,#1834,.T.);
#2410=ORIENTED_EDGE('',*,*,#1760,.T.);
#2411=ORIENTED_EDGE('',*,*,#1832,.F.);
#2412=ORIENTED_EDGE('',*,*,#1835,.T.);
#2413=ORIENTED_EDGE('',*,*,#1834,.F.);
#2414=ORIENTED_EDGE('',*,*,#1836,.T.);
#2415=ORIENTED_EDGE('',*,*,#1837,.T.);
#2416=ORIENTED_EDGE('',*,*,#1761,.T.);
#2417=ORIENTED_EDGE('',*,*,#1838,.T.);
#2418=ORIENTED_EDGE('',*,*,#1762,.T.);
#2419=ORIENTED_EDGE('',*,*,#1837,.F.);
#2420=ORIENTED_EDGE('',*,*,#1839,.T.);
#2421=ORIENTED_EDGE('',*,*,#1840,.T.);
#2422=ORIENTED_EDGE('',*,*,#1763,.T.);
#2423=ORIENTED_EDGE('',*,*,#1838,.F.);
#2424=ORIENTED_EDGE('',*,*,#1841,.T.);
#2425=ORIENTED_EDGE('',*,*,#1842,.T.);
#2426=ORIENTED_EDGE('',*,*,#1764,.T.);
#2427=ORIENTED_EDGE('',*,*,#1840,.F.);
#2428=ORIENTED_EDGE('',*,*,#1843,.T.);
#2429=ORIENTED_EDGE('',*,*,#1842,.F.);
#2430=ORIENTED_EDGE('',*,*,#1844,.T.);
#2431=ORIENTED_EDGE('',*,*,#1845,.T.);
#2432=ORIENTED_EDGE('',*,*,#1765,.T.);
#2433=ORIENTED_EDGE('',*,*,#1846,.T.);
#2434=ORIENTED_EDGE('',*,*,#1766,.T.);
#2435=ORIENTED_EDGE('',*,*,#1845,.F.);
#2436=ORIENTED_EDGE('',*,*,#1847,.T.);
#2437=ORIENTED_EDGE('',*,*,#1848,.T.);
#2438=ORIENTED_EDGE('',*,*,#1767,.T.);
#2439=ORIENTED_EDGE('',*,*,#1846,.F.);
#2440=ORIENTED_EDGE('',*,*,#1849,.T.);
#2441=ORIENTED_EDGE('',*,*,#1848,.F.);
#2442=ORIENTED_EDGE('',*,*,#1850,.T.);
#2443=ORIENTED_EDGE('',*,*,#1851,.T.);
#2444=ORIENTED_EDGE('',*,*,#1768,.T.);
#2445=ORIENTED_EDGE('',*,*,#1852,.T.);
#2446=ORIENTED_EDGE('',*,*,#1769,.T.);
#2447=ORIENTED_EDGE('',*,*,#1851,.F.);
#2448=ORIENTED_EDGE('',*,*,#1853,.T.);
#2449=ORIENTED_EDGE('',*,*,#1854,.T.);
#2450=ORIENTED_EDGE('',*,*,#1770,.T.);
#2451=ORIENTED_EDGE('',*,*,#1852,.F.);
#2452=ORIENTED_EDGE('',*,*,#1855,.T.);
#2453=ORIENTED_EDGE('',*,*,#1854,.F.);
#2454=ORIENTED_EDGE('',*,*,#1856,.T.);
#2455=ORIENTED_EDGE('',*,*,#1857,.T.);
#2456=ORIENTED_EDGE('',*,*,#1771,.T.);
#2457=ORIENTED_EDGE('',*,*,#1858,.T.);
#2458=ORIENTED_EDGE('',*,*,#1772,.T.);
#2459=ORIENTED_EDGE('',*,*,#1857,.F.);
#2460=ORIENTED_EDGE('',*,*,#1859,.T.);
#2461=ORIENTED_EDGE('',*,*,#1860,.T.);
#2462=ORIENTED_EDGE('',*,*,#1773,.T.);
#2463=ORIENTED_EDGE('',*,*,#1858,.F.);
#2464=ORIENTED_EDGE('',*,*,#1861,.T.);
#2465=ORIENTED_EDGE('',*,*,#1800,.T.);
#2466=ORIENTED_EDGE('',*,*,#1774,.T.);
#2467=ORIENTED_EDGE('',*,*,#1860,.F.);
#2468=ORIENTED_EDGE('',*,*,#1862,.T.);
#2469=ORIENTED_EDGE('',*,*,#1830,.F.);
#2470=ORIENTED_EDGE('',*,*,#1863,.T.);
#2471=ORIENTED_EDGE('',*,*,#1864,.F.);
#2472=ORIENTED_EDGE('',*,*,#1865,.T.);
#2473=ORIENTED_EDGE('',*,*,#1829,.F.);
#2474=ORIENTED_EDGE('',*,*,#1866,.F.);
#2475=ORIENTED_EDGE('',*,*,#1867,.F.);
#2476=ORIENTED_EDGE('',*,*,#1863,.F.);
#2477=ORIENTED_EDGE('',*,*,#1827,.F.);
#2478=ORIENTED_EDGE('',*,*,#1868,.F.);
#2479=ORIENTED_EDGE('',*,*,#1869,.F.);
#2480=ORIENTED_EDGE('',*,*,#1866,.T.);
#2481=ORIENTED_EDGE('',*,*,#1825,.F.);
#2482=ORIENTED_EDGE('',*,*,#1870,.F.);
#2483=ORIENTED_EDGE('',*,*,#1871,.F.);
#2484=ORIENTED_EDGE('',*,*,#1868,.T.);
#2485=ORIENTED_EDGE('',*,*,#1823,.F.);
#2486=ORIENTED_EDGE('',*,*,#1872,.F.);
#2487=ORIENTED_EDGE('',*,*,#1873,.F.);
#2488=ORIENTED_EDGE('',*,*,#1870,.T.);
#2489=ORIENTED_EDGE('',*,*,#1821,.F.);
#2490=ORIENTED_EDGE('',*,*,#1874,.F.);
#2491=ORIENTED_EDGE('',*,*,#1875,.F.);
#2492=ORIENTED_EDGE('',*,*,#1872,.T.);
#2493=ORIENTED_EDGE('',*,*,#1818,.F.);
#2494=ORIENTED_EDGE('',*,*,#1876,.T.);
#2495=ORIENTED_EDGE('',*,*,#1877,.F.);
#2496=ORIENTED_EDGE('',*,*,#1878,.F.);
#2497=ORIENTED_EDGE('',*,*,#1879,.F.);
#2498=ORIENTED_EDGE('',*,*,#1874,.T.);
#2499=ORIENTED_EDGE('',*,*,#1817,.F.);
#2500=ORIENTED_EDGE('',*,*,#1880,.F.);
#2501=ORIENTED_EDGE('',*,*,#1881,.F.);
#2502=ORIENTED_EDGE('',*,*,#1882,.F.);
#2503=ORIENTED_EDGE('',*,*,#1876,.F.);
#2504=ORIENTED_EDGE('',*,*,#1814,.F.);
#2505=ORIENTED_EDGE('',*,*,#1883,.T.);
#2506=ORIENTED_EDGE('',*,*,#1884,.F.);
#2507=ORIENTED_EDGE('',*,*,#1880,.T.);
#2508=ORIENTED_EDGE('',*,*,#1813,.F.);
#2509=ORIENTED_EDGE('',*,*,#1885,.F.);
#2510=ORIENTED_EDGE('',*,*,#1886,.F.);
#2511=ORIENTED_EDGE('',*,*,#1883,.F.);
#2512=ORIENTED_EDGE('',*,*,#1810,.F.);
#2513=ORIENTED_EDGE('',*,*,#1887,.T.);
#2514=ORIENTED_EDGE('',*,*,#1888,.F.);
#2515=ORIENTED_EDGE('',*,*,#1885,.T.);
#2516=ORIENTED_EDGE('',*,*,#1809,.F.);
#2517=ORIENTED_EDGE('',*,*,#1889,.F.);
#2518=ORIENTED_EDGE('',*,*,#1890,.F.);
#2519=ORIENTED_EDGE('',*,*,#1887,.F.);
#2520=ORIENTED_EDGE('',*,*,#1806,.F.);
#2521=ORIENTED_EDGE('',*,*,#1891,.T.);
#2522=ORIENTED_EDGE('',*,*,#1892,.F.);
#2523=ORIENTED_EDGE('',*,*,#1889,.T.);
#2524=ORIENTED_EDGE('',*,*,#1804,.F.);
#2525=ORIENTED_EDGE('',*,*,#1893,.F.);
#2526=ORIENTED_EDGE('',*,*,#1894,.F.);
#2527=ORIENTED_EDGE('',*,*,#1891,.F.);
#2528=ORIENTED_EDGE('',*,*,#1799,.F.);
#2529=ORIENTED_EDGE('',*,*,#1895,.F.);
#2530=ORIENTED_EDGE('',*,*,#1896,.F.);
#2531=ORIENTED_EDGE('',*,*,#1893,.T.);
#2532=ORIENTED_EDGE('',*,*,#1803,.F.);
#2533=ORIENTED_EDGE('',*,*,#1897,.F.);
#2534=ORIENTED_EDGE('',*,*,#1898,.F.);
#2535=ORIENTED_EDGE('',*,*,#1899,.F.);
#2536=ORIENTED_EDGE('',*,*,#1900,.F.);
#2537=ORIENTED_EDGE('',*,*,#1895,.T.);
#2538=ORIENTED_EDGE('',*,*,#1801,.F.);
#2539=ORIENTED_EDGE('',*,*,#1901,.F.);
#2540=ORIENTED_EDGE('',*,*,#1902,.F.);
#2541=ORIENTED_EDGE('',*,*,#1903,.F.);
#2542=ORIENTED_EDGE('',*,*,#1897,.T.);
#2543=ORIENTED_EDGE('',*,*,#1904,.T.);
#2544=ORIENTED_EDGE('',*,*,#1888,.T.);
#2545=ORIENTED_EDGE('',*,*,#1905,.T.);
#2546=ORIENTED_EDGE('',*,*,#1906,.T.);
#2547=ORIENTED_EDGE('',*,*,#1905,.F.);
#2548=ORIENTED_EDGE('',*,*,#1890,.T.);
#2549=ORIENTED_EDGE('',*,*,#1907,.F.);
#2550=ORIENTED_EDGE('',*,*,#1908,.T.);
#2551=ORIENTED_EDGE('',*,*,#1909,.T.);
#2552=ORIENTED_EDGE('',*,*,#1884,.T.);
#2553=ORIENTED_EDGE('',*,*,#1910,.T.);
#2554=ORIENTED_EDGE('',*,*,#1911,.T.);
#2555=ORIENTED_EDGE('',*,*,#1909,.F.);
#2556=ORIENTED_EDGE('',*,*,#1912,.T.);
#2557=ORIENTED_EDGE('',*,*,#1913,.T.);
#2558=ORIENTED_EDGE('',*,*,#1881,.T.);
#2559=ORIENTED_EDGE('',*,*,#1914,.T.);
#2560=ORIENTED_EDGE('',*,*,#1915,.T.);
#2561=ORIENTED_EDGE('',*,*,#1916,.T.);
#2562=ORIENTED_EDGE('',*,*,#1894,.T.);
#2563=ORIENTED_EDGE('',*,*,#1907,.T.);
#2564=ORIENTED_EDGE('',*,*,#1892,.T.);
#2565=ORIENTED_EDGE('',*,*,#1916,.F.);
#2566=ORIENTED_EDGE('',*,*,#1917,.T.);
#2567=ORIENTED_EDGE('',*,*,#1918,.T.);
#2568=ORIENTED_EDGE('',*,*,#1919,.T.);
#2569=ORIENTED_EDGE('',*,*,#1920,.T.);
#2570=ORIENTED_EDGE('',*,*,#1902,.T.);
#2571=ORIENTED_EDGE('',*,*,#1904,.F.);
#2572=ORIENTED_EDGE('',*,*,#1921,.T.);
#2573=ORIENTED_EDGE('',*,*,#1910,.F.);
#2574=ORIENTED_EDGE('',*,*,#1886,.T.);
#2575=ORIENTED_EDGE('',*,*,#1922,.T.);
#2576=ORIENTED_EDGE('',*,*,#1882,.T.);
#2577=ORIENTED_EDGE('',*,*,#1913,.F.);
#2578=ORIENTED_EDGE('',*,*,#1923,.T.);
#2579=ORIENTED_EDGE('',*,*,#1924,.T.);
#2580=ORIENTED_EDGE('',*,*,#1877,.T.);
#2581=ORIENTED_EDGE('',*,*,#1922,.F.);
#2582=ORIENTED_EDGE('',*,*,#1925,.T.);
#2583=ORIENTED_EDGE('',*,*,#1924,.F.);
#2584=ORIENTED_EDGE('',*,*,#1926,.T.);
#2585=ORIENTED_EDGE('',*,*,#1927,.T.);
#2586=ORIENTED_EDGE('',*,*,#1878,.T.);
#2587=ORIENTED_EDGE('',*,*,#1928,.T.);
#2588=ORIENTED_EDGE('',*,*,#1879,.T.);
#2589=ORIENTED_EDGE('',*,*,#1927,.F.);
#2590=ORIENTED_EDGE('',*,*,#1929,.T.);
#2591=ORIENTED_EDGE('',*,*,#1930,.T.);
#2592=ORIENTED_EDGE('',*,*,#1875,.T.);
#2593=ORIENTED_EDGE('',*,*,#1928,.F.);
#2594=ORIENTED_EDGE('',*,*,#1931,.T.);
#2595=ORIENTED_EDGE('',*,*,#1930,.F.);
#2596=ORIENTED_EDGE('',*,*,#1932,.T.);
#2597=ORIENTED_EDGE('',*,*,#1933,.T.);
#2598=ORIENTED_EDGE('',*,*,#1873,.T.);
#2599=ORIENTED_EDGE('',*,*,#1934,.T.);
#2600=ORIENTED_EDGE('',*,*,#1871,.T.);
#2601=ORIENTED_EDGE('',*,*,#1933,.F.);
#2602=ORIENTED_EDGE('',*,*,#1935,.T.);
#2603=ORIENTED_EDGE('',*,*,#1934,.F.);
#2604=ORIENTED_EDGE('',*,*,#1936,.T.);
#2605=ORIENTED_EDGE('',*,*,#1937,.T.);
#2606=ORIENTED_EDGE('',*,*,#1869,.T.);
#2607=ORIENTED_EDGE('',*,*,#1938,.T.);
#2608=ORIENTED_EDGE('',*,*,#1867,.T.);
#2609=ORIENTED_EDGE('',*,*,#1937,.F.);
#2610=ORIENTED_EDGE('',*,*,#1939,.T.);
#2611=ORIENTED_EDGE('',*,*,#1938,.F.);
#2612=ORIENTED_EDGE('',*,*,#1940,.T.);
#2613=ORIENTED_EDGE('',*,*,#1941,.T.);
#2614=ORIENTED_EDGE('',*,*,#1864,.T.);
#2615=ORIENTED_EDGE('',*,*,#1941,.F.);
#2616=ORIENTED_EDGE('',*,*,#1942,.T.);
#2617=ORIENTED_EDGE('',*,*,#1943,.T.);
#2618=ORIENTED_EDGE('',*,*,#1944,.T.);
#2619=ORIENTED_EDGE('',*,*,#1945,.T.);
#2620=ORIENTED_EDGE('',*,*,#1946,.T.);
#2621=ORIENTED_EDGE('',*,*,#1943,.F.);
#2622=ORIENTED_EDGE('',*,*,#1947,.T.);
#2623=ORIENTED_EDGE('',*,*,#1948,.T.);
#2624=ORIENTED_EDGE('',*,*,#1949,.T.);
#2625=ORIENTED_EDGE('',*,*,#1945,.F.);
#2626=ORIENTED_EDGE('',*,*,#1950,.T.);
#2627=ORIENTED_EDGE('',*,*,#1948,.F.);
#2628=ORIENTED_EDGE('',*,*,#1951,.T.);
#2629=ORIENTED_EDGE('',*,*,#1952,.T.);
#2630=ORIENTED_EDGE('',*,*,#1953,.T.);
#2631=ORIENTED_EDGE('',*,*,#1954,.T.);
#2632=ORIENTED_EDGE('',*,*,#1955,.T.);
#2633=ORIENTED_EDGE('',*,*,#1952,.F.);
#2634=ORIENTED_EDGE('',*,*,#1956,.T.);
#2635=ORIENTED_EDGE('',*,*,#1954,.F.);
#2636=ORIENTED_EDGE('',*,*,#1957,.T.);
#2637=ORIENTED_EDGE('',*,*,#1958,.T.);
#2638=ORIENTED_EDGE('',*,*,#1959,.T.);
#2639=ORIENTED_EDGE('',*,*,#1960,.T.);
#2640=ORIENTED_EDGE('',*,*,#1961,.T.);
#2641=ORIENTED_EDGE('',*,*,#1958,.F.);
#2642=ORIENTED_EDGE('',*,*,#1962,.T.);
#2643=ORIENTED_EDGE('',*,*,#1963,.T.);
#2644=ORIENTED_EDGE('',*,*,#1964,.T.);
#2645=ORIENTED_EDGE('',*,*,#1960,.F.);
#2646=ORIENTED_EDGE('',*,*,#1965,.T.);
#2647=ORIENTED_EDGE('',*,*,#1963,.F.);
#2648=ORIENTED_EDGE('',*,*,#1966,.T.);
#2649=ORIENTED_EDGE('',*,*,#1967,.T.);
#2650=ORIENTED_EDGE('',*,*,#1968,.T.);
#2651=ORIENTED_EDGE('',*,*,#1969,.T.);
#2652=ORIENTED_EDGE('',*,*,#1970,.T.);
#2653=ORIENTED_EDGE('',*,*,#1967,.F.);
#2654=ORIENTED_EDGE('',*,*,#1971,.T.);
#2655=ORIENTED_EDGE('',*,*,#1972,.T.);
#2656=ORIENTED_EDGE('',*,*,#1973,.T.);
#2657=ORIENTED_EDGE('',*,*,#1969,.F.);
#2658=ORIENTED_EDGE('',*,*,#1974,.T.);
#2659=ORIENTED_EDGE('',*,*,#1972,.F.);
#2660=ORIENTED_EDGE('',*,*,#1975,.T.);
#2661=ORIENTED_EDGE('',*,*,#1976,.T.);
#2662=ORIENTED_EDGE('',*,*,#1977,.T.);
#2663=ORIENTED_EDGE('',*,*,#1978,.T.);
#2664=ORIENTED_EDGE('',*,*,#1979,.T.);
#2665=ORIENTED_EDGE('',*,*,#1976,.F.);
#2666=ORIENTED_EDGE('',*,*,#1980,.T.);
#2667=ORIENTED_EDGE('',*,*,#1981,.T.);
#2668=ORIENTED_EDGE('',*,*,#1982,.T.);
#2669=ORIENTED_EDGE('',*,*,#1978,.F.);
#2670=ORIENTED_EDGE('',*,*,#1983,.T.);
#2671=ORIENTED_EDGE('',*,*,#1981,.F.);
#2672=ORIENTED_EDGE('',*,*,#1984,.T.);
#2673=ORIENTED_EDGE('',*,*,#1985,.T.);
#2674=ORIENTED_EDGE('',*,*,#1986,.T.);
#2675=ORIENTED_EDGE('',*,*,#1918,.F.);
#2676=ORIENTED_EDGE('',*,*,#1987,.T.);
#2677=ORIENTED_EDGE('',*,*,#1985,.F.);
#2678=ORIENTED_EDGE('',*,*,#1988,.T.);
#2679=ORIENTED_EDGE('',*,*,#1920,.F.);
#2680=ORIENTED_EDGE('',*,*,#1989,.T.);
#2681=ORIENTED_EDGE('',*,*,#1990,.T.);
#2682=ORIENTED_EDGE('',*,*,#1903,.T.);
#2683=ORIENTED_EDGE('',*,*,#1991,.T.);
#2684=ORIENTED_EDGE('',*,*,#1898,.T.);
#2685=ORIENTED_EDGE('',*,*,#1990,.F.);
#2686=ORIENTED_EDGE('',*,*,#1992,.T.);
#2687=ORIENTED_EDGE('',*,*,#1993,.T.);
#2688=ORIENTED_EDGE('',*,*,#1899,.T.);
#2689=ORIENTED_EDGE('',*,*,#1991,.F.);
#2690=ORIENTED_EDGE('',*,*,#1994,.T.);
#2691=ORIENTED_EDGE('',*,*,#1900,.T.);
#2692=ORIENTED_EDGE('',*,*,#1993,.F.);
#2693=ORIENTED_EDGE('',*,*,#1995,.T.);
#2694=ORIENTED_EDGE('',*,*,#1996,.T.);
#2695=ORIENTED_EDGE('',*,*,#1914,.F.);
#2696=ORIENTED_EDGE('',*,*,#1896,.T.);
#2697=ORIENTED_EDGE('',*,*,#1996,.F.);
#2698=ORIENTED_EDGE('',*,*,#1997,.T.);
#2699=ORIENTED_EDGE('',*,*,#1926,.F.);
#2700=ORIENTED_EDGE('',*,*,#1998,.T.);
#2701=ORIENTED_EDGE('',*,*,#1999,.T.);
#2702=ORIENTED_EDGE('',*,*,#2000,.T.);
#2703=ORIENTED_EDGE('',*,*,#1925,.F.);
#2704=ORIENTED_EDGE('',*,*,#1923,.F.);
#2705=ORIENTED_EDGE('',*,*,#2001,.T.);
#2706=ORIENTED_EDGE('',*,*,#2002,.F.);
#2707=ORIENTED_EDGE('',*,*,#2003,.F.);
#2708=ORIENTED_EDGE('',*,*,#1998,.F.);
#2709=ORIENTED_EDGE('',*,*,#1906,.F.);
#2710=ORIENTED_EDGE('',*,*,#1908,.F.);
#2711=ORIENTED_EDGE('',*,*,#1917,.F.);
#2712=ORIENTED_EDGE('',*,*,#1915,.F.);
#2713=ORIENTED_EDGE('',*,*,#1997,.F.);
#2714=ORIENTED_EDGE('',*,*,#1995,.F.);
#2715=ORIENTED_EDGE('',*,*,#2004,.F.);
#2716=ORIENTED_EDGE('',*,*,#2005,.F.);
#2717=ORIENTED_EDGE('',*,*,#2006,.F.);
#2718=ORIENTED_EDGE('',*,*,#2007,.F.);
#2719=ORIENTED_EDGE('',*,*,#2008,.F.);
#2720=ORIENTED_EDGE('',*,*,#2009,.F.);
#2721=ORIENTED_EDGE('',*,*,#2010,.F.);
#2722=ORIENTED_EDGE('',*,*,#2011,.F.);
#2723=ORIENTED_EDGE('',*,*,#2012,.F.);
#2724=ORIENTED_EDGE('',*,*,#2013,.F.);
#2725=ORIENTED_EDGE('',*,*,#2014,.F.);
#2726=ORIENTED_EDGE('',*,*,#2001,.F.);
#2727=ORIENTED_EDGE('',*,*,#1912,.F.);
#2728=ORIENTED_EDGE('',*,*,#1911,.F.);
#2729=ORIENTED_EDGE('',*,*,#1921,.F.);
#2730=ORIENTED_EDGE('',*,*,#1994,.F.);
#2731=ORIENTED_EDGE('',*,*,#2015,.F.);
#2732=ORIENTED_EDGE('',*,*,#2016,.F.);
#2733=ORIENTED_EDGE('',*,*,#2004,.T.);
#2734=ORIENTED_EDGE('',*,*,#1992,.F.);
#2735=ORIENTED_EDGE('',*,*,#1989,.F.);
#2736=ORIENTED_EDGE('',*,*,#2017,.T.);
#2737=ORIENTED_EDGE('',*,*,#2018,.T.);
#2738=ORIENTED_EDGE('',*,*,#2019,.T.);
#2739=ORIENTED_EDGE('',*,*,#2020,.T.);
#2740=ORIENTED_EDGE('',*,*,#2015,.T.);
#2741=ORIENTED_EDGE('',*,*,#1833,.F.);
#2742=ORIENTED_EDGE('',*,*,#1865,.F.);
#2743=ORIENTED_EDGE('',*,*,#1944,.F.);
#2744=ORIENTED_EDGE('',*,*,#2021,.T.);
#2745=ORIENTED_EDGE('',*,*,#1835,.F.);
#2746=ORIENTED_EDGE('',*,*,#2021,.F.);
#2747=ORIENTED_EDGE('',*,*,#1946,.F.);
#2748=ORIENTED_EDGE('',*,*,#2022,.F.);
#2749=ORIENTED_EDGE('',*,*,#1836,.F.);
#2750=ORIENTED_EDGE('',*,*,#2022,.T.);
#2751=ORIENTED_EDGE('',*,*,#1949,.F.);
#2752=ORIENTED_EDGE('',*,*,#2023,.T.);
#2753=ORIENTED_EDGE('',*,*,#1839,.F.);
#2754=ORIENTED_EDGE('',*,*,#2023,.F.);
#2755=ORIENTED_EDGE('',*,*,#1953,.F.);
#2756=ORIENTED_EDGE('',*,*,#2024,.T.);
#2757=ORIENTED_EDGE('',*,*,#1841,.F.);
#2758=ORIENTED_EDGE('',*,*,#2024,.F.);
#2759=ORIENTED_EDGE('',*,*,#1955,.F.);
#2760=ORIENTED_EDGE('',*,*,#2025,.T.);
#2761=ORIENTED_EDGE('',*,*,#1843,.F.);
#2762=ORIENTED_EDGE('',*,*,#2025,.F.);
#2763=ORIENTED_EDGE('',*,*,#1959,.F.);
#2764=ORIENTED_EDGE('',*,*,#2026,.F.);
#2765=ORIENTED_EDGE('',*,*,#1844,.F.);
#2766=ORIENTED_EDGE('',*,*,#2026,.T.);
#2767=ORIENTED_EDGE('',*,*,#1961,.F.);
#2768=ORIENTED_EDGE('',*,*,#2027,.T.);
#2769=ORIENTED_EDGE('',*,*,#1847,.F.);
#2770=ORIENTED_EDGE('',*,*,#2027,.F.);
#2771=ORIENTED_EDGE('',*,*,#1964,.F.);
#2772=ORIENTED_EDGE('',*,*,#2028,.T.);
#2773=ORIENTED_EDGE('',*,*,#1849,.F.);
#2774=ORIENTED_EDGE('',*,*,#2028,.F.);
#2775=ORIENTED_EDGE('',*,*,#1968,.F.);
#2776=ORIENTED_EDGE('',*,*,#2029,.F.);
#2777=ORIENTED_EDGE('',*,*,#1850,.F.);
#2778=ORIENTED_EDGE('',*,*,#2029,.T.);
#2779=ORIENTED_EDGE('',*,*,#1970,.F.);
#2780=ORIENTED_EDGE('',*,*,#2030,.T.);
#2781=ORIENTED_EDGE('',*,*,#1853,.F.);
#2782=ORIENTED_EDGE('',*,*,#2030,.F.);
#2783=ORIENTED_EDGE('',*,*,#1973,.F.);
#2784=ORIENTED_EDGE('',*,*,#2031,.T.);
#2785=ORIENTED_EDGE('',*,*,#1855,.F.);
#2786=ORIENTED_EDGE('',*,*,#2031,.F.);
#2787=ORIENTED_EDGE('',*,*,#1977,.F.);
#2788=ORIENTED_EDGE('',*,*,#2032,.F.);
#2789=ORIENTED_EDGE('',*,*,#2033,.F.);
#2790=ORIENTED_EDGE('',*,*,#2034,.T.);
#2791=ORIENTED_EDGE('',*,*,#2035,.F.);
#2792=ORIENTED_EDGE('',*,*,#1979,.F.);
#2793=ORIENTED_EDGE('',*,*,#2036,.T.);
#2794=ORIENTED_EDGE('',*,*,#2037,.T.);
#2795=ORIENTED_EDGE('',*,*,#2032,.T.);
#2796=ORIENTED_EDGE('',*,*,#1859,.F.);
#2797=ORIENTED_EDGE('',*,*,#2038,.F.);
#2798=ORIENTED_EDGE('',*,*,#2039,.T.);
#2799=ORIENTED_EDGE('',*,*,#2040,.T.);
#2800=ORIENTED_EDGE('',*,*,#2041,.F.);
#2801=ORIENTED_EDGE('',*,*,#2042,.T.);
#2802=ORIENTED_EDGE('',*,*,#2043,.F.);
#2803=ORIENTED_EDGE('',*,*,#2036,.F.);
#2804=ORIENTED_EDGE('',*,*,#1982,.F.);
#2805=ORIENTED_EDGE('',*,*,#2044,.T.);
#2806=ORIENTED_EDGE('',*,*,#1861,.F.);
#2807=ORIENTED_EDGE('',*,*,#2044,.F.);
#2808=ORIENTED_EDGE('',*,*,#1986,.F.);
#2809=ORIENTED_EDGE('',*,*,#2045,.T.);
#2810=ORIENTED_EDGE('',*,*,#1862,.F.);
#2811=ORIENTED_EDGE('',*,*,#2045,.F.);
#2812=ORIENTED_EDGE('',*,*,#1987,.F.);
#2813=ORIENTED_EDGE('',*,*,#1901,.T.);
#2814=ORIENTED_EDGE('',*,*,#2046,.F.);
#2815=ORIENTED_EDGE('',*,*,#2047,.T.);
#2816=ORIENTED_EDGE('',*,*,#2048,.F.);
#2817=ORIENTED_EDGE('',*,*,#2049,.T.);
#2818=ORIENTED_EDGE('',*,*,#1929,.F.);
#2819=ORIENTED_EDGE('',*,*,#2000,.F.);
#2820=ORIENTED_EDGE('',*,*,#2050,.T.);
#2821=ORIENTED_EDGE('',*,*,#2051,.F.);
#2822=ORIENTED_EDGE('',*,*,#2052,.T.);
#2823=ORIENTED_EDGE('',*,*,#2053,.T.);
#2824=ORIENTED_EDGE('',*,*,#2054,.T.);
#2825=ORIENTED_EDGE('',*,*,#2055,.T.);
#2826=ORIENTED_EDGE('',*,*,#2056,.T.);
#2827=ORIENTED_EDGE('',*,*,#2057,.F.);
#2828=ORIENTED_EDGE('',*,*,#2058,.T.);
#2829=ORIENTED_EDGE('',*,*,#2059,.T.);
#2830=ORIENTED_EDGE('',*,*,#2060,.T.);
#2831=ORIENTED_EDGE('',*,*,#2061,.F.);
#2832=ORIENTED_EDGE('',*,*,#2062,.T.);
#2833=ORIENTED_EDGE('',*,*,#2063,.T.);
#2834=ORIENTED_EDGE('',*,*,#2064,.T.);
#2835=ORIENTED_EDGE('',*,*,#2065,.T.);
#2836=ORIENTED_EDGE('',*,*,#2066,.T.);
#2837=ORIENTED_EDGE('',*,*,#2067,.F.);
#2838=ORIENTED_EDGE('',*,*,#2068,.T.);
#2839=ORIENTED_EDGE('',*,*,#2069,.T.);
#2840=ORIENTED_EDGE('',*,*,#2070,.T.);
#2841=ORIENTED_EDGE('',*,*,#2071,.F.);
#2842=ORIENTED_EDGE('',*,*,#2072,.T.);
#2843=ORIENTED_EDGE('',*,*,#2073,.T.);
#2844=ORIENTED_EDGE('',*,*,#2074,.T.);
#2845=ORIENTED_EDGE('',*,*,#2075,.F.);
#2846=ORIENTED_EDGE('',*,*,#2076,.T.);
#2847=ORIENTED_EDGE('',*,*,#2077,.T.);
#2848=ORIENTED_EDGE('',*,*,#2078,.T.);
#2849=ORIENTED_EDGE('',*,*,#2017,.F.);
#2850=ORIENTED_EDGE('',*,*,#1919,.F.);
#2851=ORIENTED_EDGE('',*,*,#1988,.F.);
#2852=ORIENTED_EDGE('',*,*,#1984,.F.);
#2853=ORIENTED_EDGE('',*,*,#1983,.F.);
#2854=ORIENTED_EDGE('',*,*,#1980,.F.);
#2855=ORIENTED_EDGE('',*,*,#1975,.F.);
#2856=ORIENTED_EDGE('',*,*,#1974,.F.);
#2857=ORIENTED_EDGE('',*,*,#1971,.F.);
#2858=ORIENTED_EDGE('',*,*,#1966,.F.);
#2859=ORIENTED_EDGE('',*,*,#1965,.F.);
#2860=ORIENTED_EDGE('',*,*,#1962,.F.);
#2861=ORIENTED_EDGE('',*,*,#1957,.F.);
#2862=ORIENTED_EDGE('',*,*,#1956,.F.);
#2863=ORIENTED_EDGE('',*,*,#1951,.F.);
#2864=ORIENTED_EDGE('',*,*,#1950,.F.);
#2865=ORIENTED_EDGE('',*,*,#1947,.F.);
#2866=ORIENTED_EDGE('',*,*,#1942,.F.);
#2867=ORIENTED_EDGE('',*,*,#1940,.F.);
#2868=ORIENTED_EDGE('',*,*,#1939,.F.);
#2869=ORIENTED_EDGE('',*,*,#1936,.F.);
#2870=ORIENTED_EDGE('',*,*,#1935,.F.);
#2871=ORIENTED_EDGE('',*,*,#1932,.F.);
#2872=ORIENTED_EDGE('',*,*,#1931,.F.);
#2873=ORIENTED_EDGE('',*,*,#1999,.F.);
#2874=ORIENTED_EDGE('',*,*,#2003,.T.);
#2875=ORIENTED_EDGE('',*,*,#2079,.F.);
#2876=ORIENTED_EDGE('',*,*,#2080,.F.);
#2877=ORIENTED_EDGE('',*,*,#2081,.F.);
#2878=ORIENTED_EDGE('',*,*,#2050,.F.);
#2879=ORIENTED_EDGE('',*,*,#2020,.F.);
#2880=ORIENTED_EDGE('',*,*,#2082,.T.);
#2881=ORIENTED_EDGE('',*,*,#2083,.F.);
#2882=ORIENTED_EDGE('',*,*,#2084,.F.);
#2883=ORIENTED_EDGE('',*,*,#2005,.T.);
#2884=ORIENTED_EDGE('',*,*,#2016,.T.);
#2885=ORIENTED_EDGE('',*,*,#2019,.F.);
#2886=ORIENTED_EDGE('',*,*,#2085,.T.);
#2887=ORIENTED_EDGE('',*,*,#2086,.F.);
#2888=ORIENTED_EDGE('',*,*,#2082,.F.);
#2889=ORIENTED_EDGE('',*,*,#2018,.F.);
#2890=ORIENTED_EDGE('',*,*,#2078,.F.);
#2891=ORIENTED_EDGE('',*,*,#2087,.T.);
#2892=ORIENTED_EDGE('',*,*,#2088,.F.);
#2893=ORIENTED_EDGE('',*,*,#2089,.F.);
#2894=ORIENTED_EDGE('',*,*,#2090,.T.);
#2895=ORIENTED_EDGE('',*,*,#2091,.F.);
#2896=ORIENTED_EDGE('',*,*,#2092,.F.);
#2897=ORIENTED_EDGE('',*,*,#2085,.F.);
#2898=ORIENTED_EDGE('',*,*,#2093,.T.);
#2899=ORIENTED_EDGE('',*,*,#2094,.T.);
#2900=ORIENTED_EDGE('',*,*,#2095,.T.);
#2901=ORIENTED_EDGE('',*,*,#2096,.T.);
#2902=ORIENTED_EDGE('',*,*,#2097,.T.);
#2903=ORIENTED_EDGE('',*,*,#2098,.T.);
#2904=ORIENTED_EDGE('',*,*,#2099,.T.);
#2905=ORIENTED_EDGE('',*,*,#2100,.T.);
#2906=ORIENTED_EDGE('',*,*,#2101,.T.);
#2907=ORIENTED_EDGE('',*,*,#2102,.T.);
#2908=ORIENTED_EDGE('',*,*,#2103,.T.);
#2909=ORIENTED_EDGE('',*,*,#2086,.T.);
#2910=ORIENTED_EDGE('',*,*,#2104,.T.);
#2911=ORIENTED_EDGE('',*,*,#2105,.T.);
#2912=ORIENTED_EDGE('',*,*,#2106,.T.);
#2913=ORIENTED_EDGE('',*,*,#2080,.T.);
#2914=ORIENTED_EDGE('',*,*,#2107,.T.);
#2915=ORIENTED_EDGE('',*,*,#2108,.T.);
#2916=ORIENTED_EDGE('',*,*,#2106,.F.);
#2917=ORIENTED_EDGE('',*,*,#2109,.T.);
#2918=ORIENTED_EDGE('',*,*,#2110,.T.);
#2919=ORIENTED_EDGE('',*,*,#2111,.T.);
#2920=ORIENTED_EDGE('',*,*,#2107,.F.);
#2921=ORIENTED_EDGE('',*,*,#2112,.T.);
#2922=ORIENTED_EDGE('',*,*,#2110,.F.);
#2923=ORIENTED_EDGE('',*,*,#2113,.T.);
#2924=ORIENTED_EDGE('',*,*,#2114,.T.);
#2925=ORIENTED_EDGE('',*,*,#2115,.T.);
#2926=ORIENTED_EDGE('',*,*,#2116,.T.);
#2927=ORIENTED_EDGE('',*,*,#2117,.T.);
#2928=ORIENTED_EDGE('',*,*,#2114,.F.);
#2929=ORIENTED_EDGE('',*,*,#2118,.T.);
#2930=ORIENTED_EDGE('',*,*,#2116,.F.);
#2931=ORIENTED_EDGE('',*,*,#2119,.T.);
#2932=ORIENTED_EDGE('',*,*,#2120,.T.);
#2933=ORIENTED_EDGE('',*,*,#2121,.T.);
#2934=ORIENTED_EDGE('',*,*,#2122,.T.);
#2935=ORIENTED_EDGE('',*,*,#2123,.T.);
#2936=ORIENTED_EDGE('',*,*,#2120,.F.);
#2937=ORIENTED_EDGE('',*,*,#2124,.T.);
#2938=ORIENTED_EDGE('',*,*,#2125,.T.);
#2939=ORIENTED_EDGE('',*,*,#2126,.T.);
#2940=ORIENTED_EDGE('',*,*,#2122,.F.);
#2941=ORIENTED_EDGE('',*,*,#2127,.T.);
#2942=ORIENTED_EDGE('',*,*,#2128,.T.);
#2943=ORIENTED_EDGE('',*,*,#2129,.T.);
#2944=ORIENTED_EDGE('',*,*,#2125,.F.);
#2945=ORIENTED_EDGE('',*,*,#2130,.T.);
#2946=ORIENTED_EDGE('',*,*,#2128,.F.);
#2947=ORIENTED_EDGE('',*,*,#2131,.T.);
#2948=ORIENTED_EDGE('',*,*,#2132,.T.);
#2949=ORIENTED_EDGE('',*,*,#2133,.T.);
#2950=ORIENTED_EDGE('',*,*,#2134,.T.);
#2951=ORIENTED_EDGE('',*,*,#2135,.T.);
#2952=ORIENTED_EDGE('',*,*,#2132,.F.);
#2953=ORIENTED_EDGE('',*,*,#2136,.T.);
#2954=ORIENTED_EDGE('',*,*,#2137,.T.);
#2955=ORIENTED_EDGE('',*,*,#2138,.T.);
#2956=ORIENTED_EDGE('',*,*,#2134,.F.);
#2957=ORIENTED_EDGE('',*,*,#2139,.T.);
#2958=ORIENTED_EDGE('',*,*,#2140,.T.);
#2959=ORIENTED_EDGE('',*,*,#2141,.T.);
#2960=ORIENTED_EDGE('',*,*,#2137,.F.);
#2961=ORIENTED_EDGE('',*,*,#2142,.T.);
#2962=ORIENTED_EDGE('',*,*,#2140,.F.);
#2963=ORIENTED_EDGE('',*,*,#2143,.T.);
#2964=ORIENTED_EDGE('',*,*,#2144,.T.);
#2965=ORIENTED_EDGE('',*,*,#2145,.T.);
#2966=ORIENTED_EDGE('',*,*,#2146,.T.);
#2967=ORIENTED_EDGE('',*,*,#2147,.T.);
#2968=ORIENTED_EDGE('',*,*,#2144,.F.);
#2969=ORIENTED_EDGE('',*,*,#2148,.T.);
#2970=ORIENTED_EDGE('',*,*,#2146,.F.);
#2971=ORIENTED_EDGE('',*,*,#2149,.T.);
#2972=ORIENTED_EDGE('',*,*,#2150,.T.);
#2973=ORIENTED_EDGE('',*,*,#2151,.T.);
#2974=ORIENTED_EDGE('',*,*,#2152,.T.);
#2975=ORIENTED_EDGE('',*,*,#2153,.T.);
#2976=ORIENTED_EDGE('',*,*,#2150,.F.);
#2977=ORIENTED_EDGE('',*,*,#2154,.T.);
#2978=ORIENTED_EDGE('',*,*,#2155,.T.);
#2979=ORIENTED_EDGE('',*,*,#2156,.T.);
#2980=ORIENTED_EDGE('',*,*,#2152,.F.);
#2981=ORIENTED_EDGE('',*,*,#2157,.T.);
#2982=ORIENTED_EDGE('',*,*,#2158,.T.);
#2983=ORIENTED_EDGE('',*,*,#2159,.T.);
#2984=ORIENTED_EDGE('',*,*,#2155,.F.);
#2985=ORIENTED_EDGE('',*,*,#2160,.T.);
#2986=ORIENTED_EDGE('',*,*,#2158,.F.);
#2987=ORIENTED_EDGE('',*,*,#2161,.T.);
#2988=ORIENTED_EDGE('',*,*,#2162,.T.);
#2989=ORIENTED_EDGE('',*,*,#2163,.T.);
#2990=ORIENTED_EDGE('',*,*,#2164,.T.);
#2991=ORIENTED_EDGE('',*,*,#2165,.T.);
#2992=ORIENTED_EDGE('',*,*,#2162,.F.);
#2993=ORIENTED_EDGE('',*,*,#2166,.T.);
#2994=ORIENTED_EDGE('',*,*,#2167,.T.);
#2995=ORIENTED_EDGE('',*,*,#2168,.T.);
#2996=ORIENTED_EDGE('',*,*,#2164,.F.);
#2997=ORIENTED_EDGE('',*,*,#2169,.T.);
#2998=ORIENTED_EDGE('',*,*,#2170,.T.);
#2999=ORIENTED_EDGE('',*,*,#2171,.T.);
#3000=ORIENTED_EDGE('',*,*,#2167,.F.);
#3001=ORIENTED_EDGE('',*,*,#2172,.T.);
#3002=ORIENTED_EDGE('',*,*,#2170,.F.);
#3003=ORIENTED_EDGE('',*,*,#2173,.T.);
#3004=ORIENTED_EDGE('',*,*,#2174,.T.);
#3005=ORIENTED_EDGE('',*,*,#2175,.T.);
#3006=ORIENTED_EDGE('',*,*,#2176,.T.);
#3007=ORIENTED_EDGE('',*,*,#2177,.T.);
#3008=ORIENTED_EDGE('',*,*,#2174,.F.);
#3009=ORIENTED_EDGE('',*,*,#2178,.T.);
#3010=ORIENTED_EDGE('',*,*,#2179,.T.);
#3011=ORIENTED_EDGE('',*,*,#2180,.T.);
#3012=ORIENTED_EDGE('',*,*,#2176,.F.);
#3013=ORIENTED_EDGE('',*,*,#2181,.T.);
#3014=ORIENTED_EDGE('',*,*,#2182,.T.);
#3015=ORIENTED_EDGE('',*,*,#2183,.T.);
#3016=ORIENTED_EDGE('',*,*,#2184,.F.);
#3017=ORIENTED_EDGE('',*,*,#2185,.T.);
#3018=ORIENTED_EDGE('',*,*,#2179,.F.);
#3019=ORIENTED_EDGE('',*,*,#2186,.T.);
#3020=ORIENTED_EDGE('',*,*,#2187,.T.);
#3021=ORIENTED_EDGE('',*,*,#2188,.T.);
#3022=ORIENTED_EDGE('',*,*,#2187,.F.);
#3023=ORIENTED_EDGE('',*,*,#2189,.T.);
#3024=ORIENTED_EDGE('',*,*,#2190,.T.);
#3025=ORIENTED_EDGE('',*,*,#2191,.T.);
#3026=ORIENTED_EDGE('',*,*,#2192,.T.);
#3027=ORIENTED_EDGE('',*,*,#2193,.T.);
#3028=ORIENTED_EDGE('',*,*,#2194,.F.);
#3029=ORIENTED_EDGE('',*,*,#2088,.T.);
#3030=ORIENTED_EDGE('',*,*,#2190,.F.);
#3031=ORIENTED_EDGE('',*,*,#2195,.T.);
#3032=ORIENTED_EDGE('',*,*,#2101,.F.);
#3033=ORIENTED_EDGE('',*,*,#2092,.T.);
#3034=ORIENTED_EDGE('',*,*,#2083,.T.);
#3035=ORIENTED_EDGE('',*,*,#2103,.F.);
#3036=ORIENTED_EDGE('',*,*,#2196,.T.);
#3037=ORIENTED_EDGE('',*,*,#2197,.T.);
#3038=ORIENTED_EDGE('',*,*,#2198,.T.);
#3039=ORIENTED_EDGE('',*,*,#2199,.T.);
#3040=ORIENTED_EDGE('',*,*,#2200,.T.);
#3041=ORIENTED_EDGE('',*,*,#2197,.F.);
#3042=ORIENTED_EDGE('',*,*,#2201,.T.);
#3043=ORIENTED_EDGE('',*,*,#2202,.T.);
#3044=ORIENTED_EDGE('',*,*,#2203,.T.);
#3045=ORIENTED_EDGE('',*,*,#2199,.F.);
#3046=ORIENTED_EDGE('',*,*,#2204,.T.);
#3047=ORIENTED_EDGE('',*,*,#2205,.T.);
#3048=ORIENTED_EDGE('',*,*,#2202,.F.);
#3049=ORIENTED_EDGE('',*,*,#2206,.T.);
#3050=ORIENTED_EDGE('',*,*,#2207,.T.);
#3051=ORIENTED_EDGE('',*,*,#2208,.T.);
#3052=ORIENTED_EDGE('',*,*,#2204,.F.);
#3053=ORIENTED_EDGE('',*,*,#2209,.T.);
#3054=ORIENTED_EDGE('',*,*,#2207,.F.);
#3055=ORIENTED_EDGE('',*,*,#2097,.F.);
#3056=ORIENTED_EDGE('',*,*,#2210,.T.);
#3057=ORIENTED_EDGE('',*,*,#2099,.F.);
#3058=ORIENTED_EDGE('',*,*,#2093,.F.);
#3059=ORIENTED_EDGE('',*,*,#2211,.T.);
#3060=ORIENTED_EDGE('',*,*,#2095,.F.);
#3061=ORIENTED_EDGE('',*,*,#2104,.F.);
#3062=ORIENTED_EDGE('',*,*,#2212,.T.);
#3063=ORIENTED_EDGE('',*,*,#2180,.F.);
#3064=ORIENTED_EDGE('',*,*,#2213,.T.);
#3065=ORIENTED_EDGE('',*,*,#2075,.T.);
#3066=ORIENTED_EDGE('',*,*,#2214,.T.);
#3067=ORIENTED_EDGE('',*,*,#2185,.F.);
#3068=ORIENTED_EDGE('',*,*,#2215,.F.);
#3069=ORIENTED_EDGE('',*,*,#2216,.T.);
#3070=ORIENTED_EDGE('',*,*,#2217,.F.);
#3071=ORIENTED_EDGE('',*,*,#2188,.F.);
#3072=ORIENTED_EDGE('',*,*,#2218,.F.);
#3073=ORIENTED_EDGE('',*,*,#2076,.F.);
#3074=ORIENTED_EDGE('',*,*,#2213,.F.);
#3075=ORIENTED_EDGE('',*,*,#2191,.F.);
#3076=ORIENTED_EDGE('',*,*,#2087,.F.);
#3077=ORIENTED_EDGE('',*,*,#2077,.F.);
#3078=ORIENTED_EDGE('',*,*,#2218,.T.);
#3079=ORIENTED_EDGE('',*,*,#2200,.F.);
#3080=ORIENTED_EDGE('',*,*,#2219,.F.);
#3081=ORIENTED_EDGE('',*,*,#2006,.T.);
#3082=ORIENTED_EDGE('',*,*,#2084,.T.);
#3083=ORIENTED_EDGE('',*,*,#2203,.F.);
#3084=ORIENTED_EDGE('',*,*,#2220,.F.);
#3085=ORIENTED_EDGE('',*,*,#2007,.T.);
#3086=ORIENTED_EDGE('',*,*,#2219,.T.);
#3087=ORIENTED_EDGE('',*,*,#2205,.F.);
#3088=ORIENTED_EDGE('',*,*,#2221,.T.);
#3089=ORIENTED_EDGE('',*,*,#2008,.T.);
#3090=ORIENTED_EDGE('',*,*,#2220,.T.);
#3091=ORIENTED_EDGE('',*,*,#2208,.F.);
#3092=ORIENTED_EDGE('',*,*,#2222,.F.);
#3093=ORIENTED_EDGE('',*,*,#2009,.T.);
#3094=ORIENTED_EDGE('',*,*,#2221,.F.);
#3095=ORIENTED_EDGE('',*,*,#2210,.F.);
#3096=ORIENTED_EDGE('',*,*,#2223,.T.);
#3097=ORIENTED_EDGE('',*,*,#2010,.T.);
#3098=ORIENTED_EDGE('',*,*,#2222,.T.);
#3099=ORIENTED_EDGE('',*,*,#2100,.F.);
#3100=ORIENTED_EDGE('',*,*,#2224,.F.);
#3101=ORIENTED_EDGE('',*,*,#2011,.T.);
#3102=ORIENTED_EDGE('',*,*,#2223,.F.);
#3103=ORIENTED_EDGE('',*,*,#2211,.F.);
#3104=ORIENTED_EDGE('',*,*,#2225,.T.);
#3105=ORIENTED_EDGE('',*,*,#2012,.T.);
#3106=ORIENTED_EDGE('',*,*,#2224,.T.);
#3107=ORIENTED_EDGE('',*,*,#2096,.F.);
#3108=ORIENTED_EDGE('',*,*,#2226,.F.);
#3109=ORIENTED_EDGE('',*,*,#2013,.T.);
#3110=ORIENTED_EDGE('',*,*,#2225,.F.);
#3111=ORIENTED_EDGE('',*,*,#2212,.F.);
#3112=ORIENTED_EDGE('',*,*,#2079,.T.);
#3113=ORIENTED_EDGE('',*,*,#2002,.T.);
#3114=ORIENTED_EDGE('',*,*,#2014,.T.);
#3115=ORIENTED_EDGE('',*,*,#2226,.T.);
#3116=ORIENTED_EDGE('',*,*,#2102,.F.);
#3117=ORIENTED_EDGE('',*,*,#2195,.F.);
#3118=ORIENTED_EDGE('',*,*,#2189,.F.);
#3119=ORIENTED_EDGE('',*,*,#2186,.F.);
#3120=ORIENTED_EDGE('',*,*,#2181,.F.);
#3121=ORIENTED_EDGE('',*,*,#2178,.F.);
#3122=ORIENTED_EDGE('',*,*,#2173,.F.);
#3123=ORIENTED_EDGE('',*,*,#2172,.F.);
#3124=ORIENTED_EDGE('',*,*,#2169,.F.);
#3125=ORIENTED_EDGE('',*,*,#2166,.F.);
#3126=ORIENTED_EDGE('',*,*,#2161,.F.);
#3127=ORIENTED_EDGE('',*,*,#2160,.F.);
#3128=ORIENTED_EDGE('',*,*,#2157,.F.);
#3129=ORIENTED_EDGE('',*,*,#2154,.F.);
#3130=ORIENTED_EDGE('',*,*,#2149,.F.);
#3131=ORIENTED_EDGE('',*,*,#2148,.F.);
#3132=ORIENTED_EDGE('',*,*,#2143,.F.);
#3133=ORIENTED_EDGE('',*,*,#2142,.F.);
#3134=ORIENTED_EDGE('',*,*,#2139,.F.);
#3135=ORIENTED_EDGE('',*,*,#2136,.F.);
#3136=ORIENTED_EDGE('',*,*,#2131,.F.);
#3137=ORIENTED_EDGE('',*,*,#2130,.F.);
#3138=ORIENTED_EDGE('',*,*,#2127,.F.);
#3139=ORIENTED_EDGE('',*,*,#2124,.F.);
#3140=ORIENTED_EDGE('',*,*,#2119,.F.);
#3141=ORIENTED_EDGE('',*,*,#2118,.F.);
#3142=ORIENTED_EDGE('',*,*,#2113,.F.);
#3143=ORIENTED_EDGE('',*,*,#2112,.F.);
#3144=ORIENTED_EDGE('',*,*,#2109,.F.);
#3145=ORIENTED_EDGE('',*,*,#2105,.F.);
#3146=ORIENTED_EDGE('',*,*,#2094,.F.);
#3147=ORIENTED_EDGE('',*,*,#2098,.F.);
#3148=ORIENTED_EDGE('',*,*,#2209,.F.);
#3149=ORIENTED_EDGE('',*,*,#2206,.F.);
#3150=ORIENTED_EDGE('',*,*,#2201,.F.);
#3151=ORIENTED_EDGE('',*,*,#2198,.F.);
#3152=ORIENTED_EDGE('',*,*,#2196,.F.);
#3153=ORIENTED_EDGE('',*,*,#1796,.F.);
#3154=ORIENTED_EDGE('',*,*,#1780,.F.);
#3155=ORIENTED_EDGE('',*,*,#1784,.F.);
#3156=ORIENTED_EDGE('',*,*,#1792,.F.);
#3157=ORIENTED_EDGE('',*,*,#1788,.F.);
#3158=ORIENTED_EDGE('',*,*,#2108,.F.);
#3159=ORIENTED_EDGE('',*,*,#2227,.T.);
#3160=ORIENTED_EDGE('',*,*,#2051,.T.);
#3161=ORIENTED_EDGE('',*,*,#2081,.T.);
#3162=ORIENTED_EDGE('',*,*,#2177,.F.);
#3163=ORIENTED_EDGE('',*,*,#2214,.F.);
#3164=ORIENTED_EDGE('',*,*,#2074,.F.);
#3165=ORIENTED_EDGE('',*,*,#2228,.T.);
#3166=ORIENTED_EDGE('',*,*,#2168,.F.);
#3167=ORIENTED_EDGE('',*,*,#2229,.T.);
#3168=ORIENTED_EDGE('',*,*,#2071,.T.);
#3169=ORIENTED_EDGE('',*,*,#2230,.T.);
#3170=ORIENTED_EDGE('',*,*,#2165,.F.);
#3171=ORIENTED_EDGE('',*,*,#2230,.F.);
#3172=ORIENTED_EDGE('',*,*,#2070,.F.);
#3173=ORIENTED_EDGE('',*,*,#2231,.T.);
#3174=ORIENTED_EDGE('',*,*,#2156,.F.);
#3175=ORIENTED_EDGE('',*,*,#2232,.T.);
#3176=ORIENTED_EDGE('',*,*,#2067,.T.);
#3177=ORIENTED_EDGE('',*,*,#2233,.T.);
#3178=ORIENTED_EDGE('',*,*,#2153,.F.);
#3179=ORIENTED_EDGE('',*,*,#2233,.F.);
#3180=ORIENTED_EDGE('',*,*,#2066,.F.);
#3181=ORIENTED_EDGE('',*,*,#2234,.T.);
#3182=ORIENTED_EDGE('',*,*,#2126,.F.);
#3183=ORIENTED_EDGE('',*,*,#2235,.T.);
#3184=ORIENTED_EDGE('',*,*,#2057,.T.);
#3185=ORIENTED_EDGE('',*,*,#2236,.T.);
#3186=ORIENTED_EDGE('',*,*,#2123,.F.);
#3187=ORIENTED_EDGE('',*,*,#2236,.F.);
#3188=ORIENTED_EDGE('',*,*,#2056,.F.);
#3189=ORIENTED_EDGE('',*,*,#2237,.T.);
#3190=ORIENTED_EDGE('',*,*,#2138,.F.);
#3191=ORIENTED_EDGE('',*,*,#2238,.T.);
#3192=ORIENTED_EDGE('',*,*,#2061,.T.);
#3193=ORIENTED_EDGE('',*,*,#2239,.T.);
#3194=ORIENTED_EDGE('',*,*,#2135,.F.);
#3195=ORIENTED_EDGE('',*,*,#2239,.F.);
#3196=ORIENTED_EDGE('',*,*,#2060,.F.);
#3197=ORIENTED_EDGE('',*,*,#2240,.T.);
#3198=ORIENTED_EDGE('',*,*,#1856,.F.);
#3199=ORIENTED_EDGE('',*,*,#2035,.T.);
#3200=ORIENTED_EDGE('',*,*,#2241,.T.);
#3201=ORIENTED_EDGE('',*,*,#2038,.T.);
#3202=ORIENTED_EDGE('',*,*,#2242,.F.);
#3203=ORIENTED_EDGE('',*,*,#2183,.F.);
#3204=ORIENTED_EDGE('',*,*,#2243,.F.);
#3205=ORIENTED_EDGE('',*,*,#2040,.F.);
#3206=ORIENTED_EDGE('',*,*,#2043,.T.);
#3207=ORIENTED_EDGE('',*,*,#2244,.T.);
#3208=ORIENTED_EDGE('',*,*,#2215,.T.);
#3209=ORIENTED_EDGE('',*,*,#2184,.T.);
#3210=ORIENTED_EDGE('',*,*,#2242,.T.);
#3211=ORIENTED_EDGE('',*,*,#2039,.F.);
#3212=ORIENTED_EDGE('',*,*,#2241,.F.);
#3213=ORIENTED_EDGE('',*,*,#2034,.F.);
#3214=ORIENTED_EDGE('',*,*,#2033,.T.);
#3215=ORIENTED_EDGE('',*,*,#2037,.F.);
#3216=ORIENTED_EDGE('',*,*,#2244,.F.);
#3217=ORIENTED_EDGE('',*,*,#2042,.F.);
#3218=ORIENTED_EDGE('',*,*,#2245,.F.);
#3219=ORIENTED_EDGE('',*,*,#2216,.F.);
#3220=ORIENTED_EDGE('',*,*,#2217,.T.);
#3221=ORIENTED_EDGE('',*,*,#2245,.T.);
#3222=ORIENTED_EDGE('',*,*,#2041,.T.);
#3223=ORIENTED_EDGE('',*,*,#2243,.T.);
#3224=ORIENTED_EDGE('',*,*,#2182,.F.);
#3225=ORIENTED_EDGE('',*,*,#2091,.T.);
#3226=ORIENTED_EDGE('',*,*,#2246,.T.);
#3227=ORIENTED_EDGE('',*,*,#2046,.T.);
#3228=ORIENTED_EDGE('',*,*,#2247,.T.);
#3229=ORIENTED_EDGE('',*,*,#2192,.F.);
#3230=ORIENTED_EDGE('',*,*,#2246,.F.);
#3231=ORIENTED_EDGE('',*,*,#2090,.F.);
#3232=ORIENTED_EDGE('',*,*,#2248,.F.);
#3233=ORIENTED_EDGE('',*,*,#2047,.F.);
#3234=ORIENTED_EDGE('',*,*,#2089,.T.);
#3235=ORIENTED_EDGE('',*,*,#2194,.T.);
#3236=ORIENTED_EDGE('',*,*,#2249,.T.);
#3237=ORIENTED_EDGE('',*,*,#2048,.T.);
#3238=ORIENTED_EDGE('',*,*,#2248,.T.);
#3239=ORIENTED_EDGE('',*,*,#2247,.F.);
#3240=ORIENTED_EDGE('',*,*,#2049,.F.);
#3241=ORIENTED_EDGE('',*,*,#2249,.F.);
#3242=ORIENTED_EDGE('',*,*,#2193,.F.);
#3243=ORIENTED_EDGE('',*,*,#2175,.F.);
#3244=ORIENTED_EDGE('',*,*,#2228,.F.);
#3245=ORIENTED_EDGE('',*,*,#2073,.F.);
#3246=ORIENTED_EDGE('',*,*,#2250,.T.);
#3247=ORIENTED_EDGE('',*,*,#2171,.F.);
#3248=ORIENTED_EDGE('',*,*,#2250,.F.);
#3249=ORIENTED_EDGE('',*,*,#2072,.F.);
#3250=ORIENTED_EDGE('',*,*,#2229,.F.);
#3251=ORIENTED_EDGE('',*,*,#2163,.F.);
#3252=ORIENTED_EDGE('',*,*,#2231,.F.);
#3253=ORIENTED_EDGE('',*,*,#2069,.F.);
#3254=ORIENTED_EDGE('',*,*,#2251,.T.);
#3255=ORIENTED_EDGE('',*,*,#2159,.F.);
#3256=ORIENTED_EDGE('',*,*,#2251,.F.);
#3257=ORIENTED_EDGE('',*,*,#2068,.F.);
#3258=ORIENTED_EDGE('',*,*,#2232,.F.);
#3259=ORIENTED_EDGE('',*,*,#2151,.F.);
#3260=ORIENTED_EDGE('',*,*,#2234,.F.);
#3261=ORIENTED_EDGE('',*,*,#2065,.F.);
#3262=ORIENTED_EDGE('',*,*,#2252,.T.);
#3263=ORIENTED_EDGE('',*,*,#2147,.F.);
#3264=ORIENTED_EDGE('',*,*,#2252,.F.);
#3265=ORIENTED_EDGE('',*,*,#2064,.F.);
#3266=ORIENTED_EDGE('',*,*,#2253,.T.);
#3267=ORIENTED_EDGE('',*,*,#2145,.F.);
#3268=ORIENTED_EDGE('',*,*,#2253,.F.);
#3269=ORIENTED_EDGE('',*,*,#2063,.F.);
#3270=ORIENTED_EDGE('',*,*,#2254,.T.);
#3271=ORIENTED_EDGE('',*,*,#2141,.F.);
#3272=ORIENTED_EDGE('',*,*,#2254,.F.);
#3273=ORIENTED_EDGE('',*,*,#2062,.F.);
#3274=ORIENTED_EDGE('',*,*,#2238,.F.);
#3275=ORIENTED_EDGE('',*,*,#2133,.F.);
#3276=ORIENTED_EDGE('',*,*,#2240,.F.);
#3277=ORIENTED_EDGE('',*,*,#2059,.F.);
#3278=ORIENTED_EDGE('',*,*,#2255,.T.);
#3279=ORIENTED_EDGE('',*,*,#2129,.F.);
#3280=ORIENTED_EDGE('',*,*,#2255,.F.);
#3281=ORIENTED_EDGE('',*,*,#2058,.F.);
#3282=ORIENTED_EDGE('',*,*,#2235,.F.);
#3283=ORIENTED_EDGE('',*,*,#2121,.F.);
#3284=ORIENTED_EDGE('',*,*,#2237,.F.);
#3285=ORIENTED_EDGE('',*,*,#2055,.F.);
#3286=ORIENTED_EDGE('',*,*,#2256,.T.);
#3287=ORIENTED_EDGE('',*,*,#2117,.F.);
#3288=ORIENTED_EDGE('',*,*,#2256,.F.);
#3289=ORIENTED_EDGE('',*,*,#2054,.F.);
#3290=ORIENTED_EDGE('',*,*,#2257,.T.);
#3291=ORIENTED_EDGE('',*,*,#2115,.F.);
#3292=ORIENTED_EDGE('',*,*,#2257,.F.);
#3293=ORIENTED_EDGE('',*,*,#2053,.F.);
#3294=ORIENTED_EDGE('',*,*,#2258,.T.);
#3295=ORIENTED_EDGE('',*,*,#2111,.F.);
#3296=ORIENTED_EDGE('',*,*,#2258,.F.);
#3297=ORIENTED_EDGE('',*,*,#2052,.F.);
#3298=ORIENTED_EDGE('',*,*,#2227,.F.);
#3299=CONICAL_SURFACE('',#3537,1.60000000000001,0.785398163397454);
#3300=CONICAL_SURFACE('',#3552,1.60000000000001,0.785398163397454);
#3301=CONICAL_SURFACE('',#3556,1.6,0.785398163397446);
#3302=CONICAL_SURFACE('',#3560,1.6,0.785398163397445);
#3303=CONICAL_SURFACE('',#3564,1.6,0.785398163397446);
#3304=CONICAL_SURFACE('',#3568,5.20235449781832,0.785398163397449);
#3305=CONICAL_SURFACE('',#3572,4.5,0.785398163397445);
#3306=CONICAL_SURFACE('',#3575,1.5,0.785398163397447);
#3307=CONICAL_SURFACE('',#3578,1.5,0.785398163397453);
#3308=CONICAL_SURFACE('',#3581,4.5,0.785398163397448);
#3309=ADVANCED_FACE('',(#357),#3299,.F.);
#3310=ADVANCED_FACE('',(#358,#171,#172,#173,#174,#175),#302,.T.);
#3311=ADVANCED_FACE('',(#359),#108,.F.);
#3312=ADVANCED_FACE('',(#360),#3300,.F.);
#3313=ADVANCED_FACE('',(#361),#109,.F.);
#3314=ADVANCED_FACE('',(#362),#3301,.F.);
#3315=ADVANCED_FACE('',(#363),#110,.F.);
#3316=ADVANCED_FACE('',(#364),#3302,.F.);
#3317=ADVANCED_FACE('',(#365),#111,.F.);
#3318=ADVANCED_FACE('',(#366),#3303,.F.);
#3319=ADVANCED_FACE('',(#367),#112,.F.);
#3320=ADVANCED_FACE('',(#368),#42,.T.);
#3321=ADVANCED_FACE('',(#369),#3304,.T.);
#3322=ADVANCED_FACE('',(#370),#303,.T.);
#3323=ADVANCED_FACE('',(#371),#304,.T.);
#3324=ADVANCED_FACE('',(#372),#3305,.F.);
#3325=ADVANCED_FACE('',(#373),#305,.T.);
#3326=ADVANCED_FACE('',(#374),#3306,.T.);
#3327=ADVANCED_FACE('',(#375),#306,.T.);
#3328=ADVANCED_FACE('',(#376),#3307,.T.);
#3329=ADVANCED_FACE('',(#377),#307,.T.);
#3330=ADVANCED_FACE('',(#378),#3308,.F.);
#3331=ADVANCED_FACE('',(#379),#308,.T.);
#3332=ADVANCED_FACE('',(#380),#43,.T.);
#3333=ADVANCED_FACE('',(#381),#309,.T.);
#3334=ADVANCED_FACE('',(#382),#44,.T.);
#3335=ADVANCED_FACE('',(#383),#310,.T.);
#3336=ADVANCED_FACE('',(#384),#45,.T.);
#3337=ADVANCED_FACE('',(#385),#46,.T.);
#3338=ADVANCED_FACE('',(#386),#311,.T.);
#3339=ADVANCED_FACE('',(#387),#47,.T.);
#3340=ADVANCED_FACE('',(#388),#48,.T.);
#3341=ADVANCED_FACE('',(#389),#312,.T.);
#3342=ADVANCED_FACE('',(#390),#49,.T.);
#3343=ADVANCED_FACE('',(#391),#50,.T.);
#3344=ADVANCED_FACE('',(#392),#313,.T.);
#3345=ADVANCED_FACE('',(#393),#51,.T.);
#3346=ADVANCED_FACE('',(#394),#52,.T.);
#3347=ADVANCED_FACE('',(#395),#314,.T.);
#3348=ADVANCED_FACE('',(#396),#53,.T.);
#3349=ADVANCED_FACE('',(#397),#54,.T.);
#3350=ADVANCED_FACE('',(#398),#315,.T.);
#3351=ADVANCED_FACE('',(#399),#55,.T.);
#3352=ADVANCED_FACE('',(#400),#316,.T.);
#3353=ADVANCED_FACE('',(#401),#56,.T.);
#3354=ADVANCED_FACE('',(#402),#317,.T.);
#3355=ADVANCED_FACE('',(#403),#57,.T.);
#3356=ADVANCED_FACE('',(#404),#318,.T.);
#3357=ADVANCED_FACE('',(#405),#58,.T.);
#3358=ADVANCED_FACE('',(#406),#319,.T.);
#3359=ADVANCED_FACE('',(#407),#113,.F.);
#3360=ADVANCED_FACE('',(#408),#320,.T.);
#3361=ADVANCED_FACE('',(#409),#114,.T.);
#3362=ADVANCED_FACE('',(#410),#321,.T.);
#3363=ADVANCED_FACE('',(#411),#115,.T.);
#3364=ADVANCED_FACE('',(#412),#322,.T.);
#3365=ADVANCED_FACE('',(#413),#116,.F.);
#3366=ADVANCED_FACE('',(#414),#323,.T.);
#3367=ADVANCED_FACE('',(#415),#59,.T.);
#3368=ADVANCED_FACE('',(#416),#324,.T.);
#3369=ADVANCED_FACE('',(#417),#117,.T.);
#3370=ADVANCED_FACE('',(#418),#40,.F.);
#3371=ADVANCED_FACE('',(#419),#118,.T.);
#3372=ADVANCED_FACE('',(#420),#41,.F.);
#3373=ADVANCED_FACE('',(#421),#119,.T.);
#3374=ADVANCED_FACE('',(#422),#120,.T.);
#3375=ADVANCED_FACE('',(#423),#27,.T.);
#3376=ADVANCED_FACE('',(#424),#28,.T.);
#3377=ADVANCED_FACE('',(#425),#121,.T.);
#3378=ADVANCED_FACE('',(#426),#29,.T.);
#3379=ADVANCED_FACE('',(#427),#60,.F.);
#3380=ADVANCED_FACE('',(#428),#61,.F.);
#3381=ADVANCED_FACE('',(#429),#30,.T.);
#3382=ADVANCED_FACE('',(#430),#122,.T.);
#3383=ADVANCED_FACE('',(#431),#62,.F.);
#3384=ADVANCED_FACE('',(#432),#123,.T.);
#3385=ADVANCED_FACE('',(#433),#63,.F.);
#3386=ADVANCED_FACE('',(#434),#124,.T.);
#3387=ADVANCED_FACE('',(#435),#64,.F.);
#3388=ADVANCED_FACE('',(#436),#65,.F.);
#3389=ADVANCED_FACE('',(#437),#125,.T.);
#3390=ADVANCED_FACE('',(#438),#66,.F.);
#3391=ADVANCED_FACE('',(#439),#67,.F.);
#3392=ADVANCED_FACE('',(#440),#126,.T.);
#3393=ADVANCED_FACE('',(#441),#68,.F.);
#3394=ADVANCED_FACE('',(#442),#69,.F.);
#3395=ADVANCED_FACE('',(#443),#127,.T.);
#3396=ADVANCED_FACE('',(#444),#70,.F.);
#3397=ADVANCED_FACE('',(#445),#71,.F.);
#3398=ADVANCED_FACE('',(#446),#128,.T.);
#3399=ADVANCED_FACE('',(#447),#72,.F.);
#3400=ADVANCED_FACE('',(#448),#73,.F.);
#3401=ADVANCED_FACE('',(#449),#129,.T.);
#3402=ADVANCED_FACE('',(#450),#74,.F.);
#3403=ADVANCED_FACE('',(#451),#130,.T.);
#3404=ADVANCED_FACE('',(#452),#75,.F.);
#3405=ADVANCED_FACE('',(#453),#76,.F.);
#3406=ADVANCED_FACE('',(#454),#77,.F.);
#3407=ADVANCED_FACE('',(#455),#131,.T.);
#3408=ADVANCED_FACE('',(#456),#78,.F.);
#3409=ADVANCED_FACE('',(#457),#132,.T.);
#3410=ADVANCED_FACE('',(#458),#133,.F.);
#3411=ADVANCED_FACE('',(#459),#325,.T.);
#3412=ADVANCED_FACE('',(#460),#134,.F.);
#3413=ADVANCED_FACE('',(#461),#135,.T.);
#3414=ADVANCED_FACE('',(#462),#79,.T.);
#3415=ADVANCED_FACE('',(#463),#326,.T.);
#3416=ADVANCED_FACE('',(#464),#80,.T.);
#3417=ADVANCED_FACE('',(#465),#81,.T.);
#3418=ADVANCED_FACE('',(#466),#327,.T.);
#3419=ADVANCED_FACE('',(#467),#82,.T.);
#3420=ADVANCED_FACE('',(#468),#83,.T.);
#3421=ADVANCED_FACE('',(#469),#328,.T.);
#3422=ADVANCED_FACE('',(#470),#84,.T.);
#3423=ADVANCED_FACE('',(#471),#85,.T.);
#3424=ADVANCED_FACE('',(#472),#329,.T.);
#3425=ADVANCED_FACE('',(#473),#86,.T.);
#3426=ADVANCED_FACE('',(#474),#87,.T.);
#3427=ADVANCED_FACE('',(#475),#330,.T.);
#3428=ADVANCED_FACE('',(#476),#88,.T.);
#3429=ADVANCED_FACE('',(#477,#176),#331,.T.);
#3430=ADVANCED_FACE('',(#478),#332,.F.);
#3431=ADVANCED_FACE('',(#479),#333,.F.);
#3432=ADVANCED_FACE('',(#480),#334,.F.);
#3433=ADVANCED_FACE('',(#481),#136,.F.);
#3434=ADVANCED_FACE('',(#482),#335,.F.);
#3435=ADVANCED_FACE('',(#483),#137,.F.);
#3436=ADVANCED_FACE('',(#484),#138,.F.);
#3437=ADVANCED_FACE('',(#485),#31,.F.);
#3438=ADVANCED_FACE('',(#486),#139,.F.);
#3439=ADVANCED_FACE('',(#487),#32,.F.);
#3440=ADVANCED_FACE('',(#488),#140,.F.);
#3441=ADVANCED_FACE('',(#489),#89,.T.);
#3442=ADVANCED_FACE('',(#490),#141,.F.);
#3443=ADVANCED_FACE('',(#491),#90,.T.);
#3444=ADVANCED_FACE('',(#492),#142,.F.);
#3445=ADVANCED_FACE('',(#493),#33,.F.);
#3446=ADVANCED_FACE('',(#494),#143,.F.);
#3447=ADVANCED_FACE('',(#495),#91,.T.);
#3448=ADVANCED_FACE('',(#496),#144,.F.);
#3449=ADVANCED_FACE('',(#497),#34,.F.);
#3450=ADVANCED_FACE('',(#498),#145,.F.);
#3451=ADVANCED_FACE('',(#499),#92,.T.);
#3452=ADVANCED_FACE('',(#500),#146,.F.);
#3453=ADVANCED_FACE('',(#501),#93,.T.);
#3454=ADVANCED_FACE('',(#502),#147,.F.);
#3455=ADVANCED_FACE('',(#503),#35,.F.);
#3456=ADVANCED_FACE('',(#504),#148,.F.);
#3457=ADVANCED_FACE('',(#505),#94,.T.);
#3458=ADVANCED_FACE('',(#506),#149,.F.);
#3459=ADVANCED_FACE('',(#507),#36,.F.);
#3460=ADVANCED_FACE('',(#508),#150,.F.);
#3461=ADVANCED_FACE('',(#509),#95,.T.);
#3462=ADVANCED_FACE('',(#510),#151,.F.);
#3463=ADVANCED_FACE('',(#511),#37,.F.);
#3464=ADVANCED_FACE('',(#512),#152,.F.);
#3465=ADVANCED_FACE('',(#513),#96,.T.);
#3466=ADVANCED_FACE('',(#514),#153,.F.);
#3467=ADVANCED_FACE('',(#515),#154,.F.);
#3468=ADVANCED_FACE('',(#516),#97,.T.);
#3469=ADVANCED_FACE('',(#517),#155,.F.);
#3470=ADVANCED_FACE('',(#518),#38,.F.);
#3471=ADVANCED_FACE('',(#519),#39,.F.);
#3472=ADVANCED_FACE('',(#520),#23,.F.);
#3473=ADVANCED_FACE('',(#521),#24,.F.);
#3474=ADVANCED_FACE('',(#522),#25,.F.);
#3475=ADVANCED_FACE('',(#523),#156,.T.);
#3476=ADVANCED_FACE('',(#524),#336,.F.);
#3477=ADVANCED_FACE('',(#525),#98,.F.);
#3478=ADVANCED_FACE('',(#526),#99,.F.);
#3479=ADVANCED_FACE('',(#527),#337,.F.);
#3480=ADVANCED_FACE('',(#528),#157,.T.);
#3481=ADVANCED_FACE('',(#529),#158,.T.);
#3482=ADVANCED_FACE('',(#530),#159,.F.);
#3483=ADVANCED_FACE('',(#531),#338,.F.);
#3484=ADVANCED_FACE('',(#532),#160,.F.);
#3485=ADVANCED_FACE('',(#533),#339,.F.);
#3486=ADVANCED_FACE('',(#534),#161,.F.);
#3487=ADVANCED_FACE('',(#535,#177,#178,#179,#180,#181),#340,.T.);
#3488=ADVANCED_FACE('',(#536),#162,.T.);
#3489=ADVANCED_FACE('',(#537),#341,.F.);
#3490=ADVANCED_FACE('',(#538),#163,.T.);
#3491=ADVANCED_FACE('',(#539),#342,.F.);
#3492=ADVANCED_FACE('',(#540),#164,.T.);
#3493=ADVANCED_FACE('',(#541),#343,.F.);
#3494=ADVANCED_FACE('',(#542),#165,.T.);
#3495=ADVANCED_FACE('',(#543),#344,.F.);
#3496=ADVANCED_FACE('',(#544),#166,.T.);
#3497=ADVANCED_FACE('',(#545),#345,.F.);
#3498=ADVANCED_FACE('',(#546),#100,.T.);
#3499=ADVANCED_FACE('',(#547),#346,.F.);
#3500=ADVANCED_FACE('',(#548),#167,.F.);
#3501=ADVANCED_FACE('',(#549),#347,.F.);
#3502=ADVANCED_FACE('',(#550),#168,.F.);
#3503=ADVANCED_FACE('',(#551),#169,.F.);
#3504=ADVANCED_FACE('',(#552),#348,.F.);
#3505=ADVANCED_FACE('',(#553),#170,.F.);
#3506=ADVANCED_FACE('',(#554),#349,.F.);
#3507=ADVANCED_FACE('',(#555),#101,.F.);
#3508=ADVANCED_FACE('',(#556),#350,.F.);
#3509=ADVANCED_FACE('',(#557),#102,.F.);
#3510=ADVANCED_FACE('',(#558),#351,.F.);
#3511=ADVANCED_FACE('',(#559),#103,.F.);
#3512=ADVANCED_FACE('',(#560),#352,.F.);
#3513=ADVANCED_FACE('',(#561),#104,.F.);
#3514=ADVANCED_FACE('',(#562),#353,.F.);
#3515=ADVANCED_FACE('',(#563),#105,.F.);
#3516=ADVANCED_FACE('',(#564),#354,.F.);
#3517=ADVANCED_FACE('',(#565),#106,.F.);
#3518=ADVANCED_FACE('',(#566),#355,.F.);
#3519=ADVANCED_FACE('',(#567),#107,.F.);
#3520=ADVANCED_FACE('',(#568),#356,.F.);
#3521=CLOSED_SHELL('',(#3309,#3310,#3311,#3312,#3313,#3314,#3315,#3316,
#3317,#3318,#3319,#3320,#3321,#3322,#3323,#3324,#3325,#3326,#3327,#3328,
#3329,#3330,#3331,#3332,#3333,#3334,#3335,#3336,#3337,#3338,#3339,#3340,
#3341,#3342,#3343,#3344,#3345,#3346,#3347,#3348,#3349,#3350,#3351,#3352,
#3353,#3354,#3355,#3356,#3357,#3358,#3359,#3360,#3361,#3362,#3363,#3364,
#3365,#3366,#3367,#3368,#3369,#3370,#3371,#3372,#3373,#3374,#3375,#3376,
#3377,#3378,#3379,#3380,#3381,#3382,#3383,#3384,#3385,#3386,#3387,#3388,
#3389,#3390,#3391,#3392,#3393,#3394,#3395,#3396,#3397,#3398,#3399,#3400,
#3401,#3402,#3403,#3404,#3405,#3406,#3407,#3408,#3409,#3410,#3411,#3412,
#3413,#3414,#3415,#3416,#3417,#3418,#3419,#3420,#3421,#3422,#3423,#3424,
#3425,#3426,#3427,#3428,#3429,#3430,#3431,#3432,#3433,#3434,#3435,#3436,
#3437,#3438,#3439,#3440,#3441,#3442,#3443,#3444,#3445,#3446,#3447,#3448,
#3449,#3450,#3451,#3452,#3453,#3454,#3455,#3456,#3457,#3458,#3459,#3460,
#3461,#3462,#3463,#3464,#3465,#3466,#3467,#3468,#3469,#3470,#3471,#3472,
#3473,#3474,#3475,#3476,#3477,#3478,#3479,#3480,#3481,#3482,#3483,#3484,
#3485,#3486,#3487,#3488,#3489,#3490,#3491,#3492,#3493,#3494,#3495,#3496,
#3497,#3498,#3499,#3500,#3501,#3502,#3503,#3504,#3505,#3506,#3507,#3508,
#3509,#3510,#3511,#3512,#3513,#3514,#3515,#3516,#3517,#3518,#3519,#3520));
#3522=DERIVED_UNIT_ELEMENT(#3524,1.);
#3523=DERIVED_UNIT_ELEMENT(#9057,-3.);
#3524=(
MASS_UNIT()
NAMED_UNIT(*)
SI_UNIT(.KILO.,.GRAM.)
);
#3525=DERIVED_UNIT((#3522,#3523));
#3526=MEASURE_REPRESENTATION_ITEM('density measure',
POSITIVE_RATIO_MEASURE(7850.),#3525);
#3527=PROPERTY_DEFINITION_REPRESENTATION(#3532,#3529);
#3528=PROPERTY_DEFINITION_REPRESENTATION(#3533,#3530);
#3529=REPRESENTATION('material name',(#3531),#9054);
#3530=REPRESENTATION('density',(#3526),#9054);
#3531=DESCRIPTIVE_REPRESENTATION_ITEM('Steel','Steel');
#3532=PROPERTY_DEFINITION('material property','material name',#9074);
#3533=PROPERTY_DEFINITION('material property','density of part',#9074);
#3534=AXIS2_PLACEMENT_3D('',#4699,#3842,#3843);
#3535=AXIS2_PLACEMENT_3D('',#4700,#3844,#3845);
#3536=AXIS2_PLACEMENT_3D('',#4701,#3846,#3847);
#3537=AXIS2_PLACEMENT_3D('',#4702,#3848,#3849);
#3538=AXIS2_PLACEMENT_3D('',#4704,#3850,#3851);
#3539=AXIS2_PLACEMENT_3D('',#4707,#3853,#3854);
#3540=AXIS2_PLACEMENT_3D('',#4708,#3855,#3856);
#3541=AXIS2_PLACEMENT_3D('',#4711,#3857,#3858);
#3542=AXIS2_PLACEMENT_3D('',#4731,#3861,#3862);
#3543=AXIS2_PLACEMENT_3D('',#4735,#3864,#3865);
#3544=AXIS2_PLACEMENT_3D('',#4739,#3867,#3868);
#3545=AXIS2_PLACEMENT_3D('',#4743,#3870,#3871);
#3546=AXIS2_PLACEMENT_3D('',#4848,#3881,#3882);
#3547=AXIS2_PLACEMENT_3D('',#4850,#3883,#3884);
#3548=AXIS2_PLACEMENT_3D('',#4852,#3885,#3886);
#3549=AXIS2_PLACEMENT_3D('',#4854,#3887,#3888);
#3550=AXIS2_PLACEMENT_3D('',#4855,#3889,#3890);
#3551=AXIS2_PLACEMENT_3D('',#4858,#3892,#3893);
#3552=AXIS2_PLACEMENT_3D('',#4859,#3894,#3895);
#3553=AXIS2_PLACEMENT_3D('',#4862,#3897,#3898);
#3554=AXIS2_PLACEMENT_3D('',#4863,#3899,#3900);
#3555=AXIS2_PLACEMENT_3D('',#4866,#3902,#3903);
#3556=AXIS2_PLACEMENT_3D('',#4867,#3904,#3905);
#3557=AXIS2_PLACEMENT_3D('',#4870,#3907,#3908);
#3558=AXIS2_PLACEMENT_3D('',#4871,#3909,#3910);
#3559=AXIS2_PLACEMENT_3D('',#4874,#3912,#3913);
#3560=AXIS2_PLACEMENT_3D('',#4875,#3914,#3915);
#3561=AXIS2_PLACEMENT_3D('',#4878,#3917,#3918);
#3562=AXIS2_PLACEMENT_3D('',#4879,#3919,#3920);
#3563=AXIS2_PLACEMENT_3D('',#4882,#3922,#3923);
#3564=AXIS2_PLACEMENT_3D('',#4883,#3924,#3925);
#3565=AXIS2_PLACEMENT_3D('',#4886,#3927,#3928);
#3566=AXIS2_PLACEMENT_3D('',#4887,#3929,#3930);
#3567=AXIS2_PLACEMENT_3D('',#4890,#3932,#3933);
#3568=AXIS2_PLACEMENT_3D('',#4965,#3934,#3935);
#3569=AXIS2_PLACEMENT_3D('',#4969,#3937,#3938);
#3570=AXIS2_PLACEMENT_3D('',#4971,#3940,#3941);
#3571=AXIS2_PLACEMENT_3D('',#4973,#3943,#3944);
#3572=AXIS2_PLACEMENT_3D('',#4977,#3947,#3948);
#3573=AXIS2_PLACEMENT_3D('',#4979,#3949,#3950);
#3574=AXIS2_PLACEMENT_3D('',#4981,#3952,#3953);
#3575=AXIS2_PLACEMENT_3D('',#4985,#3956,#3957);
#3576=AXIS2_PLACEMENT_3D('',#4987,#3958,#3959);
#3577=AXIS2_PLACEMENT_3D('',#4989,#3961,#3962);
#3578=AXIS2_PLACEMENT_3D('',#4993,#3965,#3966);
#3579=AXIS2_PLACEMENT_3D('',#4995,#3967,#3968);
#3580=AXIS2_PLACEMENT_3D('',#4997,#3970,#3971);
#3581=AXIS2_PLACEMENT_3D('',#5001,#3974,#3975);
#3582=AXIS2_PLACEMENT_3D('',#5003,#3976,#3977);
#3583=AXIS2_PLACEMENT_3D('',#5005,#3979,#3980);
#3584=AXIS2_PLACEMENT_3D('',#5071,#3984,#3985);
#3585=AXIS2_PLACEMENT_3D('',#5112,#3989,#3990);
#3586=AXIS2_PLACEMENT_3D('',#5180,#3995,#3996);
#3587=AXIS2_PLACEMENT_3D('',#5228,#4001,#4002);
#3588=AXIS2_PLACEMENT_3D('',#5276,#4007,#4008);
#3589=AXIS2_PLACEMENT_3D('',#5339,#4013,#4014);
#3590=AXIS2_PLACEMENT_3D('',#5387,#4019,#4020);
#3591=AXIS2_PLACEMENT_3D('',#5428,#4024,#4025);
#3592=AXIS2_PLACEMENT_3D('',#5465,#4027,#4028);
#3593=AXIS2_PLACEMENT_3D('',#5491,#4032,#4033);
#3594=AXIS2_PLACEMENT_3D('',#5518,#4037,#4038);
#3595=AXIS2_PLACEMENT_3D('',#5522,#4041,#4042);
#3596=AXIS2_PLACEMENT_3D('',#5535,#4044,#4045);
#3597=AXIS2_PLACEMENT_3D('',#5536,#4046,#4047);
#3598=AXIS2_PLACEMENT_3D('',#5541,#4050,#4051);
#3599=AXIS2_PLACEMENT_3D('',#5542,#4052,#4053);
#3600=AXIS2_PLACEMENT_3D('',#5545,#4055,#4056);
#3601=AXIS2_PLACEMENT_3D('',#5546,#4057,#4058);
#3602=AXIS2_PLACEMENT_3D('',#5550,#4061,#4062);
#3603=AXIS2_PLACEMENT_3D('',#5553,#4064,#4065);
#3604=AXIS2_PLACEMENT_3D('',#5554,#4066,#4067);
#3605=AXIS2_PLACEMENT_3D('',#5558,#4070,#4071);
#3606=AXIS2_PLACEMENT_3D('',#5561,#4073,#4074);
#3607=AXIS2_PLACEMENT_3D('',#5562,#4075,#4076);
#3608=AXIS2_PLACEMENT_3D('',#5607,#4080,#4081);
#3609=AXIS2_PLACEMENT_3D('',#5611,#4083,#4084);
#3610=AXIS2_PLACEMENT_3D('',#5613,#4085,#4086);
#3611=AXIS2_PLACEMENT_3D('',#5615,#4088,#4089);
#3612=AXIS2_PLACEMENT_3D('',#5619,#4091,#4092);
#3613=AXIS2_PLACEMENT_3D('',#5634,#4093,#4094);
#3614=AXIS2_PLACEMENT_3D('',#5636,#4095,#4096);
#3615=AXIS2_PLACEMENT_3D('',#5637,#4097,#4098);
#3616=AXIS2_PLACEMENT_3D('',#5638,#4099,#4100);
#3617=AXIS2_PLACEMENT_3D('',#5640,#4101,#4102);
#3618=AXIS2_PLACEMENT_3D('',#5652,#4104,#4105);
#3619=AXIS2_PLACEMENT_3D('',#5654,#4106,#4107);
#3620=AXIS2_PLACEMENT_3D('',#5655,#4108,#4109);
#3621=AXIS2_PLACEMENT_3D('',#5656,#4110,#4111);
#3622=AXIS2_PLACEMENT_3D('',#5659,#4113,#4114);
#3623=AXIS2_PLACEMENT_3D('',#5660,#4115,#4116);
#3624=AXIS2_PLACEMENT_3D('',#5701,#4118,#4119);
#3625=AXIS2_PLACEMENT_3D('',#5702,#4120,#4121);
#3626=AXIS2_PLACEMENT_3D('',#5703,#4122,#4123);
#3627=AXIS2_PLACEMENT_3D('',#5704,#4124,#4125);
#3628=AXIS2_PLACEMENT_3D('',#5744,#4126,#4127);
#3629=AXIS2_PLACEMENT_3D('',#5745,#4128,#4129);
#3630=AXIS2_PLACEMENT_3D('',#5746,#4130,#4131);
#3631=AXIS2_PLACEMENT_3D('',#5748,#4133,#4134);
#3632=AXIS2_PLACEMENT_3D('',#5750,#4135,#4136);
#3633=AXIS2_PLACEMENT_3D('',#5751,#4137,#4138);
#3634=AXIS2_PLACEMENT_3D('',#5773,#4139,#4140);
#3635=AXIS2_PLACEMENT_3D('',#5803,#4141,#4142);
#3636=AXIS2_PLACEMENT_3D('',#5804,#4143,#4144);
#3637=AXIS2_PLACEMENT_3D('',#5806,#4145,#4146);
#3638=AXIS2_PLACEMENT_3D('',#5807,#4147,#4148);
#3639=AXIS2_PLACEMENT_3D('',#5808,#4149,#4150);
#3640=AXIS2_PLACEMENT_3D('',#5810,#4151,#4152);
#3641=AXIS2_PLACEMENT_3D('',#5853,#4154,#4155);
#3642=AXIS2_PLACEMENT_3D('',#5854,#4156,#4157);
#3643=AXIS2_PLACEMENT_3D('',#5856,#4158,#4159);
#3644=AXIS2_PLACEMENT_3D('',#5895,#4161,#4162);
#3645=AXIS2_PLACEMENT_3D('',#5896,#4163,#4164);
#3646=AXIS2_PLACEMENT_3D('',#5898,#4165,#4166);
#3647=AXIS2_PLACEMENT_3D('',#5931,#4168,#4169);
#3648=AXIS2_PLACEMENT_3D('',#5970,#4170,#4171);
#3649=AXIS2_PLACEMENT_3D('',#5977,#4172,#4173);
#3650=AXIS2_PLACEMENT_3D('',#5980,#4174,#4175);
#3651=AXIS2_PLACEMENT_3D('',#6005,#4178,#4179);
#3652=AXIS2_PLACEMENT_3D('',#6040,#4180,#4181);
#3653=AXIS2_PLACEMENT_3D('',#6045,#4182,#4183);
#3654=AXIS2_PLACEMENT_3D('',#6048,#4184,#4185);
#3655=AXIS2_PLACEMENT_3D('',#6077,#4188,#4189);
#3656=AXIS2_PLACEMENT_3D('',#6104,#4190,#4191);
#3657=AXIS2_PLACEMENT_3D('',#6113,#4192,#4193);
#3658=AXIS2_PLACEMENT_3D('',#6116,#4194,#4195);
#3659=AXIS2_PLACEMENT_3D('',#6157,#4198,#4199);
#3660=AXIS2_PLACEMENT_3D('',#6186,#4200,#4201);
#3661=AXIS2_PLACEMENT_3D('',#6195,#4202,#4203);
#3662=AXIS2_PLACEMENT_3D('',#6198,#4204,#4205);
#3663=AXIS2_PLACEMENT_3D('',#6227,#4208,#4209);
#3664=AXIS2_PLACEMENT_3D('',#6254,#4210,#4211);
#3665=AXIS2_PLACEMENT_3D('',#6263,#4212,#4213);
#3666=AXIS2_PLACEMENT_3D('',#6266,#4214,#4215);
#3667=AXIS2_PLACEMENT_3D('',#6307,#4218,#4219);
#3668=AXIS2_PLACEMENT_3D('',#6314,#4220,#4221);
#3669=AXIS2_PLACEMENT_3D('',#6342,#4224,#4225);
#3670=AXIS2_PLACEMENT_3D('',#6364,#4226,#4227);
#3671=AXIS2_PLACEMENT_3D('',#6365,#4228,#4229);
#3672=AXIS2_PLACEMENT_3D('',#6387,#4230,#4231);
#3673=AXIS2_PLACEMENT_3D('',#6392,#4232,#4233);
#3674=AXIS2_PLACEMENT_3D('',#6552,#4235,#4236);
#3675=AXIS2_PLACEMENT_3D('',#6556,#4238,#4239);
#3676=AXIS2_PLACEMENT_3D('',#6558,#4241,#4242);
#3677=AXIS2_PLACEMENT_3D('',#6566,#4244,#4245);
#3678=AXIS2_PLACEMENT_3D('',#6567,#4246,#4247);
#3679=AXIS2_PLACEMENT_3D('',#6583,#4251,#4252);
#3680=AXIS2_PLACEMENT_3D('',#6585,#4253,#4254);
#3681=AXIS2_PLACEMENT_3D('',#6587,#4255,#4256);
#3682=AXIS2_PLACEMENT_3D('',#6591,#4258,#4259);
#3683=AXIS2_PLACEMENT_3D('',#6594,#4261,#4262);
#3684=AXIS2_PLACEMENT_3D('',#6595,#4263,#4264);
#3685=AXIS2_PLACEMENT_3D('',#6598,#4266,#4267);
#3686=AXIS2_PLACEMENT_3D('',#6599,#4268,#4269);
#3687=AXIS2_PLACEMENT_3D('',#6603,#4271,#4272);
#3688=AXIS2_PLACEMENT_3D('',#6611,#4273,#4274);
#3689=AXIS2_PLACEMENT_3D('',#6627,#4276,#4277);
#3690=AXIS2_PLACEMENT_3D('',#6667,#4279,#4280);
#3691=AXIS2_PLACEMENT_3D('',#6707,#4282,#4283);
#3692=AXIS2_PLACEMENT_3D('',#6747,#4285,#4286);
#3693=AXIS2_PLACEMENT_3D('',#6829,#4288,#4289);
#3694=AXIS2_PLACEMENT_3D('',#6836,#4290,#4291);
#3695=AXIS2_PLACEMENT_3D('',#6840,#4293,#4294);
#3696=AXIS2_PLACEMENT_3D('',#6843,#4296,#4297);
#3697=AXIS2_PLACEMENT_3D('',#6860,#4300,#4301);
#3698=AXIS2_PLACEMENT_3D('',#6863,#4302,#4303);
#3699=AXIS2_PLACEMENT_3D('',#6867,#4305,#4306);
#3700=AXIS2_PLACEMENT_3D('',#6869,#4308,#4309);
#3701=AXIS2_PLACEMENT_3D('',#6873,#4311,#4312);
#3702=AXIS2_PLACEMENT_3D('',#6891,#4316,#4317);
#3703=AXIS2_PLACEMENT_3D('',#6902,#4320,#4321);
#3704=AXIS2_PLACEMENT_3D('',#6920,#4325,#4326);
#3705=AXIS2_PLACEMENT_3D('',#6931,#4329,#4330);
#3706=AXIS2_PLACEMENT_3D('',#6942,#4333,#4334);
#3707=AXIS2_PLACEMENT_3D('',#6951,#4337,#4338);
#3708=AXIS2_PLACEMENT_3D('',#6957,#4342,#4343);
#3709=AXIS2_PLACEMENT_3D('',#6963,#4347,#4348);
#3710=AXIS2_PLACEMENT_3D('',#6966,#4350,#4351);
#3711=AXIS2_PLACEMENT_3D('',#6967,#4352,#4353);
#3712=AXIS2_PLACEMENT_3D('',#6973,#4356,#4357);
#3713=AXIS2_PLACEMENT_3D('',#6977,#4359,#4360);
#3714=AXIS2_PLACEMENT_3D('',#6979,#4362,#4363);
#3715=AXIS2_PLACEMENT_3D('',#6982,#4364,#4365);
#3716=AXIS2_PLACEMENT_3D('',#6986,#4367,#4368);
#3717=AXIS2_PLACEMENT_3D('',#6988,#4370,#4371);
#3718=AXIS2_PLACEMENT_3D('',#6991,#4372,#4373);
#3719=AXIS2_PLACEMENT_3D('',#6994,#4375,#4376);
#3720=AXIS2_PLACEMENT_3D('',#6996,#4378,#4379);
#3721=AXIS2_PLACEMENT_3D('',#7036,#4380,#4381);
#3722=AXIS2_PLACEMENT_3D('',#7037,#4382,#4383);
#3723=AXIS2_PLACEMENT_3D('',#7038,#4384,#4385);
#3724=AXIS2_PLACEMENT_3D('',#7039,#4386,#4387);
#3725=AXIS2_PLACEMENT_3D('',#7042,#4389,#4390);
#3726=AXIS2_PLACEMENT_3D('',#7043,#4391,#4392);
#3727=AXIS2_PLACEMENT_3D('',#7046,#4393,#4394);
#3728=AXIS2_PLACEMENT_3D('',#7047,#4395,#4396);
#3729=AXIS2_PLACEMENT_3D('',#7048,#4397,#4398);
#3730=AXIS2_PLACEMENT_3D('',#7049,#4399,#4400);
#3731=AXIS2_PLACEMENT_3D('',#7052,#4401,#4402);
#3732=AXIS2_PLACEMENT_3D('',#7637,#4405,#4406);
#3733=AXIS2_PLACEMENT_3D('',#7696,#4407,#4408);
#3734=AXIS2_PLACEMENT_3D('',#7699,#4409,#4410);
#3735=AXIS2_PLACEMENT_3D('',#7848,#4413,#4414);
#3736=AXIS2_PLACEMENT_3D('',#7873,#4415,#4416);
#3737=AXIS2_PLACEMENT_3D('',#7876,#4417,#4418);
#3738=AXIS2_PLACEMENT_3D('',#7879,#4421,#4422);
#3739=AXIS2_PLACEMENT_3D('',#7882,#4423,#4424);
#3740=AXIS2_PLACEMENT_3D('',#7883,#4425,#4426);
#3741=AXIS2_PLACEMENT_3D('',#7884,#4427,#4428);
#3742=AXIS2_PLACEMENT_3D('',#7885,#4429,#4430);
#3743=AXIS2_PLACEMENT_3D('',#7888,#4431,#4432);
#3744=AXIS2_PLACEMENT_3D('',#8013,#4435,#4436);
#3745=AXIS2_PLACEMENT_3D('',#8034,#4437,#4438);
#3746=AXIS2_PLACEMENT_3D('',#8037,#4439,#4440);
#3747=AXIS2_PLACEMENT_3D('',#8040,#4443,#4444);
#3748=AXIS2_PLACEMENT_3D('',#8043,#4445,#4446);
#3749=AXIS2_PLACEMENT_3D('',#8044,#4447,#4448);
#3750=AXIS2_PLACEMENT_3D('',#8045,#4449,#4450);
#3751=AXIS2_PLACEMENT_3D('',#8046,#4451,#4452);
#3752=AXIS2_PLACEMENT_3D('',#8049,#4453,#4454);
#3753=AXIS2_PLACEMENT_3D('',#8185,#4457,#4458);
#3754=AXIS2_PLACEMENT_3D('',#8205,#4459,#4460);
#3755=AXIS2_PLACEMENT_3D('',#8208,#4461,#4462);
#3756=AXIS2_PLACEMENT_3D('',#8297,#4465,#4466);
#3757=AXIS2_PLACEMENT_3D('',#8312,#4467,#4468);
#3758=AXIS2_PLACEMENT_3D('',#8315,#4469,#4470);
#3759=AXIS2_PLACEMENT_3D('',#8318,#4473,#4474);
#3760=AXIS2_PLACEMENT_3D('',#8321,#4475,#4476);
#3761=AXIS2_PLACEMENT_3D('',#8322,#4477,#4478);
#3762=AXIS2_PLACEMENT_3D('',#8323,#4479,#4480);
#3763=AXIS2_PLACEMENT_3D('',#8324,#4481,#4482);
#3764=AXIS2_PLACEMENT_3D('',#8327,#4483,#4484);
#3765=AXIS2_PLACEMENT_3D('',#8434,#4487,#4488);
#3766=AXIS2_PLACEMENT_3D('',#8452,#4489,#4490);
#3767=AXIS2_PLACEMENT_3D('',#8455,#4491,#4492);
#3768=AXIS2_PLACEMENT_3D('',#8458,#4495,#4496);
#3769=AXIS2_PLACEMENT_3D('',#8461,#4497,#4498);
#3770=AXIS2_PLACEMENT_3D('',#8462,#4499,#4500);
#3771=AXIS2_PLACEMENT_3D('',#8463,#4501,#4502);
#3772=AXIS2_PLACEMENT_3D('',#8464,#4503,#4504);
#3773=AXIS2_PLACEMENT_3D('',#8467,#4505,#4506);
#3774=AXIS2_PLACEMENT_3D('',#8556,#4509,#4510);
#3775=AXIS2_PLACEMENT_3D('',#8571,#4511,#4512);
#3776=AXIS2_PLACEMENT_3D('',#8574,#4513,#4514);
#3777=AXIS2_PLACEMENT_3D('',#8577,#4517,#4518);
#3778=AXIS2_PLACEMENT_3D('',#8580,#4519,#4520);
#3779=AXIS2_PLACEMENT_3D('',#8581,#4521,#4522);
#3780=AXIS2_PLACEMENT_3D('',#8582,#4523,#4524);
#3781=AXIS2_PLACEMENT_3D('',#8583,#4525,#4526);
#3782=AXIS2_PLACEMENT_3D('',#8605,#4530,#4531);
#3783=AXIS2_PLACEMENT_3D('',#8692,#4533,#4534);
#3784=AXIS2_PLACEMENT_3D('',#8707,#4535,#4536);
#3785=AXIS2_PLACEMENT_3D('',#8724,#4539,#4540);
#3786=AXIS2_PLACEMENT_3D('',#8832,#4542,#4543);
#3787=AXIS2_PLACEMENT_3D('',#8836,#4545,#4546);
#3788=AXIS2_PLACEMENT_3D('',#8838,#4548,#4549);
#3789=AXIS2_PLACEMENT_3D('',#8841,#4550,#4551);
#3790=AXIS2_PLACEMENT_3D('',#8842,#4552,#4553);
#3791=AXIS2_PLACEMENT_3D('',#8843,#4554,#4555);
#3792=AXIS2_PLACEMENT_3D('',#8844,#4556,#4557);
#3793=AXIS2_PLACEMENT_3D('',#8846,#4558,#4559);
#3794=AXIS2_PLACEMENT_3D('',#8847,#4560,#4561);
#3795=AXIS2_PLACEMENT_3D('',#8848,#4562,#4563);
#3796=AXIS2_PLACEMENT_3D('',#8849,#4564,#4565);
#3797=AXIS2_PLACEMENT_3D('',#8850,#4566,#4567);
#3798=AXIS2_PLACEMENT_3D('',#8851,#4568,#4569);
#3799=AXIS2_PLACEMENT_3D('',#8852,#4570,#4571);
#3800=AXIS2_PLACEMENT_3D('',#8853,#4572,#4573);
#3801=AXIS2_PLACEMENT_3D('',#8854,#4574,#4575);
#3802=AXIS2_PLACEMENT_3D('',#8855,#4576,#4577);
#3803=AXIS2_PLACEMENT_3D('',#8858,#4580,#4581);
#3804=AXIS2_PLACEMENT_3D('',#8860,#4582,#4583);
#3805=AXIS2_PLACEMENT_3D('',#8863,#4585,#4586);
#3806=AXIS2_PLACEMENT_3D('',#8888,#4589,#4590);
#3807=AXIS2_PLACEMENT_3D('',#8890,#4592,#4593);
#3808=AXIS2_PLACEMENT_3D('',#8892,#4595,#4596);
#3809=AXIS2_PLACEMENT_3D('',#8894,#4598,#4599);
#3810=AXIS2_PLACEMENT_3D('',#8896,#4601,#4602);
#3811=AXIS2_PLACEMENT_3D('',#8898,#4604,#4605);
#3812=AXIS2_PLACEMENT_3D('',#8900,#4607,#4608);
#3813=AXIS2_PLACEMENT_3D('',#8902,#4610,#4611);
#3814=AXIS2_PLACEMENT_3D('',#8903,#4612,#4613);
#3815=AXIS2_PLACEMENT_3D('',#8904,#4614,#4615);
#3816=AXIS2_PLACEMENT_3D('',#8906,#4617,#4618);
#3817=AXIS2_PLACEMENT_3D('',#8908,#4620,#4621);
#3818=AXIS2_PLACEMENT_3D('',#8911,#4624,#4625);
#3819=AXIS2_PLACEMENT_3D('',#8913,#4627,#4628);
#3820=AXIS2_PLACEMENT_3D('',#8916,#4631,#4632);
#3821=AXIS2_PLACEMENT_3D('',#8918,#4634,#4635);
#3822=AXIS2_PLACEMENT_3D('',#8921,#4638,#4639);
#3823=AXIS2_PLACEMENT_3D('',#8923,#4641,#4642);
#3824=AXIS2_PLACEMENT_3D('',#8926,#4645,#4646);
#3825=AXIS2_PLACEMENT_3D('',#8958,#4648,#4649);
#3826=AXIS2_PLACEMENT_3D('',#8961,#4652,#4653);
#3827=AXIS2_PLACEMENT_3D('',#8963,#4655,#4656);
#3828=AXIS2_PLACEMENT_3D('',#8965,#4658,#4659);
#3829=AXIS2_PLACEMENT_3D('',#8966,#4660,#4661);
#3830=AXIS2_PLACEMENT_3D('',#8969,#4664,#4665);
#3831=AXIS2_PLACEMENT_3D('',#8971,#4667,#4668);
#3832=AXIS2_PLACEMENT_3D('',#8973,#4670,#4671);
#3833=AXIS2_PLACEMENT_3D('',#8983,#4673,#4674);
#3834=AXIS2_PLACEMENT_3D('',#8993,#4676,#4677);
#3835=AXIS2_PLACEMENT_3D('',#9003,#4679,#4680);
#3836=AXIS2_PLACEMENT_3D('',#9014,#4683,#4684);
#3837=AXIS2_PLACEMENT_3D('',#9024,#4686,#4687);
#3838=AXIS2_PLACEMENT_3D('',#9034,#4689,#4690);
#3839=AXIS2_PLACEMENT_3D('',#9045,#4693,#4694);
#3840=AXIS2_PLACEMENT_3D('',#9046,#4695,#4696);
#3841=AXIS2_PLACEMENT_3D('',#9047,#4697,#4698);
#3842=DIRECTION('axis',(0.,0.,1.));
#3843=DIRECTION('refdir',(1.,0.,0.));
#3844=DIRECTION('axis',(0.,0.,1.));
#3845=DIRECTION('refdir',(1.,0.,0.));
#3846=DIRECTION('axis',(0.,0.,1.));
#3847=DIRECTION('refdir',(1.,0.,0.));
#3848=DIRECTION('center_axis',(0.,-1.,0.));
#3849=DIRECTION('ref_axis',(1.,-1.22464679914738E-16,-4.57784763626196E-15));
#3850=DIRECTION('center_axis',(-1.22464679914741E-16,-1.,-6.45073560240607E-16));
#3851=DIRECTION('ref_axis',(1.,-1.22464679914738E-16,-4.57784763626196E-15));
#3852=DIRECTION('',(0.707106781186552,0.707106781186544,-3.15043150121611E-15));
#3853=DIRECTION('center_axis',(1.22464679914741E-16,1.,6.45073560240607E-16));
#3854=DIRECTION('ref_axis',(1.,-1.22464679914738E-16,-4.57784763626196E-15));
#3855=DIRECTION('center_axis',(-1.22464679914741E-16,-1.,-6.45073560240607E-16));
#3856=DIRECTION('ref_axis',(1.,-1.22464679914738E-16,-4.57784763626196E-15));
#3857=DIRECTION('center_axis',(1.22464679914741E-16,1.,6.45073560240607E-16));
#3858=DIRECTION('ref_axis',(0.999973315744196,-1.17748938872595E-16,-0.00730532679333938));
#3859=DIRECTION('',(0.499564348499917,4.97633259389541E-16,-0.866276781235566));
#3860=DIRECTION('',(0.86597321041297,-4.28646220783822E-16,0.500090390676579));
#3861=DIRECTION('center_axis',(-1.22464679914741E-16,-1.,-6.45073560240607E-16));
#3862=DIRECTION('ref_axis',(0.320760381176322,5.71706298456139E-16,-0.947160376001668));
#3863=DIRECTION('',(0.991644500991752,-2.0465637485735E-16,0.129000711830669));
#3864=DIRECTION('center_axis',(1.22464679914741E-16,1.,6.45073560240607E-16));
#3865=DIRECTION('ref_axis',(-0.257896991042488,-5.91669009262648E-16,0.966172418366014));
#3866=DIRECTION('',(0.924021226125456,-3.59798146312315E-16,0.382341174436665));
#3867=DIRECTION('center_axis',(1.22464679914741E-16,1.,6.45073560240607E-16));
#3868=DIRECTION('ref_axis',(-0.618250737033368,-4.31301639751821E-16,0.785980932439011));
#3869=DIRECTION('',(0.589221225957573,-5.93360001416943E-16,0.807971748813692));
#3870=DIRECTION('center_axis',(-1.22464679914741E-16,-1.,-6.45073560240607E-16));
#3871=DIRECTION('ref_axis',(0.453199066360923,5.1952371610822E-16,-0.891409337089077));
#3872=DIRECTION('',(1.,-1.22464690659743E-16,1.66570178828856E-8));
#3873=DIRECTION('',(-1.81046897648421E-9,-6.45073560018888E-16,1.));
#3874=DIRECTION('',(-1.,1.22464679366141E-16,8.50445594302591E-10));
#3875=DIRECTION('',(-1.,1.22464674421931E-16,8.51501278204824E-9));
#3876=DIRECTION('',(-1.,1.22464683571745E-16,-5.66912650900099E-9));
#3877=DIRECTION('',(-1.,1.22464684523371E-16,-7.14434803752894E-9));
#3878=DIRECTION('',(-1.,1.22464686103512E-16,-9.5939000515042E-9));
#3879=DIRECTION('',(-1.,1.2246468342585E-16,-5.44295864410737E-9));
#3880=DIRECTION('',(9.99039819807268E-9,6.45073559017136E-16,-1.));
#3881=DIRECTION('center_axis',(-1.22464679914741E-16,-1.,-6.45073560240607E-16));
#3882=DIRECTION('ref_axis',(1.,-1.22464679914738E-16,-4.57784763626196E-15));
#3883=DIRECTION('center_axis',(-1.22464679914741E-16,-1.,-6.45073560240607E-16));
#3884=DIRECTION('ref_axis',(1.,-1.22464679914738E-16,-4.57784763626196E-15));
#3885=DIRECTION('center_axis',(-1.22464679914741E-16,-1.,-6.45073560240607E-16));
#3886=DIRECTION('ref_axis',(1.,-1.22464679914738E-16,-4.57784763626196E-15));
#3887=DIRECTION('center_axis',(-1.22464679914741E-16,-1.,-6.45073560240607E-16));
#3888=DIRECTION('ref_axis',(1.,-1.22464679914738E-16,-4.57784763626196E-15));
#3889=DIRECTION('center_axis',(-1.22464679914741E-16,-1.,-6.45073560240607E-16));
#3890=DIRECTION('ref_axis',(1.,-1.22464679914738E-16,-4.57784763626196E-15));
#3891=DIRECTION('',(1.22464679914741E-16,1.,6.45073560240607E-16));
#3892=DIRECTION('center_axis',(-2.46440378380185E-30,1.,6.21724904378E-16));
#3893=DIRECTION('ref_axis',(1.,-1.22464679914738E-16,-4.57784763626196E-15));
#3894=DIRECTION('center_axis',(0.,-1.,-5.55111512312577E-16));
#3895=DIRECTION('ref_axis',(1.,-1.22464679914738E-16,-4.57784763626196E-15));
#3896=DIRECTION('',(0.707106781186552,0.707106781186544,-2.75790838654517E-15));
#3897=DIRECTION('center_axis',(1.22464679914741E-16,1.,6.45073560240607E-16));
#3898=DIRECTION('ref_axis',(1.,-1.22464679914738E-16,-4.57784763626196E-15));
#3899=DIRECTION('center_axis',(-1.22464679914741E-16,-1.,-6.45073560240607E-16));
#3900=DIRECTION('ref_axis',(1.,-1.22464679914738E-16,-4.57784763626196E-15));
#3901=DIRECTION('',(1.22464679914741E-16,1.,6.45073560240607E-16));
#3902=DIRECTION('center_axis',(-2.46440378380185E-30,1.,6.21724904378E-16));
#3903=DIRECTION('ref_axis',(1.,-1.22464679914738E-16,-4.57784763626196E-15));
#3904=DIRECTION('center_axis',(0.,-1.,0.));
#3905=DIRECTION('ref_axis',(1.,-1.22464679914738E-16,-4.57784763626196E-15));
#3906=DIRECTION('',(0.707106781186546,0.707106781186549,-3.15043150121608E-15));
#3907=DIRECTION('center_axis',(1.22464679914741E-16,1.,6.45073560240607E-16));
#3908=DIRECTION('ref_axis',(1.,-1.22464679914738E-16,-4.57784763626196E-15));
#3909=DIRECTION('center_axis',(-1.22464679914741E-16,-1.,-6.45073560240607E-16));
#3910=DIRECTION('ref_axis',(1.,-1.22464679914738E-16,-4.57784763626196E-15));
#3911=DIRECTION('',(1.22464679914741E-16,1.,6.45073560240607E-16));
#3912=DIRECTION('center_axis',(-2.46440378380185E-30,1.,6.21724904378E-16));
#3913=DIRECTION('ref_axis',(1.,-1.22464679914738E-16,-4.57784763626196E-15));
#3914=DIRECTION('center_axis',(0.,-1.,-1.11022302462515E-15));
#3915=DIRECTION('ref_axis',(1.,-1.22464679914738E-16,-4.57784763626196E-15));
#3916=DIRECTION('',(0.707106781186545,0.70710678118655,-2.36538527187419E-15));
#3917=DIRECTION('center_axis',(1.22464679914741E-16,1.,6.45073560240607E-16));
#3918=DIRECTION('ref_axis',(1.,-1.22464679914738E-16,-4.57784763626196E-15));
#3919=DIRECTION('center_axis',(-1.22464679914741E-16,-1.,-6.45073560240607E-16));
#3920=DIRECTION('ref_axis',(1.,-1.22464679914738E-16,-4.57784763626196E-15));
#3921=DIRECTION('',(1.22464679914741E-16,1.,6.45073560240607E-16));
#3922=DIRECTION('center_axis',(-2.46440378380185E-30,1.,6.21724904378E-16));
#3923=DIRECTION('ref_axis',(1.,-1.22464679914738E-16,-4.57784763626196E-15));
#3924=DIRECTION('center_axis',(0.,-1.,0.));
#3925=DIRECTION('ref_axis',(1.,-1.22464679914738E-16,-4.57784763626196E-15));
#3926=DIRECTION('',(0.707106781186546,0.707106781186549,-3.15043150121608E-15));
#3927=DIRECTION('center_axis',(1.22464679914741E-16,1.,6.45073560240607E-16));
#3928=DIRECTION('ref_axis',(1.,-1.22464679914738E-16,-4.57784763626196E-15));
#3929=DIRECTION('center_axis',(-1.22464679914741E-16,-1.,-6.45073560240607E-16));
#3930=DIRECTION('ref_axis',(1.,-1.22464679914738E-16,-4.57784763626196E-15));
#3931=DIRECTION('',(1.22464679914741E-16,1.,6.45073560240607E-16));
#3932=DIRECTION('center_axis',(-2.46440378380185E-30,1.,6.21724904378E-16));
#3933=DIRECTION('ref_axis',(1.,-1.22464679914738E-16,-4.57784763626196E-15));
#3934=DIRECTION('center_axis',(0.,1.,0.));
#3935=DIRECTION('ref_axis',(0.999973315744197,-1.17748938872595E-16,-0.00730532679333938));
#3936=DIRECTION('',(-0.707104422671895,-0.707104422646082,0.00258281091000187));
#3937=DIRECTION('center_axis',(-1.22464679914741E-16,-1.,-6.45073560240607E-16));
#3938=DIRECTION('ref_axis',(0.999973315744197,-1.17748938872595E-16,-0.00730532679333938));
#3939=DIRECTION('',(-0.612663502514568,-0.70710678118656,-0.353048768141973));
#3940=DIRECTION('center_axis',(0.612550186396121,-0.707106781186551,0.353245338463329));
#3941=DIRECTION('ref_axis',(0.499564348499917,0.,-0.866276781235566));
#3942=DIRECTION('',(-0.499564348499917,-4.97633259389541E-16,0.866276781235566));
#3943=DIRECTION('center_axis',(-0.353617306453639,-0.707106781186548,0.612335529408895));
#3944=DIRECTION('ref_axis',(0.86597321041297,0.,0.50009039067658));
#3945=DIRECTION('',(-0.86597321041297,4.28646220783822E-16,-0.500090390676579));
#3946=DIRECTION('',(0.353617306453645,-0.70710678118655,-0.61233552940889));
#3947=DIRECTION('center_axis',(0.,-1.,0.));
#3948=DIRECTION('ref_axis',(0.320760381176322,5.71706298456139E-16,-0.947160376001668));
#3949=DIRECTION('center_axis',(1.22464679914741E-16,1.,6.45073560240607E-16));
#3950=DIRECTION('ref_axis',(0.320760381176322,5.71706298456139E-16,-0.947160376001668));
#3951=DIRECTION('',(0.0912172781133564,-0.707106781186549,-0.701198551177616));
#3952=DIRECTION('center_axis',(-0.091217278113358,-0.707106781186546,0.701198551177619));
#3953=DIRECTION('ref_axis',(0.991644500991752,0.,0.129000711830669));
#3954=DIRECTION('',(0.0912172781133564,-0.707106781186549,-0.701198551177616));
#3955=DIRECTION('',(-0.991644500991752,2.0465637485735E-16,-0.129000711830669));
#3956=DIRECTION('center_axis',(0.,1.,0.));
#3957=DIRECTION('ref_axis',(-0.257896991042488,-5.91669009262649E-16,0.966172418366014));
#3958=DIRECTION('center_axis',(-1.22464679914741E-16,-1.,-6.45073560240607E-16));
#3959=DIRECTION('ref_axis',(-0.257896991042488,-5.9166900926265E-16,0.966172418366014));
#3960=DIRECTION('',(0.270356037170994,-0.707106781186547,-0.653381674953619));
#3961=DIRECTION('center_axis',(-0.270356037170997,-0.707106781186542,0.653381674953623));
#3962=DIRECTION('ref_axis',(0.924021226125456,0.,0.382341174436666));
#3963=DIRECTION('',(0.270356037170982,-0.70710678118655,-0.653381674953621));
#3964=DIRECTION('',(-0.924021226125456,3.59798146312315E-16,-0.382341174436665));
#3965=DIRECTION('center_axis',(0.,1.,0.));
#3966=DIRECTION('ref_axis',(-0.618250737033368,-4.31301639751819E-16,0.785980932439011));
#3967=DIRECTION('center_axis',(-1.22464679914741E-16,-1.,-6.45073560240607E-16));
#3968=DIRECTION('ref_axis',(-0.618250737033368,-4.31301639751819E-16,0.785980932439011));
#3969=DIRECTION('',(0.571322302593318,-0.707106781186542,-0.416642324493655));
#3970=DIRECTION('center_axis',(-0.571322302593317,-0.707106781186546,0.416642324493651));
#3971=DIRECTION('ref_axis',(0.589221225957572,0.,0.807971748813692));
#3972=DIRECTION('',(0.571322302593311,-0.707106781186549,-0.416642324493653));
#3973=DIRECTION('',(-0.589221225957573,5.93360001416943E-16,-0.807971748813692));
#3974=DIRECTION('center_axis',(0.,-1.,0.));
#3975=DIRECTION('ref_axis',(0.453199066360923,5.1952371610822E-16,-0.891409337089077));
#3976=DIRECTION('center_axis',(1.22464679914741E-16,1.,6.45073560240607E-16));
#3977=DIRECTION('ref_axis',(0.453199066360923,5.1952371610822E-16,-0.891409337089077));
#3978=DIRECTION('',(1.17783060739795E-8,-0.707106781186548,-0.707106781186547));
#3979=DIRECTION('center_axis',(-1.17782903859296E-8,-0.707106781186548,
0.707106781186547));
#3980=DIRECTION('ref_axis',(1.,0.,1.66570180053503E-8));
#3981=DIRECTION('',(1.17782809525002E-8,-0.707106781186547,-0.707106781186548));
#3982=DIRECTION('',(-1.,1.22464690659743E-16,-1.66570178828856E-8));
#3983=DIRECTION('',(0.707106774453087,-0.707106781186564,9.75834381154487E-5));
#3984=DIRECTION('center_axis',(-0.707106781186544,-0.707106781186551,-1.28019534653573E-9));
#3985=DIRECTION('ref_axis',(-1.81046962155777E-9,0.,1.));
#3986=DIRECTION('',(0.707106781186539,-0.707106781186556,1.28019686748225E-9));
#3987=DIRECTION('',(1.81046897648421E-9,6.45073560018888E-16,-1.));
#3988=DIRECTION('',(-9.75951377818697E-5,-0.70710678118655,0.707106774451486));
#3989=DIRECTION('center_axis',(-6.01355933357191E-10,-0.707106781186547,
-0.707106781186548));
#3990=DIRECTION('ref_axis',(-1.,0.,8.5044571676727E-10));
#3991=DIRECTION('',(6.01357972415554E-10,-0.707106781186548,0.707106781186547));
#3992=DIRECTION('',(1.,-1.22464679366141E-16,-8.50445594302591E-10));
#3993=DIRECTION('',(0.634710075444866,-0.707106781186545,0.311677910877199));
#3994=DIRECTION('',(0.000179308785822285,-0.707106781186545,0.707106758451906));
#3995=DIRECTION('center_axis',(-6.02102336667205E-9,-0.707106781186546,
-0.707106781186549));
#3996=DIRECTION('ref_axis',(-1.,0.,8.51501290451291E-9));
#3997=DIRECTION('',(6.02101568203987E-9,-0.707106781186551,0.707106781186544));
#3998=DIRECTION('',(1.,-1.22464674421931E-16,-8.51501278204824E-9));
#3999=DIRECTION('',(0.478640883221579,-0.707106781186549,0.520483337782167));
#4000=DIRECTION('',(-9.75954296934596E-5,-0.707106781186548,0.707106774451448));
#4001=DIRECTION('center_axis',(4.00867771132342E-9,-0.707106781186545,-0.70710678118655));
#4002=DIRECTION('ref_axis',(-1.,0.,-5.66912638653631E-9));
#4003=DIRECTION('',(-4.00868470107337E-9,-0.707106781186548,0.707106781186547));
#4004=DIRECTION('',(1.,-1.22464683571745E-16,5.66912650900099E-9));
#4005=DIRECTION('',(-0.479111542714513,-0.707106781186539,0.520050122236051));
#4006=DIRECTION('',(-5.05181644840394E-9,-0.707106781186555,0.70710678118654));
#4007=DIRECTION('center_axis',(5.05181685789796E-9,-0.707106781186541,-0.707106781186554));
#4008=DIRECTION('ref_axis',(-1.,0.,-7.14434791506426E-9));
#4009=DIRECTION('',(-5.0518164484039E-9,-0.707106781186552,0.707106781186543));
#4010=DIRECTION('',(1.,-1.22464684523371E-16,7.14434803752894E-9));
#4011=DIRECTION('',(-0.500798395650337,-0.707106781186559,0.499200327437826));
#4012=DIRECTION('',(-6.78390476660483E-9,-0.707106781186549,0.707106781186546));
#4013=DIRECTION('center_axis',(6.78391169784901E-9,-0.707106781186544,-0.707106781186551));
#4014=DIRECTION('ref_axis',(-1.,0.,-9.59389992903951E-9));
#4015=DIRECTION('',(-6.78391732734454E-9,-0.707106781186554,0.707106781186541));
#4016=DIRECTION('',(1.,-1.22464686103512E-16,9.5939000515042E-9));
#4017=DIRECTION('',(-0.479114167633993,-0.707106781186553,0.520047703939147));
#4018=DIRECTION('',(-3.8487613636017E-9,-0.70710678118655,0.707106781186545));
#4019=DIRECTION('center_axis',(3.84875288037066E-9,-0.707106781186545,-0.70710678118655));
#4020=DIRECTION('ref_axis',(-1.,0.,-5.44295852164269E-9));
#4021=DIRECTION('',(-3.84874880286203E-9,-0.707106781186548,0.707106781186547));
#4022=DIRECTION('',(1.,-1.2246468342585E-16,5.44295864410737E-9));
#4023=DIRECTION('',(-0.707106765035677,-0.707106781186541,0.00015113169231649));
#4024=DIRECTION('center_axis',(0.707106781186548,-0.707106781186548,7.06427785647517E-9));
#4025=DIRECTION('ref_axis',(9.99039755299912E-9,0.,-1.));
#4026=DIRECTION('',(-9.99039819807268E-9,-6.45073559017136E-16,1.));
#4027=DIRECTION('center_axis',(-8.50445594302591E-10,6.45073560344756E-16,
-1.));
#4028=DIRECTION('ref_axis',(1.,-1.22464679366141E-16,-8.50445594302591E-10));
#4029=DIRECTION('',(-1.22464679914741E-16,-1.,-6.45073560240607E-16));
#4030=DIRECTION('',(-1.,1.22464679366141E-16,8.50445594302591E-10));
#4031=DIRECTION('',(-1.22464679914741E-16,-1.,-6.45073560240607E-16));
#4032=DIRECTION('center_axis',(-1.,1.22464681082627E-16,-1.81046897648421E-9));
#4033=DIRECTION('ref_axis',(1.81046897648421E-9,6.45073560018888E-16,-1.));
#4034=DIRECTION('',(-1.22464679914741E-16,-1.,-6.45073560240607E-16));
#4035=DIRECTION('',(-1.81046897648421E-9,-6.45073560018888E-16,1.));
#4036=DIRECTION('',(-1.22464679914741E-16,-1.,-6.45073560240607E-16));
#4037=DIRECTION('center_axis',(-1.66570178828856E-8,-6.4507355820071E-16,
1.));
#4038=DIRECTION('ref_axis',(-1.,1.22464690659743E-16,-1.66570178828856E-8));
#4039=DIRECTION('',(-1.22464679914741E-16,-1.,-6.45073560240607E-16));
#4040=DIRECTION('',(1.,-1.22464690659743E-16,1.66570178828856E-8));
#4041=DIRECTION('center_axis',(-1.22464679914741E-16,-1.,-6.45073560240607E-16));
#4042=DIRECTION('ref_axis',(0.453199066360923,5.1952371610822E-16,-0.891409337089077));
#4043=DIRECTION('',(1.22464679914741E-16,1.,6.45073560240607E-16));
#4044=DIRECTION('center_axis',(-1.22464679914741E-16,-1.,-6.45073560240607E-16));
#4045=DIRECTION('ref_axis',(0.0107999354596177,6.59194920871187E-16,-0.999941678996364));
#4046=DIRECTION('center_axis',(-0.807971748813692,-2.81143032399164E-16,
0.589221225957573));
#4047=DIRECTION('ref_axis',(-0.589221225957573,5.93360001416943E-16,-0.807971748813692));
#4048=DIRECTION('',(-1.22464679914741E-16,-1.,-6.45073560240606E-16));
#4049=DIRECTION('',(0.589221225957573,-6.92437663039814E-15,0.807971748813692));
#4050=DIRECTION('center_axis',(-0.807971748813692,-2.81143032399164E-16,
0.589221225957573));
#4051=DIRECTION('ref_axis',(-0.14697208339682,-0.96839167998484,-0.201536003825958));
#4052=DIRECTION('center_axis',(-1.22464679914741E-16,-1.,-6.45073560240606E-16));
#4053=DIRECTION('ref_axis',(-0.618250737033368,-4.31301639751819E-16,0.785980932439011));
#4054=DIRECTION('',(1.22464679914741E-16,1.,6.45073560240606E-16));
#4055=DIRECTION('center_axis',(1.13079616662481E-14,1.,3.23632100644792E-16));
#4056=DIRECTION('ref_axis',(-0.618250737033375,6.73678697427103E-15,0.785980932439005));
#4057=DIRECTION('center_axis',(-0.382341174436665,-5.49238372529026E-16,
0.924021226125456));
#4058=DIRECTION('ref_axis',(-0.924021226125456,3.59798146312315E-16,-0.382341174436665));
#4059=DIRECTION('',(-1.22464679914741E-16,-1.,-6.45073560240607E-16));
#4060=DIRECTION('',(0.924021226125456,-1.05725344812721E-14,0.382341174436665));
#4061=DIRECTION('center_axis',(-1.22464679914741E-16,-1.,-6.45073560240607E-16));
#4062=DIRECTION('ref_axis',(-0.257896991042488,-5.9166900926265E-16,0.966172418366014));
#4063=DIRECTION('',(1.22464679914741E-16,1.,6.45073560240607E-16));
#4064=DIRECTION('center_axis',(1.13079616662481E-14,1.,3.23632100644792E-16));
#4065=DIRECTION('ref_axis',(-0.257896991042486,2.6036048792083E-15,0.966172418366014));
#4066=DIRECTION('center_axis',(-0.129000711830669,-6.23885617864652E-16,
0.991644500991752));
#4067=DIRECTION('ref_axis',(-0.991644500991752,2.0465637485735E-16,-0.129000711830669));
#4068=DIRECTION('',(-1.22464679914741E-16,-1.,-6.45073560240607E-16));
#4069=DIRECTION('',(0.991644500991752,-1.12552267751148E-14,0.129000711830669));
#4070=DIRECTION('center_axis',(-1.22464679914741E-16,-1.,-6.45073560240606E-16));
#4071=DIRECTION('ref_axis',(0.320760381176322,5.71706298456139E-16,-0.947160376001668));
#4072=DIRECTION('',(1.22464679914741E-16,1.,6.45073560240607E-16));
#4073=DIRECTION('center_axis',(-1.13079616662481E-14,-1.,-3.23632100644792E-16));
#4074=DIRECTION('ref_axis',(0.320760381176319,-3.33066907387547E-15,-0.947160376001669));
#4075=DIRECTION('center_axis',(-0.500090390676579,-4.97373012291437E-16,
0.86597321041297));
#4076=DIRECTION('ref_axis',(-0.86597321041297,4.28646220783822E-16,-0.500090390676579));
#4077=DIRECTION('',(-1.22464679914741E-16,-1.,-6.45073560240607E-16));
#4078=DIRECTION('',(0.86597321041297,-9.95423717099456E-15,0.500090390676579));
#4079=DIRECTION('',(-1.22464679914741E-16,-1.,-6.45073560240607E-16));
#4080=DIRECTION('center_axis',(0.866276781235566,-4.28344061587707E-16,
0.499564348499917));
#4081=DIRECTION('ref_axis',(-0.499564348499917,-4.97633259389541E-16,0.866276781235566));
#4082=DIRECTION('',(-1.22464679914741E-16,-1.,-6.45073560240607E-16));
#4083=DIRECTION('center_axis',(-0.866276781235566,4.28344061587707E-16,
-0.499564348499917));
#4084=DIRECTION('ref_axis',(-0.480887143159369,-0.270880389509367,0.833889303279083));
#4085=DIRECTION('center_axis',(0.866276781235566,-4.28344061587707E-16,
0.499564348499917));
#4086=DIRECTION('ref_axis',(0.499564348499917,-5.86632926544168E-15,-0.866276781235566));
#4087=DIRECTION('',(0.499564348499917,-5.36869952821017E-15,-0.866276781235566));
#4088=DIRECTION('center_axis',(-1.22464679914741E-16,-1.,-6.45073560240607E-16));
#4089=DIRECTION('ref_axis',(0.999973315744197,-1.17748938872595E-16,-0.00730532679333938));
#4090=DIRECTION('',(-1.22464679914741E-16,-1.,-6.45073560240607E-16));
#4091=DIRECTION('center_axis',(1.22464679914741E-16,1.,6.45073560240607E-16));
#4092=DIRECTION('ref_axis',(0.987766287623906,-2.19032489681439E-16,0.155941530817445));
#4093=DIRECTION('center_axis',(0.924021226125455,-1.64139142477841E-14,
0.382341174436667));
#4094=DIRECTION('ref_axis',(1.77635683939966E-14,1.,0.));
#4095=DIRECTION('center_axis',(-0.991644500991752,1.76151449158976E-14,
-0.129000711830667));
#4096=DIRECTION('ref_axis',(-0.129000711830667,1.11022302462516E-15,0.991644500991752));
#4097=DIRECTION('center_axis',(-1.13079616662481E-14,-1.,-3.23632100644792E-16));
#4098=DIRECTION('ref_axis',(-0.257896991042486,2.6036048792083E-15,0.966172418366014));
#4099=DIRECTION('center_axis',(-0.991644500991752,1.12552267751148E-14,
-0.129000711830669));
#4100=DIRECTION('ref_axis',(-0.0912172781133444,0.707106781186552,0.701198551177615));
#4101=DIRECTION('center_axis',(0.991644500991752,-1.76151449159045E-14,
0.129000711830667));
#4102=DIRECTION('ref_axis',(1.77635683940035E-14,1.,0.));
#4103=DIRECTION('',(-0.991644500991752,1.12552267751148E-14,-0.129000711830669));
#4104=DIRECTION('center_axis',(0.589221225957577,-1.76429022567262E-14,
0.807971748813688));
#4105=DIRECTION('ref_axis',(1.77635683939964E-14,1.,8.88178419699819E-15));
#4106=DIRECTION('center_axis',(-0.924021226125457,1.30180424468107E-14,
-0.382341174436664));
#4107=DIRECTION('ref_axis',(-0.382341174436664,4.44089209850062E-15,0.924021226125457));
#4108=DIRECTION('center_axis',(-1.13079616662481E-14,-1.,-3.23632100644792E-16));
#4109=DIRECTION('ref_axis',(-0.618250737033375,6.73678697427103E-15,0.785980932439005));
#4110=DIRECTION('center_axis',(-0.589221225957573,6.92437663039814E-15,
-0.807971748813692));
#4111=DIRECTION('ref_axis',(-0.571322302593296,0.707106781186561,0.416642324493654));
#4112=DIRECTION('',(-0.589221225957573,6.92437663039814E-15,-0.807971748813692));
#4113=DIRECTION('center_axis',(0.589221225957571,-1.04666715464953E-14,
0.807971748813693));
#4114=DIRECTION('ref_axis',(1.77635683940025E-14,1.,0.));
#4115=DIRECTION('center_axis',(-0.86597321041297,9.95423717099456E-15,-0.500090390676579));
#4116=DIRECTION('ref_axis',(-0.353617306453631,0.707106781186547,0.612335529408901));
#4117=DIRECTION('',(-0.86597321041297,9.95423717099456E-15,-0.500090390676579));
#4118=DIRECTION('center_axis',(0.865973210412967,-1.53827743505446E-14,
0.500090390676585));
#4119=DIRECTION('ref_axis',(1.77635683940025E-14,1.,0.));
#4120=DIRECTION('center_axis',(1.13079616662481E-14,1.,3.23632100644792E-16));
#4121=DIRECTION('ref_axis',(0.,-2.96059473233375E-16,1.));
#4122=DIRECTION('center_axis',(1.13079616662481E-14,1.,3.23632100644792E-16));
#4123=DIRECTION('ref_axis',(0.320760381176319,-3.32061459226E-15,-0.947160376001669));
#4124=DIRECTION('center_axis',(-1.22464679914741E-16,-1.,-6.45073560240607E-16));
#4125=DIRECTION('ref_axis',(0.,6.61964857703906E-16,-1.));
#4126=DIRECTION('center_axis',(-1.22464679914741E-16,-1.,-6.45073560240607E-16));
#4127=DIRECTION('ref_axis',(0.987766287623906,-2.21560240718213E-16,0.155941530817445));
#4128=DIRECTION('center_axis',(0.273051732226447,0.,-0.961999351105881));
#4129=DIRECTION('ref_axis',(0.,1.,0.));
#4130=DIRECTION('center_axis',(-0.924021226125456,1.05725344812721E-14,
-0.382341174436665));
#4131=DIRECTION('ref_axis',(-0.27035603717098,0.707106781186544,0.653381674953628));
#4132=DIRECTION('',(-0.924021226125456,1.05725344812721E-14,-0.382341174436665));
#4133=DIRECTION('center_axis',(0.807971748813692,2.81143032399164E-16,-0.589221225957573));
#4134=DIRECTION('ref_axis',(-0.589221225957573,0.,-0.807971748813692));
#4135=DIRECTION('center_axis',(0.520972015174879,-0.467164381469827,0.714384770337764));
#4136=DIRECTION('ref_axis',(0.275263169573352,0.8841704816866,0.377455622279651));
#4137=DIRECTION('center_axis',(0.807971748813692,2.81143032399164E-16,-0.589221225957573));
#4138=DIRECTION('ref_axis',(-0.14697208339682,-0.96839167998484,-0.201536003825958));
#4139=DIRECTION('center_axis',(0.71237994271225,-0.499819812823149,0.492640814316804));
#4140=DIRECTION('ref_axis',(0.307276144534008,0.853254108248178,0.421353530610485));
#4141=DIRECTION('center_axis',(0.968580280975364,-9.97465018024426E-14,
0.248701104351561));
#4142=DIRECTION('ref_axis',(7.10542735760101E-14,1.,1.24344978758018E-13));
#4143=DIRECTION('center_axis',(-1.22464679914741E-16,-1.,-6.45073560240607E-16));
#4144=DIRECTION('ref_axis',(0.,6.66133814775094E-16,-1.));
#4145=DIRECTION('center_axis',(1.,0.,1.66570046644666E-8));
#4146=DIRECTION('ref_axis',(0.,1.,0.));
#4147=DIRECTION('center_axis',(1.22464679914741E-16,1.,6.45073560240607E-16));
#4148=DIRECTION('ref_axis',(0.0107999354596177,6.43713328263992E-16,-0.999941678996364));
#4149=DIRECTION('center_axis',(-1.,1.22464690659743E-16,-1.66570178828856E-8));
#4150=DIRECTION('ref_axis',(-1.17783060739796E-8,0.707106781186548,0.707106781186547));
#4151=DIRECTION('center_axis',(1.,0.,1.66570046644664E-8));
#4152=DIRECTION('ref_axis',(0.,1.,0.));
#4153=DIRECTION('',(-1.,1.22464690659743E-16,-1.66570178828856E-8));
#4154=DIRECTION('center_axis',(-0.000138003821654743,0.,0.999999990477473));
#4155=DIRECTION('ref_axis',(0.,1.,0.));
#4156=DIRECTION('center_axis',(1.81046897648421E-9,6.45073560018888E-16,
-1.));
#4157=DIRECTION('ref_axis',(-0.707106781186553,0.707106781186543,-1.28019686748223E-9));
#4158=DIRECTION('center_axis',(-1.81047177250097E-9,0.,1.));
#4159=DIRECTION('ref_axis',(0.,1.,0.));
#4160=DIRECTION('',(1.81046897648421E-9,6.45073560018888E-16,-1.));
#4161=DIRECTION('center_axis',(-0.999999990475189,6.12933559184314E-19,
-0.000138020367437267));
#4162=DIRECTION('ref_axis',(0.,1.,4.44089209850063E-15));
#4163=DIRECTION('center_axis',(1.,-1.22464679366141E-16,-8.50445594302591E-10));
#4164=DIRECTION('ref_axis',(-6.01357972415554E-10,0.707106781186546,-0.707106781186549));
#4165=DIRECTION('center_axis',(-1.,0.,8.50448600431263E-10));
#4166=DIRECTION('ref_axis',(0.,1.,0.));
#4167=DIRECTION('',(1.,-1.22464679366141E-16,-8.50445594302591E-10));
#4168=DIRECTION('center_axis',(-0.440779128654664,0.,0.897615596868969));
#4169=DIRECTION('ref_axis',(0.,1.,0.));
#4170=DIRECTION('center_axis',(-0.999999967848359,0.,0.000253580916762531));
#4171=DIRECTION('ref_axis',(0.,1.,0.));
#4172=DIRECTION('center_axis',(1.,-1.22464674421931E-16,-8.51501278204824E-9));
#4173=DIRECTION('ref_axis',(-6.02101568203986E-9,0.707106781186546,-0.707106781186549));
#4174=DIRECTION('center_axis',(-1.,0.,8.51500203680188E-9));
#4175=DIRECTION('ref_axis',(0.,1.,0.));
#4176=DIRECTION('',(-1.,1.22464674421931E-16,8.51501278204824E-9));
#4177=DIRECTION('',(1.,-1.22464674421931E-16,-8.51501278204824E-9));
#4178=DIRECTION('center_axis',(-0.736074595280761,0.,0.676900428558192));
#4179=DIRECTION('ref_axis',(0.,1.,0.));
#4180=DIRECTION('center_axis',(-0.999999990475132,0.,-0.00013802078033365));
#4181=DIRECTION('ref_axis',(0.,1.,0.));
#4182=DIRECTION('center_axis',(1.,-1.22464683571745E-16,5.66912650900099E-9));
#4183=DIRECTION('ref_axis',(4.0086847010734E-9,0.707106781186549,-0.707106781186546));
#4184=DIRECTION('center_axis',(-1.,0.,-5.6691362715355E-9));
#4185=DIRECTION('ref_axis',(0.,1.,0.));
#4186=DIRECTION('',(-1.,1.22464683571745E-16,-5.66912650900099E-9));
#4187=DIRECTION('',(1.,-1.22464683571745E-16,5.66912650900099E-9));
#4188=DIRECTION('center_axis',(-0.735461935980024,3.00899768033748E-15,
-0.677566041596327));
#4189=DIRECTION('ref_axis',(0.,1.,4.44089209850063E-15));
#4190=DIRECTION('center_axis',(-1.,0.,-7.14432957238399E-9));
#4191=DIRECTION('ref_axis',(0.,1.,0.));
#4192=DIRECTION('center_axis',(1.,-1.22464684523371E-16,7.14434803752894E-9));
#4193=DIRECTION('ref_axis',(5.05180388766423E-9,0.707106781186549,-0.707106781186546));
#4194=DIRECTION('center_axis',(-1.,0.,-7.14434733595225E-9));
#4195=DIRECTION('ref_axis',(0.,1.,0.));
#4196=DIRECTION('',(-1.,1.22464684523371E-16,-7.14434803752894E-9));
#4197=DIRECTION('',(1.,-1.22464684523371E-16,7.14434803752894E-9));
#4198=DIRECTION('center_axis',(-0.705975873403677,3.14519913732615E-15,
-0.708235883143402));
#4199=DIRECTION('ref_axis',(0.,1.,4.44089209850063E-15));
#4200=DIRECTION('center_axis',(-1.,0.,-9.59390789034837E-9));
#4201=DIRECTION('ref_axis',(0.,1.,0.));
#4202=DIRECTION('center_axis',(1.,-1.22464686103512E-16,9.5939000515042E-9));
#4203=DIRECTION('ref_axis',(6.78390476660483E-9,0.707106781186549,-0.707106781186546));
#4204=DIRECTION('center_axis',(-1.,0.,-9.59390789034858E-9));
#4205=DIRECTION('ref_axis',(0.,1.,0.));
#4206=DIRECTION('',(-1.,1.22464686103512E-16,-9.5939000515042E-9));
#4207=DIRECTION('',(1.,-1.22464686103512E-16,9.5939000515042E-9));
#4208=DIRECTION('center_axis',(-0.735458515991757,0.,-0.677569753793071));
#4209=DIRECTION('ref_axis',(0.,1.,0.));
#4210=DIRECTION('center_axis',(-1.,0.,-5.44293499160635E-9));
#4211=DIRECTION('ref_axis',(0.,1.,0.));
#4212=DIRECTION('center_axis',(1.,-1.2246468342585E-16,5.44295864410737E-9));
#4213=DIRECTION('ref_axis',(3.84873624212235E-9,0.707106781186546,-0.707106781186549));
#4214=DIRECTION('center_axis',(-1.,0.,-5.44295275517467E-9));
#4215=DIRECTION('ref_axis',(0.,1.,0.));
#4216=DIRECTION('',(-1.,1.2246468342585E-16,-5.44295864410737E-9));
#4217=DIRECTION('',(1.,-1.2246468342585E-16,5.44295864410737E-9));
#4218=DIRECTION('center_axis',(-0.000213732488982817,0.,-0.999999977159211));
#4219=DIRECTION('ref_axis',(0.,1.,0.));
#4220=DIRECTION('center_axis',(-9.99039819807268E-9,-6.45073559017136E-16,
1.));
#4221=DIRECTION('ref_axis',(0.707106781186553,0.707106781186542,7.06427853209062E-9));
#4222=DIRECTION('',(9.99039819807268E-9,6.45073559017136E-16,-1.));
#4223=DIRECTION('',(-9.99039819807268E-9,-6.45073559017136E-16,1.));
#4224=DIRECTION('center_axis',(0.459788832472068,0.389817707696204,-0.797894970720113));
#4225=DIRECTION('ref_axis',(-0.194738974562955,0.920892035753217,0.337690080210339));
#4226=DIRECTION('center_axis',(0.42625209596965,0.521505976318004,-0.739148609784315));
#4227=DIRECTION('ref_axis',(-0.260525793298123,0.853247629158503,0.451768518559868));
#4228=DIRECTION('center_axis',(0.866276781235566,-4.28344061587707E-16,
0.499564348499917));
#4229=DIRECTION('ref_axis',(-0.480887143159369,-0.270880389509367,0.833889303279083));
#4230=DIRECTION('center_axis',(0.499564348499927,-1.56195817427612E-8,-0.866276781235561));
#4231=DIRECTION('ref_axis',(7.80296716129661E-9,1.,-1.3530891962432E-8));
#4232=DIRECTION('center_axis',(-0.499564348499917,5.36869952821018E-15,
0.866276781235566));
#4233=DIRECTION('ref_axis',(0.612550186396134,0.707106781186539,0.353245338463331));
#4234=DIRECTION('',(-0.499564348499917,5.36869952821017E-15,0.866276781235566));
#4235=DIRECTION('center_axis',(0.807971748813682,9.49388965945465E-15,-0.589221225957585));
#4236=DIRECTION('ref_axis',(0.159604951813547,0.962614696607158,0.218858870582172));
#4237=DIRECTION('',(0.807971748813682,9.49388965945465E-15,-0.589221225957585));
#4238=DIRECTION('center_axis',(-0.807971748813685,-4.33223160037066E-16,
0.589221225957582));
#4239=DIRECTION('ref_axis',(0.159604951813547,0.962614696607158,0.218858870582172));
#4240=DIRECTION('',(-0.807971748813682,-2.81143032399173E-16,0.589221225957585));
#4241=DIRECTION('center_axis',(0.807971748813682,9.49388965945465E-15,-0.589221225957585));
#4242=DIRECTION('ref_axis',(0.589221225957585,-6.33101662898131E-15,0.807971748813682));
#4243=DIRECTION('',(0.807971748813691,-8.94582265989548E-15,-0.589221225957573));
#4244=DIRECTION('center_axis',(-0.807971748813685,-4.33223160037066E-16,
0.589221225957582));
#4245=DIRECTION('ref_axis',(0.589221225957585,-6.33101662898131E-15,0.807971748813682));
#4246=DIRECTION('center_axis',(1.13079616662481E-14,1.,3.23632100644792E-16));
#4247=DIRECTION('ref_axis',(-1.,1.13079616662481E-14,-2.10194769648723E-45));
#4248=DIRECTION('',(0.866276781235567,-9.95749969408481E-15,0.499564348499916));
#4249=DIRECTION('',(0.499564186608909,-5.36869766733881E-15,-0.866276874594825));
#4250=DIRECTION('',(0.865973210385855,-9.95423717070314E-15,0.500090390723533));
#4251=DIRECTION('center_axis',(-1.13079616662481E-14,-1.,-3.23632100644792E-16));
#4252=DIRECTION('ref_axis',(0.359262881970394,6.8615929847216E-16,-0.933236401796633));
#4253=DIRECTION('center_axis',(-1.13079616662481E-14,-1.,-3.23632100644792E-16));
#4254=DIRECTION('ref_axis',(0.268634794579168,7.08220900644072E-16,-0.963242102039466));
#4255=DIRECTION('center_axis',(1.13079616662481E-14,1.,3.23632100644792E-16));
#4256=DIRECTION('ref_axis',(-0.114149484592622,-7.30441156584745E-16,0.993463585224561));
#4257=DIRECTION('',(0.991644500991795,-1.12552267751152E-14,0.129000711830335));
#4258=DIRECTION('center_axis',(1.13079616662481E-14,1.,3.23632100644792E-16));
#4259=DIRECTION('ref_axis',(-0.257896991042331,-7.10375407038251E-16,0.966172418366055));
#4260=DIRECTION('',(0.92402122612545,-1.05725344812721E-14,0.382341174436681));
#4261=DIRECTION('center_axis',(1.13079616662481E-14,1.,3.23632100644792E-16));
#4262=DIRECTION('ref_axis',(-0.618250737033375,-5.77890151066316E-16,0.785980932439005));
#4263=DIRECTION('center_axis',(0.866276874594818,9.31786999192134E-15,0.499564186608922));
#4264=DIRECTION('ref_axis',(-0.499564186608922,5.86633100677804E-15,0.866276874594818));
#4265=DIRECTION('',(0.866276874594818,9.31786999192134E-15,0.499564186608922));
#4266=DIRECTION('center_axis',(0.866276874594825,-3.67303087583675E-16,
0.499564186608909));
#4267=DIRECTION('ref_axis',(-0.499564186608922,5.86633100677804E-15,0.866276874594818));
#4268=DIRECTION('center_axis',(0.866276874594818,9.31786999192134E-15,0.499564186608922));
#4269=DIRECTION('ref_axis',(-0.135322141453565,0.962613013925768,0.234657417213201));
#4270=DIRECTION('',(-0.866276874594818,4.28343968589317E-16,-0.499564186608922));
#4271=DIRECTION('center_axis',(1.,-1.68023331920804E-23,2.28526364138481E-8));
#4272=DIRECTION('ref_axis',(-2.28526364520957E-8,1.84907008247911E-14,1.));
#4273=DIRECTION('center_axis',(0.866276874594825,-3.67303087583675E-16,
0.499564186608909));
#4274=DIRECTION('ref_axis',(-0.135322141453565,0.962613013925768,0.234657417213201));
#4275=DIRECTION('',(-1.22464679914741E-16,-1.,-6.45073560240607E-16));
#4276=DIRECTION('center_axis',(-8.51501278204824E-9,6.45073561283395E-16,
-1.));
#4277=DIRECTION('ref_axis',(1.,-1.22464674421931E-16,-8.51501278204824E-9));
#4278=DIRECTION('',(-1.22464679914741E-16,-1.,-6.45073560240607E-16));
#4279=DIRECTION('center_axis',(5.66912650900099E-9,6.45073559546339E-16,
-1.));
#4280=DIRECTION('ref_axis',(1.,-1.22464683571745E-16,5.66912650900099E-9));
#4281=DIRECTION('',(-1.22464679914741E-16,-1.,-6.45073560240607E-16));
#4282=DIRECTION('center_axis',(7.14434803752894E-9,6.45073559365676E-16,
-1.));
#4283=DIRECTION('ref_axis',(1.,-1.22464684523371E-16,7.14434803752894E-9));
#4284=DIRECTION('',(-1.22464679914741E-16,-1.,-6.45073560240607E-16));
#4285=DIRECTION('center_axis',(9.5939000515042E-9,6.45073559065693E-16,
-1.));
#4286=DIRECTION('ref_axis',(1.,-1.22464686103512E-16,9.5939000515042E-9));
#4287=DIRECTION('',(-1.22464679914741E-16,-1.,-6.45073560240607E-16));
#4288=DIRECTION('center_axis',(5.44295864410737E-9,6.45073559574036E-16,
-1.));
#4289=DIRECTION('ref_axis',(1.,-1.2246468342585E-16,5.44295864410737E-9));
#4290=DIRECTION('center_axis',(5.44295864410737E-9,6.45073559574036E-16,
-1.));
#4291=DIRECTION('ref_axis',(-0.707106781186556,-0.707106781186539,-3.84875342310219E-9));
#4292=DIRECTION('',(1.,-1.11854969893001E-14,5.44295864410737E-9));
#4293=DIRECTION('center_axis',(5.44295864410737E-9,6.45073559574036E-16,
-1.));
#4294=DIRECTION('ref_axis',(0.707106781186557,0.707106781186538,3.84875342310219E-9));
#4295=DIRECTION('',(-1.,1.11854969893001E-14,-5.44295864410737E-9));
#4296=DIRECTION('center_axis',(5.44295864410737E-9,6.45073559574036E-16,
-1.));
#4297=DIRECTION('ref_axis',(-0.707106781186539,0.707106781186556,-3.84875251083032E-9));
#4298=DIRECTION('',(-1.22464679914741E-16,-1.,-6.45073560240607E-16));
#4299=DIRECTION('',(-1.22464679914741E-16,-1.,-6.45073560240607E-16));
#4300=DIRECTION('center_axis',(1.,-1.22464686359283E-16,9.99039819807268E-9));
#4301=DIRECTION('ref_axis',(-9.99039819807268E-9,-6.45073559017136E-16,
1.));
#4302=DIRECTION('center_axis',(1.,-1.22464686359283E-16,9.99039819807268E-9));
#4303=DIRECTION('ref_axis',(-7.06427839920667E-9,-0.707106781186548,0.707106781186547));
#4304=DIRECTION('',(9.99039819807268E-9,-3.21441858013505E-16,-1.));
#4305=DIRECTION('center_axis',(1.,-1.22464686359283E-16,9.99039819807268E-9));
#4306=DIRECTION('ref_axis',(7.06427839920667E-9,0.707106781186547,-0.707106781186548));
#4307=DIRECTION('',(-9.99039819807268E-9,1.20962027771363E-15,1.));
#4308=DIRECTION('center_axis',(-1.22464679914741E-16,-1.,-6.45073560240607E-16));
#4309=DIRECTION('ref_axis',(1.,-1.22464679914738E-16,-4.57784763626196E-15));
#4310=DIRECTION('',(-0.589221225957582,5.93360001416939E-16,-0.807971748813685));
#4311=DIRECTION('center_axis',(-1.22464679914741E-16,-1.,-6.45073560240607E-16));
#4312=DIRECTION('ref_axis',(0.453199059924986,6.55406075519788E-16,-0.891409340361155));
#4313=DIRECTION('',(-1.,1.22464681344972E-16,-2.21715934759069E-9));
#4314=DIRECTION('',(3.19843587766545E-10,6.45073560201437E-16,-1.));
#4315=DIRECTION('',(1.,-1.22464679914741E-16,1.02442518639038E-16));
#4316=DIRECTION('center_axis',(-1.22464679914741E-16,-1.,-6.45073560240607E-16));
#4317=DIRECTION('ref_axis',(0.707106779544887,-5.19898166334098E-16,0.707106782828208));
#4318=DIRECTION('',(4.64332879800723E-9,6.45073559671963E-16,-1.));
#4319=DIRECTION('',(1.,-1.22464679279255E-16,-9.8513671866984E-10));
#4320=DIRECTION('center_axis',(-1.22464679914741E-16,-1.,-6.45073560240607E-16));
#4321=DIRECTION('ref_axis',(0.707179426120262,-5.19844747666997E-16,0.707034128788857));
#4322=DIRECTION('',(-0.000205480470424677,6.45098710722426E-16,-0.999999978888888));
#4323=DIRECTION('',(1.,-1.22464680566234E-16,1.00995202363324E-9));
#4324=DIRECTION('',(-1.37360566319114E-8,-6.45073558558425E-16,1.));
#4325=DIRECTION('center_axis',(-1.22464679914741E-16,-1.,-6.45073560240607E-16));
#4326=DIRECTION('ref_axis',(-0.707106786390311,-5.19898161301024E-16,0.707106775982784));
#4327=DIRECTION('',(1.,-1.22464680548459E-16,9.82396074082276E-10));
#4328=DIRECTION('',(1.1848420479282E-8,-6.4507356169162E-16,1.));
#4329=DIRECTION('center_axis',(-1.22464679914741E-16,-1.,-6.45073560240607E-16));
#4330=DIRECTION('ref_axis',(-0.707106777386459,-5.19898167921079E-16,0.707106784986636));
#4331=DIRECTION('',(1.,-1.22464680624414E-16,1.10014216236884E-9));
#4332=DIRECTION('',(-1.03863748618047E-8,-6.45073558968642E-16,1.));
#4333=DIRECTION('center_axis',(-1.22464679914741E-16,-1.,-6.45073560240607E-16));
#4334=DIRECTION('ref_axis',(-0.707106785123294,-5.19898162232591E-16,0.707106777249801));
#4335=DIRECTION('',(1.,-1.22464680397538E-16,7.48437750538158E-10));
#4336=DIRECTION('',(-2.28526364138481E-8,-6.45073557441965E-16,1.));
#4337=DIRECTION('center_axis',(-0.807971748813685,-4.33223160037066E-16,
0.589221225957582));
#4338=DIRECTION('ref_axis',(-0.589221225957582,5.02336158271312E-16,-0.807971748813685));
#4339=DIRECTION('',(-7.96721656452709E-32,1.,7.352470361756E-16));
#4340=DIRECTION('',(0.589221225957582,-5.02336158271312E-16,0.807971748813685));
#4341=DIRECTION('',(-3.98360828226355E-32,-1.,-7.352470361756E-16));
#4342=DIRECTION('center_axis',(0.866276874594825,-3.67303087583675E-16,
0.499564186608909));
#4343=DIRECTION('ref_axis',(-0.499564186608909,-5.38585907022342E-16,0.866276874594825));
#4344=DIRECTION('',(0.,-1.,-7.352470361756E-16));
#4345=DIRECTION('',(0.499564186608909,5.38585907022342E-16,-0.866276874594825));
#4346=DIRECTION('',(0.,-1.,-7.352470361756E-16));
#4347=DIRECTION('center_axis',(0.,-1.,-7.352470361756E-16));
#4348=DIRECTION('ref_axis',(0.866486292463763,-3.67035957445882E-16,0.499200866357824));
#4349=DIRECTION('',(0.,-1.,-7.352470361756E-16));
#4350=DIRECTION('center_axis',(-2.46440378380185E-30,1.,6.21724904378E-16));
#4351=DIRECTION('ref_axis',(0.967509223258131,-1.84844156350589E-16,0.252835723169111));
#4352=DIRECTION('center_axis',(1.,-1.68023331920804E-23,2.28526364138481E-8));
#4353=DIRECTION('ref_axis',(-2.28526364138481E-8,-6.21724904378E-16,1.));
#4354=DIRECTION('',(0.,-1.,-7.352470361756E-16));
#4355=DIRECTION('',(2.28526364138481E-8,6.21724904378E-16,-1.));
#4356=DIRECTION('center_axis',(-1.,1.68023331920804E-23,-2.28526364138481E-8));
#4357=DIRECTION('ref_axis',(1.61592471362672E-8,0.707106781186547,-0.707106781186548));
#4358=DIRECTION('',(-2.28526364138481E-8,3.21441715213975E-16,1.));
#4359=DIRECTION('center_axis',(-1.,1.68023331920804E-23,-2.28526364138481E-8));
#4360=DIRECTION('ref_axis',(-1.6159253416637E-8,-0.707106781186547,0.707106781186548));
#4361=DIRECTION('',(2.28526364138481E-8,6.21724904378E-16,-1.));
#4362=DIRECTION('center_axis',(-0.92402122612545,2.37711030116415E-16,-0.382341174436681));
#4363=DIRECTION('ref_axis',(-0.270356037171029,-0.707106781186539,0.653381674953614));
#4364=DIRECTION('center_axis',(0.924021226125448,0.,0.382341174436686));
#4365=DIRECTION('ref_axis',(-0.382341174436686,0.,0.924021226125448));
#4366=DIRECTION('',(-0.92402122612545,2.37711030116415E-16,-0.382341174436681));
#4367=DIRECTION('center_axis',(-0.924021226125449,0.,-0.382341174436682));
#4368=DIRECTION('ref_axis',(0.,-1.,0.));
#4369=DIRECTION('',(0.92402122612545,-2.37711030116415E-16,0.382341174436681));
#4370=DIRECTION('center_axis',(-0.991644500991795,8.02029552274067E-17,
-0.129000711830335));
#4371=DIRECTION('ref_axis',(-0.0912172781131177,-0.707106781186549,0.701198551177648));
#4372=DIRECTION('center_axis',(0.991644500991796,0.,0.129000711830331));
#4373=DIRECTION('ref_axis',(-0.129000711830331,0.,0.991644500991796));
#4374=DIRECTION('',(-0.991644500991795,8.02029552274067E-17,-0.129000711830335));
#4375=DIRECTION('center_axis',(-0.991644500991796,0.,-0.129000711830331));
#4376=DIRECTION('ref_axis',(0.,-1.,0.));
#4377=DIRECTION('',(0.991644500991795,-8.02029552274067E-17,0.129000711830335));
#4378=DIRECTION('center_axis',(2.46440378380185E-30,-1.,-6.21724904378E-16));
#4379=DIRECTION('ref_axis',(0.,0.,-1.));
#4380=DIRECTION('center_axis',(2.46440378380185E-30,-1.,-6.21724904378E-16));
#4381=DIRECTION('ref_axis',(0.967509223258131,-1.57194265810656E-16,0.252835723169111));
#4382=DIRECTION('center_axis',(-0.499200866357824,0.,0.866486292463763));
#4383=DIRECTION('ref_axis',(0.,-1.,0.));
#4384=DIRECTION('center_axis',(-0.589221225957582,5.02336158271312E-16,
-0.807971748813685));
#4385=DIRECTION('ref_axis',(-0.571322302593311,-0.707106781186546,0.416642324493659));
#4386=DIRECTION('center_axis',(0.589221225957583,0.,0.807971748813684));
#4387=DIRECTION('ref_axis',(-0.807971748813684,0.,0.589221225957583));
#4388=DIRECTION('',(-0.589221225957582,5.02336158271312E-16,-0.807971748813685));
#4389=DIRECTION('center_axis',(-0.589221225957586,0.,-0.807971748813682));
#4390=DIRECTION('ref_axis',(0.,-1.,0.));
#4391=DIRECTION('center_axis',(-2.46440378380185E-30,1.,6.21724904378E-16));
#4392=DIRECTION('ref_axis',(0.,-5.9211894646675E-16,1.));
#4393=DIRECTION('center_axis',(-1.,0.,-2.21714202552903E-9));
#4394=DIRECTION('ref_axis',(0.,-1.,0.));
#4395=DIRECTION('center_axis',(2.46440378380185E-30,-1.,-6.21724904378E-16));
#4396=DIRECTION('ref_axis',(0.453199059924999,5.55111512312579E-16,-0.891409340361148));
#4397=DIRECTION('center_axis',(-2.46440378380185E-30,1.,6.21724904378E-16));
#4398=DIRECTION('ref_axis',(0.453199059924999,5.54211386897692E-16,-0.891409340361148));
#4399=DIRECTION('center_axis',(-1.,1.37846071896782E-24,-2.21715934759069E-9));
#4400=DIRECTION('ref_axis',(-1.56773103962591E-9,-0.707106781186546,0.707106781186549));
#4401=DIRECTION('center_axis',(-1.,0.,-2.21714202552904E-9));
#4402=DIRECTION('ref_axis',(0.,-1.,0.));
#4403=DIRECTION('',(1.,-1.37846071896782E-24,2.21715934759069E-9));
#4404=DIRECTION('',(-1.,1.37846071896782E-24,-2.21715934759069E-9));
#4405=DIRECTION('center_axis',(0.000186048328467693,0.,-0.99999998269301));
#4406=DIRECTION('ref_axis',(0.,-1.,0.));
#4407=DIRECTION('center_axis',(3.19843587766545E-10,6.21724904378E-16,-1.));
#4408=DIRECTION('ref_axis',(-0.707106781186554,-0.707106781186541,-2.26162398118645E-10));
#4409=DIRECTION('center_axis',(3.19846371610306E-10,0.,-1.));
#4410=DIRECTION('ref_axis',(0.,-1.,0.));
#4411=DIRECTION('',(-3.19843587766545E-10,-6.21724904378E-16,1.));
#4412=DIRECTION('',(3.19843587766545E-10,6.21724904378E-16,-1.));
#4413=DIRECTION('center_axis',(0.999999982679557,0.,0.000186120623837382));
#4414=DIRECTION('ref_axis',(0.,-1.,0.));
#4415=DIRECTION('center_axis',(1.,2.40071271869675E-30,1.02442518639038E-16));
#4416=DIRECTION('ref_axis',(0.,-0.707106781186549,-0.707106781186546));
#4417=DIRECTION('center_axis',(1.,0.,0.));
#4418=DIRECTION('ref_axis',(0.,-1.,0.));
#4419=DIRECTION('',(-1.,-2.40071271869675E-30,-1.02442518639038E-16));
#4420=DIRECTION('',(1.,2.40071271869675E-30,1.02442518639038E-16));
#4421=DIRECTION('center_axis',(-2.46440378380185E-30,1.,6.21724904378E-16));
#4422=DIRECTION('ref_axis',(0.,-5.9211894646675E-16,1.));
#4423=DIRECTION('center_axis',(4.64333016481071E-9,0.,-1.));
#4424=DIRECTION('ref_axis',(0.,-1.,0.));
#4425=DIRECTION('center_axis',(2.46440378380185E-30,-1.,-6.21724904378E-16));
#4426=DIRECTION('ref_axis',(0.707106779544878,-4.16333634234437E-16,0.707106782828217));
#4427=DIRECTION('center_axis',(-2.46440378380185E-30,1.,6.21724904378E-16));
#4428=DIRECTION('ref_axis',(0.707106779544878,-4.39625896938907E-16,0.707106782828217));
#4429=DIRECTION('center_axis',(4.64332879800723E-9,6.21724904378E-16,-1.));
#4430=DIRECTION('ref_axis',(-0.707106781186552,-0.707106781186543,-3.28333024682573E-9));
#4431=DIRECTION('center_axis',(4.64333016481071E-9,0.,-1.));
#4432=DIRECTION('ref_axis',(0.,-1.,0.));
#4433=DIRECTION('',(-4.64332879800723E-9,-6.21724904378E-16,1.));
#4434=DIRECTION('',(4.64332879800723E-9,6.21724904378E-16,-1.));
#4435=DIRECTION('center_axis',(0.999999967848359,-2.25225097947807E-18,
-0.000253580916798057));
#4436=DIRECTION('ref_axis',(0.,-1.,8.88178419700124E-15));
#4437=DIRECTION('center_axis',(1.,6.12486496618047E-25,-9.8513671866984E-10));
#4438=DIRECTION('ref_axis',(-6.9656837911014E-10,-0.707106781186549,-0.707106781186546));
#4439=DIRECTION('center_axis',(1.,0.,-9.8513197599459E-10));
#4440=DIRECTION('ref_axis',(0.,-1.,0.));
#4441=DIRECTION('',(-1.,-6.12486496618047E-25,9.8513671866984E-10));
#4442=DIRECTION('',(1.,6.12486496618047E-25,-9.8513671866984E-10));
#4443=DIRECTION('center_axis',(-2.46440378380185E-30,1.,6.21724904378E-16));
#4444=DIRECTION('ref_axis',(0.,-5.9211894646675E-16,1.));
#4445=DIRECTION('center_axis',(-0.000205480470425461,0.,-0.999999978888888));
#4446=DIRECTION('ref_axis',(0.,-1.,0.));
#4447=DIRECTION('center_axis',(2.46440378380185E-30,-1.,-6.21724904378E-16));
#4448=DIRECTION('ref_axis',(0.707179426120267,-4.16333634234428E-16,0.707034128788852));
#4449=DIRECTION('center_axis',(-2.46440378380185E-30,1.,6.21724904378E-16));
#4450=DIRECTION('ref_axis',(0.707179426120267,-4.3958072611323E-16,0.707034128788852));
#4451=DIRECTION('center_axis',(-0.000205480470424677,6.21724891252696E-16,
-0.999999978888888));
#4452=DIRECTION('ref_axis',(-0.707106766258729,-0.707106781186556,0.000145296634037674));
#4453=DIRECTION('center_axis',(-0.000205480470429895,0.,-0.999999978888888));
#4454=DIRECTION('ref_axis',(0.,-1.,0.));
#4455=DIRECTION('',(0.000205480470424677,-6.21724891252696E-16,0.999999978888888));
#4456=DIRECTION('',(-0.000205480470424677,6.21724891252696E-16,-0.999999978888888));
#4457=DIRECTION('center_axis',(0.999999982679559,8.26541560435785E-19,0.000186120613179242));
#4458=DIRECTION('ref_axis',(0.,-1.,4.44089209850062E-15));
#4459=DIRECTION('center_axis',(1.,-6.27909860915959E-25,1.00995202363324E-9));
#4460=DIRECTION('ref_axis',(7.14153414647399E-10,-0.707106781186549,-0.707106781186546));
#4461=DIRECTION('center_axis',(1.,0.,1.00996544460941E-9));
#4462=DIRECTION('ref_axis',(0.,-1.,0.));
#4463=DIRECTION('',(-1.,6.27909860915959E-25,-1.00995202363324E-9));
#4464=DIRECTION('',(1.,-6.27909860915959E-25,1.00995202363324E-9));
#4465=DIRECTION('center_axis',(-0.000186120613152596,0.,0.999999982679559));
#4466=DIRECTION('ref_axis',(0.,-1.,0.));
#4467=DIRECTION('center_axis',(-1.37360566319114E-8,-6.21724904378E-16,
1.));
#4468=DIRECTION('ref_axis',(0.707106781186551,-0.707106781186544,9.71285886513571E-9));
#4469=DIRECTION('center_axis',(-1.37360522955985E-8,0.,1.));
#4470=DIRECTION('ref_axis',(0.,-1.,0.));
#4471=DIRECTION('',(1.37360566319114E-8,6.21724904378E-16,-1.));
#4472=DIRECTION('',(-1.37360566319114E-8,-6.21724904378E-16,1.));
#4473=DIRECTION('center_axis',(-2.46440378380185E-30,1.,6.21724904378E-16));
#4474=DIRECTION('ref_axis',(0.,-5.9211894646675E-16,1.));
#4475=DIRECTION('center_axis',(1.,0.,9.82396386461918E-10));
#4476=DIRECTION('ref_axis',(0.,-1.,0.));
#4477=DIRECTION('center_axis',(2.46440378380185E-30,-1.,-6.21724904378E-16));
#4478=DIRECTION('ref_axis',(-0.707106786390309,-4.16333634234432E-16,0.707106775982786));
#4479=DIRECTION('center_axis',(-2.46440378380185E-30,1.,6.21724904378E-16));
#4480=DIRECTION('ref_axis',(-0.707106786390309,-4.39625892682935E-16,0.707106775982786));
#4481=DIRECTION('center_axis',(1.,-6.10777640816342E-25,9.82396074082276E-10));
#4482=DIRECTION('ref_axis',(6.94659146680381E-10,-0.707106781186549,-0.707106781186546));
#4483=DIRECTION('center_axis',(1.,0.,9.82396386461918E-10));
#4484=DIRECTION('ref_axis',(0.,-1.,0.));
#4485=DIRECTION('',(-1.,6.10777640816342E-25,-9.82396074082276E-10));
#4486=DIRECTION('',(1.,-6.10777640816342E-25,9.82396074082276E-10));
#4487=DIRECTION('center_axis',(0.000249958332489974,4.440891959769E-15,
0.999999968760416));
#4488=DIRECTION('ref_axis',(0.,-1.,4.44089209850062E-15));
#4489=DIRECTION('center_axis',(1.1848420479282E-8,-6.21724904378E-16,1.));
#4490=DIRECTION('ref_axis',(0.70710678118654,-0.707106781186555,-8.37809892957571E-9));
#4491=DIRECTION('center_axis',(1.18484155819945E-8,0.,1.));
#4492=DIRECTION('ref_axis',(0.,-1.,0.));
#4493=DIRECTION('',(-1.1848420479282E-8,6.21724904378E-16,-1.));
#4494=DIRECTION('',(1.1848420479282E-8,-6.21724904378E-16,1.));
#4495=DIRECTION('center_axis',(-2.46440378380185E-30,1.,6.21724904378E-16));
#4496=DIRECTION('ref_axis',(0.,-5.9211894646675E-16,1.));
#4497=DIRECTION('center_axis',(1.,0.,1.10013331777736E-9));
#4498=DIRECTION('ref_axis',(0.,-1.,0.));
#4499=DIRECTION('center_axis',(2.46440378380185E-30,-1.,-6.21724904378E-16));
#4500=DIRECTION('ref_axis',(-0.707106777386456,-4.16333634234433E-16,0.707106784986639));
#4501=DIRECTION('center_axis',(-2.46440378380185E-30,1.,6.21724904378E-16));
#4502=DIRECTION('ref_axis',(-0.707106777386456,-4.39625898280855E-16,0.707106784986639));
#4503=DIRECTION('center_axis',(1.,-6.83983316297189E-25,1.10014216236884E-9));
#4504=DIRECTION('ref_axis',(7.77911729209629E-10,-0.707106781186549,-0.707106781186546));
#4505=DIRECTION('center_axis',(1.,0.,1.10013331777736E-9));
#4506=DIRECTION('ref_axis',(0.,-1.,0.));
#4507=DIRECTION('',(-1.,6.83983316297189E-25,-1.10014216236884E-9));
#4508=DIRECTION('',(1.,-6.83983316297189E-25,1.10014216236884E-9));
#4509=DIRECTION('center_axis',(-0.000156873991139505,0.,0.999999987695275));
#4510=DIRECTION('ref_axis',(0.,-1.,0.));
#4511=DIRECTION('center_axis',(-1.03863748618047E-8,-6.21724904378E-16,
1.));
#4512=DIRECTION('ref_axis',(0.707106781186541,-0.707106781186554,7.34427626043276E-9));
#4513=DIRECTION('center_axis',(-1.03863717626498E-8,0.,1.));
#4514=DIRECTION('ref_axis',(0.,-1.,0.));
#4515=DIRECTION('',(1.03863748618047E-8,6.21724904378E-16,-1.));
#4516=DIRECTION('',(-1.03863748618047E-8,-6.21724904378E-16,1.));
#4517=DIRECTION('center_axis',(-2.46440378380185E-30,1.,6.21724904378E-16));
#4518=DIRECTION('ref_axis',(0.,-5.9211894646675E-16,1.));
#4519=DIRECTION('center_axis',(1.,0.,7.48432427144507E-10));
#4520=DIRECTION('ref_axis',(0.,-1.,0.));
#4521=DIRECTION('center_axis',(2.46440378380185E-30,-1.,-6.21724904378E-16));
#4522=DIRECTION('ref_axis',(-0.707106785123294,-4.16333634234436E-16,0.707106777249801));
#4523=DIRECTION('center_axis',(-2.46440378380185E-30,1.,6.21724904378E-16));
#4524=DIRECTION('ref_axis',(-0.707106785123294,-4.3962589347067E-16,0.707106777249801));
#4525=DIRECTION('center_axis',(1.,-4.65319924482438E-25,7.48437750538158E-10));
#4526=DIRECTION('ref_axis',(5.29209083754117E-10,-0.707106781186546,-0.707106781186549));
#4527=DIRECTION('',(-1.,4.65319924482438E-25,-7.48437750538158E-10));
#4528=DIRECTION('',(-1.,4.65319924482438E-25,-7.48437750538158E-10));
#4529=DIRECTION('',(1.,-4.65319924482438E-25,7.48437750538158E-10));
#4530=DIRECTION('center_axis',(1.,0.,7.48432427144503E-10));
#4531=DIRECTION('ref_axis',(0.,-1.,0.));
#4532=DIRECTION('',(-1.,4.65319924482438E-25,-7.48437750538158E-10));
#4533=DIRECTION('center_axis',(0.000213732488969498,0.,0.999999977159211));
#4534=DIRECTION('ref_axis',(0.,-1.,0.));
#4535=DIRECTION('center_axis',(-2.28526364138481E-8,-6.21724904378E-16,
1.));
#4536=DIRECTION('ref_axis',(0.70710678118654,-0.707106781186555,1.61592542016834E-8));
#4537=DIRECTION('',(2.28526364138481E-8,6.21724904378E-16,-1.));
#4538=DIRECTION('',(-2.28526364138481E-8,-6.21724904378E-16,1.));
#4539=DIRECTION('center_axis',(-0.499564186608909,-5.38585907022342E-16,
0.866276874594825));
#4540=DIRECTION('ref_axis',(0.612550252411092,-0.707106781186546,0.353245223989099));
#4541=DIRECTION('',(-0.499564186608909,-5.38585907022342E-16,0.866276874594825));
#4542=DIRECTION('center_axis',(-0.865973210385855,3.10918650352943E-16,
-0.500090390723533));
#4543=DIRECTION('ref_axis',(-0.353617306486842,-0.707106781186548,0.612335529389721));
#4544=DIRECTION('',(-0.865973210385855,3.10918650352943E-16,-0.500090390723533));
#4545=DIRECTION('center_axis',(-0.865973210385853,0.,-0.500090390723536));
#4546=DIRECTION('ref_axis',(0.,-1.,0.));
#4547=DIRECTION('',(0.865973210385855,-3.10918650352943E-16,0.500090390723533));
#4548=DIRECTION('center_axis',(-2.46440378380185E-30,1.,6.21724904378E-16));
#4549=DIRECTION('ref_axis',(0.,-5.9211894646675E-16,1.));
#4550=DIRECTION('center_axis',(-0.977769011611096,0.,-0.209684906307201));
#4551=DIRECTION('ref_axis',(0.,-1.,0.));
#4552=DIRECTION('center_axis',(2.46440378380185E-30,-1.,-6.21724904378E-16));
#4553=DIRECTION('ref_axis',(0.359262881970396,5.55111512312581E-16,-0.933236401796632));
#4554=DIRECTION('center_axis',(-2.46440378380185E-30,1.,6.21724904378E-16));
#4555=DIRECTION('ref_axis',(0.359262881970396,5.80216312669081E-16,-0.933236401796632));
#4556=DIRECTION('center_axis',(-2.46440378380185E-30,1.,6.21724904378E-16));
#4557=DIRECTION('ref_axis',(0.,-3.65141877669793E-16,1.));
#4558=DIRECTION('center_axis',(-0.995060264733632,0.,-0.0992727029360723));
#4559=DIRECTION('ref_axis',(0.,-1.,0.));
#4560=DIRECTION('center_axis',(2.46440378380185E-30,-1.,-6.21724904378E-16));
#4561=DIRECTION('ref_axis',(0.154720547878969,6.29742801706654E-16,-0.987958274454965));
#4562=DIRECTION('center_axis',(-2.46440378380185E-30,1.,6.21724904378E-16));
#4563=DIRECTION('ref_axis',(0.154720547878969,6.14238263714967E-16,-0.987958274454965));
#4564=DIRECTION('center_axis',(0.,0.,1.));
#4565=DIRECTION('ref_axis',(1.,0.,0.));
#4566=DIRECTION('center_axis',(0.,1.,7.352470361756E-16));
#4567=DIRECTION('ref_axis',(-0.114149484592616,0.,0.993463585224562));
#4568=DIRECTION('center_axis',(0.,0.,1.));
#4569=DIRECTION('ref_axis',(1.,0.,0.));
#4570=DIRECTION('center_axis',(0.,1.,7.352470361756E-16));
#4571=DIRECTION('ref_axis',(-0.257896991042337,0.,0.966172418366054));
#4572=DIRECTION('center_axis',(0.,0.,1.));
#4573=DIRECTION('ref_axis',(1.,0.,0.));
#4574=DIRECTION('center_axis',(0.,1.,7.352470361756E-16));
#4575=DIRECTION('ref_axis',(-0.618250737033377,0.,0.785980932439004));
#4576=DIRECTION('center_axis',(0.,-1.,-7.352470361756E-16));
#4577=DIRECTION('ref_axis',(-0.707106785123294,-5.19898162232591E-16,0.707106777249801));
#4578=DIRECTION('',(0.,1.,7.352470361756E-16));
#4579=DIRECTION('',(0.,-1.,-7.352470361756E-16));
#4580=DIRECTION('center_axis',(7.48437750538158E-10,7.352470361756E-16,
-1.));
#4581=DIRECTION('ref_axis',(1.,-4.65319924482438E-25,7.48437750538158E-10));
#4582=DIRECTION('center_axis',(-7.48437750538158E-10,-7.352470361756E-16,
1.));
#4583=DIRECTION('ref_axis',(-0.707106781186539,0.707106781186556,-5.29223214586247E-10));
#4584=DIRECTION('',(1.,-1.11854969860927E-14,7.48437750538158E-10));
#4585=DIRECTION('center_axis',(-7.48437750538158E-10,-7.352470361756E-16,
1.));
#4586=DIRECTION('ref_axis',(0.707106781186539,-0.707106781186556,5.29221644493788E-10));
#4587=DIRECTION('',(0.,-1.,-7.352470361756E-16));
#4588=DIRECTION('',(0.,-1.,-7.352470361756E-16));
#4589=DIRECTION('center_axis',(-0.500090390723533,-6.36704236343669E-16,
0.865973210385855));
#4590=DIRECTION('ref_axis',(-0.865973210385855,3.10918650352943E-16,-0.500090390723533));
#4591=DIRECTION('',(-5.42951527047315E-31,-1.,-7.35247036175601E-16));
#4592=DIRECTION('center_axis',(-6.41576966626939E-31,-1.,-7.352470361756E-16));
#4593=DIRECTION('ref_axis',(0.359262881970394,6.8615929847216E-16,-0.933236401796633));
#4594=DIRECTION('',(0.,1.,7.352470361756E-16));
#4595=DIRECTION('center_axis',(0.,-1.,-7.352470361756E-16));
#4596=DIRECTION('ref_axis',(0.268634794579168,7.08220900644072E-16,-0.963242102039466));
#4597=DIRECTION('',(0.,-1.,-7.352470361756E-16));
#4598=DIRECTION('center_axis',(0.,-1.,-7.352470361756E-16));
#4599=DIRECTION('ref_axis',(-0.114149484592622,-7.30441156584745E-16,0.993463585224561));
#4600=DIRECTION('',(0.,1.,7.352470361756E-16));
#4601=DIRECTION('center_axis',(-0.129000711830335,-7.2910368029405E-16,
0.991644500991795));
#4602=DIRECTION('ref_axis',(-0.991644500991795,8.02029552274067E-17,-0.129000711830335));
#4603=DIRECTION('',(0.,-1.,-7.352470361756E-16));
#4604=DIRECTION('center_axis',(0.,-1.,-7.352470361756E-16));
#4605=DIRECTION('ref_axis',(-0.257896991042331,-7.10375407038251E-16,0.966172418366055));
#4606=DIRECTION('',(0.,1.,7.352470361756E-16));
#4607=DIRECTION('center_axis',(-0.382341174436681,-6.79383867872081E-16,
0.92402122612545));
#4608=DIRECTION('ref_axis',(-0.92402122612545,2.37711030116415E-16,-0.382341174436681));
#4609=DIRECTION('',(3.77017506211731E-32,-1.,-7.352470361756E-16));
#4610=DIRECTION('center_axis',(0.,-1.,-7.352470361756E-16));
#4611=DIRECTION('ref_axis',(-0.618250737033375,-5.77890151066316E-16,0.785980932439005));
#4612=DIRECTION('center_axis',(-2.46440378380185E-30,1.,6.21724904378E-16));
#4613=DIRECTION('ref_axis',(-1.,-3.89517416801676E-30,2.3012917355246E-15));
#4614=DIRECTION('center_axis',(0.,-1.,-7.352470361756E-16));
#4615=DIRECTION('ref_axis',(0.453199059924986,6.55406075519788E-16,-0.891409340361155));
#4616=DIRECTION('',(2.18628791244952E-40,1.,7.352470361756E-16));
#4617=DIRECTION('center_axis',(1.,-7.63655133375066E-24,1.03863748618047E-8));
#4618=DIRECTION('ref_axis',(-1.03863748618047E-8,-6.21724904378E-16,1.));
#4619=DIRECTION('',(0.,-1.,-7.352470361756E-16));
#4620=DIRECTION('center_axis',(0.,-1.,-7.352470361756E-16));
#4621=DIRECTION('ref_axis',(-0.707106777386459,-5.19898167921079E-16,0.707106784986636));
#4622=DIRECTION('',(0.,1.,7.352470361756E-16));
#4623=DIRECTION('',(0.,-1.,-7.352470361756E-16));
#4624=DIRECTION('center_axis',(1.,8.7115160407544E-24,-1.1848420479282E-8));
#4625=DIRECTION('ref_axis',(1.1848420479282E-8,-6.21724904378001E-16,1.));
#4626=DIRECTION('',(0.,-1.,-7.352470361756E-16));
#4627=DIRECTION('center_axis',(0.,-1.,-7.352470361756E-16));
#4628=DIRECTION('ref_axis',(-0.707106786390311,-5.19898161301024E-16,0.707106775982784));
#4629=DIRECTION('',(0.,1.,7.352470361756E-16));
#4630=DIRECTION('',(0.,-1.,-7.352470361756E-16));
#4631=DIRECTION('center_axis',(1.,-1.0099394927353E-23,1.37360566319114E-8));
#4632=DIRECTION('ref_axis',(-1.37360566319114E-8,-6.21724904378E-16,1.));
#4633=DIRECTION('',(0.,-1.,-7.352470361756E-16));
#4634=DIRECTION('center_axis',(0.,-1.,-7.352470361756E-16));
#4635=DIRECTION('ref_axis',(0.707106779544887,-5.19898166334098E-16,0.707106782828208));
#4636=DIRECTION('',(0.,1.,7.352470361756E-16));
#4637=DIRECTION('',(0.,-1.,-7.352470361756E-16));
#4638=DIRECTION('center_axis',(1.02442518639038E-16,7.352470361756E-16,
-1.));
#4639=DIRECTION('ref_axis',(1.,2.29396547413464E-30,1.02442518639038E-16));
#4640=DIRECTION('',(0.,-1.,-7.352470361756E-16));
#4641=DIRECTION('center_axis',(0.,-1.,-7.352470361756E-16));
#4642=DIRECTION('ref_axis',(0.707179426120262,-5.19844747666997E-16,0.707034128788857));
#4643=DIRECTION('',(0.,1.,7.352470361756E-16));
#4644=DIRECTION('',(0.,-1.,-7.352470361756E-16));
#4645=DIRECTION('center_axis',(-9.8513671866984E-10,7.352470361756E-16,
-1.));
#4646=DIRECTION('ref_axis',(1.,6.12486276882157E-25,-9.8513671866984E-10));
#4647=DIRECTION('',(0.,-1.,-7.352470361756E-16));
#4648=DIRECTION('center_axis',(-1.11854969855814E-14,-1.,-6.83214177371715E-16));
#4649=DIRECTION('ref_axis',(-1.,1.11854969860927E-14,-7.48435449246398E-10));
#4650=DIRECTION('',(7.48435160001183E-10,6.83214169000096E-16,-1.));
#4651=DIRECTION('',(-7.48435160001183E-10,-6.83214169000096E-16,1.));
#4652=DIRECTION('center_axis',(7.48435160001183E-10,6.83214169000096E-16,
-1.));
#4653=DIRECTION('ref_axis',(-0.707106781186539,0.707106781186556,-5.29223214586247E-10));
#4654=DIRECTION('',(-7.48435160001183E-10,-6.83214169000096E-16,1.));
#4655=DIRECTION('center_axis',(1.11854969855814E-14,1.,6.83214177371715E-16));
#4656=DIRECTION('ref_axis',(1.,-1.11854969860927E-14,7.48435449246398E-10));
#4657=DIRECTION('',(7.48435160001183E-10,6.83214169000096E-16,-1.));
#4658=DIRECTION('center_axis',(7.48435160001183E-10,6.83214169000096E-16,
-1.));
#4659=DIRECTION('ref_axis',(0.707106781186539,-0.707106781186556,5.29221644493788E-10));
#4660=DIRECTION('center_axis',(1.,1.11022302462516E-14,2.28526388923456E-8));
#4661=DIRECTION('ref_axis',(-1.61592596970069E-8,0.707106781186547,0.707106781186548));
#4662=DIRECTION('',(1.,1.11022302462516E-14,2.28526388923456E-8));
#4663=DIRECTION('',(-1.,-1.11022302462516E-14,-2.28526388923456E-8));
#4664=DIRECTION('center_axis',(-1.11022302389058E-14,1.,-3.21441968929206E-16));
#4665=DIRECTION('ref_axis',(-2.28526387151406E-8,3.2144171521395E-16,1.));
#4666=DIRECTION('',(-1.,-1.11022302462516E-14,-2.28526388923456E-8));
#4667=DIRECTION('center_axis',(1.,1.11022302462516E-14,2.28526388923456E-8));
#4668=DIRECTION('ref_axis',(1.61592596970069E-8,-0.707106781186548,-0.707106781186547));
#4669=DIRECTION('',(1.,1.11022302462516E-14,2.28526388923456E-8));
#4670=DIRECTION('center_axis',(1.11022302186085E-14,-1.,1.20962038862933E-15));
#4671=DIRECTION('ref_axis',(2.28526387151406E-8,-1.20962013491407E-15,-1.));
#4672=DIRECTION('',(0.,-1.,-7.352470361756E-16));
#4673=DIRECTION('center_axis',(1.10014216236884E-9,7.352470361756E-16,-1.));
#4674=DIRECTION('ref_axis',(1.,-6.83983316297189E-25,1.10014216236884E-9));
#4675=DIRECTION('',(0.,-1.,-7.352470361756E-16));
#4676=DIRECTION('center_axis',(9.82396074082276E-10,7.352470361756E-16,
-1.));
#4677=DIRECTION('ref_axis',(1.,-6.10777640816342E-25,9.82396074082276E-10));
#4678=DIRECTION('',(0.,-1.,-7.352470361756E-16));
#4679=DIRECTION('center_axis',(1.00995202363324E-9,7.352470361756E-16,-1.));
#4680=DIRECTION('ref_axis',(1.,-6.27909860915959E-25,1.00995202363324E-9));
#4681=DIRECTION('',(0.,-1.,-7.352470361756E-16));
#4682=DIRECTION('',(0.,-1.,-7.352470361756E-16));
#4683=DIRECTION('center_axis',(-0.999999978888888,-1.51078906871712E-19,
0.000205480470424677));
#4684=DIRECTION('ref_axis',(-0.000205480470424677,6.21724891252696E-16,
-0.999999978888888));
#4685=DIRECTION('',(0.,-1.,-7.352470361756E-16));
#4686=DIRECTION('center_axis',(-1.,3.41399373672363E-24,-4.64332879800723E-9));
#4687=DIRECTION('ref_axis',(4.64332879800723E-9,6.21724904378E-16,-1.));
#4688=DIRECTION('',(0.,-1.,-7.352470361756E-16));
#4689=DIRECTION('center_axis',(-1.,2.35164049945123E-25,-3.19843587766545E-10));
#4690=DIRECTION('ref_axis',(3.19843587766545E-10,6.21724904378E-16,-1.));
#4691=DIRECTION('',(0.,-1.,-7.352470361756E-16));
#4692=DIRECTION('',(0.,-1.,-7.352470361756E-16));
#4693=DIRECTION('center_axis',(-2.21715934759069E-9,-7.352470361756E-16,
1.));
#4694=DIRECTION('ref_axis',(-1.,1.37846071896782E-24,-2.21715934759069E-9));
#4695=DIRECTION('',(0.,0.,1.));
#4696=DIRECTION('',(1.,0.,0.));
#4697=DIRECTION('',(0.,0.,1.));
#4698=DIRECTION('',(1.,0.,0.));
#4699=CARTESIAN_POINT('',(0.,0.,0.));
#4700=CARTESIAN_POINT('',(0.,0.,0.));
#4701=CARTESIAN_POINT('',(0.,0.,0.));
#4702=CARTESIAN_POINT('Origin',(-203.988902955447,-13.58,15.3200000000006));
#4703=CARTESIAN_POINT('',(-206.088902955447,-14.08,15.3200000000006));
#4704=CARTESIAN_POINT('Origin',(-203.988902955447,-14.08,15.3200000000006));
#4705=CARTESIAN_POINT('',(-205.088902955447,-13.08,15.3200000000006));
#4706=CARTESIAN_POINT('',(-205.588902955447,-13.58,15.3200000000006));
#4707=CARTESIAN_POINT('Origin',(-203.988902955447,-13.08,15.3200000000006));
#4708=CARTESIAN_POINT('Origin',(-155.531078444573,-14.08,16.590455093557));
#4709=CARTESIAN_POINT('',(-86.2840118896268,-14.08,40.1558101495842));
#4710=CARTESIAN_POINT('',(-85.6561036408458,-14.08,37.7699838026495));
#4711=CARTESIAN_POINT('Origin',(-90.3583059755416,-14.08,37.8079887073462));
#4712=CARTESIAN_POINT('',(-99.5623391743754,-14.08,63.1812854531842));
#4713=CARTESIAN_POINT('',(-89.8256546210969,-14.08,46.2972468302368));
#4714=CARTESIAN_POINT('',(-105.599921692503,-14.08,64.5263179631477));
#4715=CARTESIAN_POINT('Ctrl Pts',(-105.599921692503,-14.08,64.5263179631477));
#4716=CARTESIAN_POINT('Ctrl Pts',(-105.594916416516,-14.08,64.5294500061214));
#4717=CARTESIAN_POINT('Ctrl Pts',(-105.589911140529,-14.08,64.5325820490952));
#4718=CARTESIAN_POINT('Ctrl Pts',(-105.584905864542,-14.08,64.5357140920689));
#4719=CARTESIAN_POINT('Ctrl Pts',(-104.589891497565,-14.08,65.1583426474158));
#4720=CARTESIAN_POINT('Ctrl Pts',(-103.378733955254,-14.08,65.3380572500028));
#4721=CARTESIAN_POINT('Ctrl Pts',(-102.302749310865,-14.08,65.0978830022657));
#4722=CARTESIAN_POINT('Ctrl Pts',(-101.259410556419,-14.08,64.864995756346));
#4723=CARTESIAN_POINT('Ctrl Pts',(-100.260718094595,-14.08,64.2174083018012));
#4724=CARTESIAN_POINT('Ctrl Pts',(-99.6210396709154,-14.08,63.2683741724013));
#4725=CARTESIAN_POINT('Ctrl Pts',(-99.6014728387353,-14.08,63.2393445993289));
#4726=CARTESIAN_POINT('Ctrl Pts',(-99.5819060065552,-14.08,63.2103150262563));
#4727=CARTESIAN_POINT('Ctrl Pts',(-99.5623391743753,-14.08,63.1812854531841));
#4728=CARTESIAN_POINT('',(-118.5464531107,-14.08,57.0498324622135));
#4729=CARTESIAN_POINT('',(-134.709192346086,-14.08,47.7160211139694));
#4730=CARTESIAN_POINT('',(-120.401901504929,-14.08,56.4214760093196));
#4731=CARTESIAN_POINT('Origin',(-121.046905064083,-14.08,61.3796985142783));
#4732=CARTESIAN_POINT('',(-156.305194508203,-14.08,51.7509006671932));
#4733=CARTESIAN_POINT('',(-139.825648634434,-14.08,53.894686213562));
#4734=CARTESIAN_POINT('',(-156.558534970809,-14.08,51.6832773923269));
#4735=CARTESIAN_POINT('Origin',(-156.176193796372,-14.08,50.7592561662014));
#4736=CARTESIAN_POINT('',(-157.676297441639,-14.08,51.2207700345355));
#4737=CARTESIAN_POINT('',(-162.196702675732,-14.08,49.3503183638742));
#4738=CARTESIAN_POINT('',(-158.101928016016,-14.08,50.8859700343676));
#4739=CARTESIAN_POINT('Origin',(-157.293956267202,-14.08,50.29674880841));
#4740=CARTESIAN_POINT('',(-166.686775402702,-14.08,39.1139668363384));
#4741=CARTESIAN_POINT('',(-165.653524800778,-14.08,40.5308154816716));
#4742=CARTESIAN_POINT('',(-170.726634063485,-14.08,37.0600729661262));
#4743=CARTESIAN_POINT('Origin',(-170.72663414677,-14.08,42.0600729661262));
#4744=CARTESIAN_POINT('',(-221.90324112222,-14.08,37.0600721136766));
#4745=CARTESIAN_POINT('',(-162.112041749549,-14.08,37.0600731096197));
#4746=CARTESIAN_POINT('',(-225.40603093648,-14.08,33.5598310225089));
#4747=CARTESIAN_POINT('Ctrl Pts',(-225.40603093648,-14.08,33.5598310225089));
#4748=CARTESIAN_POINT('Ctrl Pts',(-225.406165674665,-14.08,34.5361676348804));
#4749=CARTESIAN_POINT('Ctrl Pts',(-224.973247046371,-14.08,35.477783702491));
#4750=CARTESIAN_POINT('Ctrl Pts',(-224.309007464133,-14.08,36.105000767677));
#4751=CARTESIAN_POINT('Ctrl Pts',(-224.044900967057,-14.08,36.3543868422526));
#4752=CARTESIAN_POINT('Ctrl Pts',(-223.525309543354,-14.08,36.7093469405304));
#4753=CARTESIAN_POINT('Ctrl Pts',(-222.800598394208,-14.08,36.9595175376605));
#4754=CARTESIAN_POINT('Ctrl Pts',(-222.356835734041,-14.08,37.0347685152958));
#4755=CARTESIAN_POINT('Ctrl Pts',(-222.135243870373,-14.08,37.0537961530928));
#4756=CARTESIAN_POINT('Ctrl Pts',(-222.002286464472,-14.08,37.0592216567714));
#4757=CARTESIAN_POINT('Ctrl Pts',(-221.945159024074,-14.08,37.0600997970115));
#4758=CARTESIAN_POINT('Ctrl Pts',(-221.903241122368,-14.08,37.0600718920845));
#4759=CARTESIAN_POINT('',(-225.406030826928,-14.08,-21.6908449765731));
#4760=CARTESIAN_POINT('',(-225.406030911596,-14.08,25.0750739937741));
#4761=CARTESIAN_POINT('',(-221.905534994523,-14.08,-25.1896989810349));
#4762=CARTESIAN_POINT('Ctrl Pts',(-221.905534994523,-14.08,-25.1896989810349));
#4763=CARTESIAN_POINT('Ctrl Pts',(-222.88047384413,-14.08,-25.1898335424544));
#4764=CARTESIAN_POINT('Ctrl Pts',(-223.820353939854,-14.08,-24.7582468784024));
#4765=CARTESIAN_POINT('Ctrl Pts',(-224.447146781018,-14.08,-24.0965110924401));
#4766=CARTESIAN_POINT('Ctrl Pts',(-225.030436385411,-14.08,-23.4807037962201));
#4767=CARTESIAN_POINT('Ctrl Pts',(-225.405731007181,-14.08,-22.597762897507));
#4768=CARTESIAN_POINT('Ctrl Pts',(-225.406030785033,-14.08,-21.6908449767901));
#4769=CARTESIAN_POINT('',(-191.530828311381,-14.08,-25.189698997342));
#4770=CARTESIAN_POINT('',(-188.718237726705,-14.08,-25.1896989997339));
#4771=CARTESIAN_POINT('',(-187.042750331289,-14.08,-27.9858033540688));
#4772=CARTESIAN_POINT('Ctrl Pts',(-187.042750331289,-14.08,-27.9858033540688));
#4773=CARTESIAN_POINT('Ctrl Pts',(-187.510534460399,-14.08,-27.0331939790761));
#4774=CARTESIAN_POINT('Ctrl Pts',(-188.876747804809,-14.08,-25.6408788408096));
#4775=CARTESIAN_POINT('Ctrl Pts',(-190.734878426223,-14.08,-25.1896989980189));
#4776=CARTESIAN_POINT('Ctrl Pts',(-191.530828311381,-14.08,-25.189698997342));
#4777=CARTESIAN_POINT('',(-183.906779698193,-14.08,-29.9397479035447));
#4778=CARTESIAN_POINT('Ctrl Pts',(-183.906779698193,-14.08,-29.9397479035447));
#4779=CARTESIAN_POINT('Ctrl Pts',(-184.882104032714,-14.08,-29.9395005798978));
#4780=CARTESIAN_POINT('Ctrl Pts',(-185.82212972979,-14.08,-29.5072216249888));
#4781=CARTESIAN_POINT('Ctrl Pts',(-186.448727450825,-14.08,-28.8447441579009));
#4782=CARTESIAN_POINT('Ctrl Pts',(-186.683430213407,-14.08,-28.5966020302575));
#4783=CARTESIAN_POINT('Ctrl Pts',(-186.886015689661,-14.08,-28.3049823935209));
#4784=CARTESIAN_POINT('Ctrl Pts',(-187.042750331289,-14.08,-27.9858033540687));
#4785=CARTESIAN_POINT('',(-170.666720144021,-14.08,-29.9397479841345));
#4786=CARTESIAN_POINT('',(-169.719056055687,-14.08,-29.9397479922038));
#4787=CARTESIAN_POINT('',(-167.282218043805,-14.08,-31.2593750077306));
#4788=CARTESIAN_POINT('Ctrl Pts',(-167.282218043805,-14.08,-31.2593750077306));
#4789=CARTESIAN_POINT('Ctrl Pts',(-168.197008974127,-14.08,-30.4181255246668));
#4790=CARTESIAN_POINT('Ctrl Pts',(-169.423923644606,-14.08,-29.9397479947169));
#4791=CARTESIAN_POINT('Ctrl Pts',(-170.666720144021,-14.08,-29.9397479841345));
#4792=CARTESIAN_POINT('',(-164.9057039931,-14.08,-32.189931981035));
#4793=CARTESIAN_POINT('Ctrl Pts',(-164.9057039931,-14.08,-32.189931981035));
#4794=CARTESIAN_POINT('Ctrl Pts',(-165.798416669262,-14.08,-32.1900551939364));
#4795=CARTESIAN_POINT('Ctrl Pts',(-166.661711822399,-14.08,-31.829997781408));
#4796=CARTESIAN_POINT('Ctrl Pts',(-167.282218043805,-14.08,-31.2593750077306));
#4797=CARTESIAN_POINT('',(-147.904870486234,-14.08,-32.189931875131));
#4798=CARTESIAN_POINT('',(-160.218322073009,-14.08,-32.1899319449375));
#4799=CARTESIAN_POINT('',(-145.532788606045,-14.08,-31.2624382860847));
#4800=CARTESIAN_POINT('Ctrl Pts',(-145.532788606045,-14.08,-31.2624382860847));
#4801=CARTESIAN_POINT('Ctrl Pts',(-146.146858694057,-14.08,-31.8281685005824));
#4802=CARTESIAN_POINT('Ctrl Pts',(-147.014324104474,-14.08,-32.1896417536293));
#4803=CARTESIAN_POINT('Ctrl Pts',(-147.904870486022,-14.08,-32.1899318344372));
#4804=CARTESIAN_POINT('',(-142.144958433785,-14.08,-29.9397479659848));
#4805=CARTESIAN_POINT('Ctrl Pts',(-142.144958433785,-14.08,-29.9397479659848));
#4806=CARTESIAN_POINT('Ctrl Pts',(-143.389275658996,-14.08,-29.9397479748747));
#4807=CARTESIAN_POINT('Ctrl Pts',(-144.617640650618,-14.08,-30.4193311893086));
#4808=CARTESIAN_POINT('Ctrl Pts',(-145.532788606045,-14.08,-31.2624382860847));
#4809=CARTESIAN_POINT('',(-128.904910638924,-14.08,-29.9397478713933));
#4810=CARTESIAN_POINT('',(-149.77167111021,-14.08,-29.9397480204727));
#4811=CARTESIAN_POINT('',(-126.426540834629,-14.08,-28.9099996138944));
#4812=CARTESIAN_POINT('Ctrl Pts',(-126.42654083463,-14.08,-28.9099996138945));
#4813=CARTESIAN_POINT('Ctrl Pts',(-126.45098993198,-14.08,-28.9345269790728));
#4814=CARTESIAN_POINT('Ctrl Pts',(-126.475815359949,-14.08,-28.9587092593587));
#4815=CARTESIAN_POINT('Ctrl Pts',(-126.501012883935,-14.08,-28.9825428845608));
#4816=CARTESIAN_POINT('Ctrl Pts',(-127.116687493923,-14.08,-29.564892083181));
#4817=CARTESIAN_POINT('Ctrl Pts',(-127.998867712399,-14.08,-29.9394482431385));
#4818=CARTESIAN_POINT('Ctrl Pts',(-128.904910638708,-14.08,-29.9397478294716));
#4819=CARTESIAN_POINT('',(-122.885361466882,-14.08,-27.4398789809128));
#4820=CARTESIAN_POINT('Ctrl Pts',(-122.885361466882,-14.08,-27.4398789809128));
#4821=CARTESIAN_POINT('Ctrl Pts',(-124.201239789828,-14.08,-27.4398789935372));
#4822=CARTESIAN_POINT('Ctrl Pts',(-125.497562486295,-14.08,-27.9780473677336));
#4823=CARTESIAN_POINT('Ctrl Pts',(-126.426540834629,-14.08,-28.9099996138944));
#4824=CARTESIAN_POINT('',(-109.904908068329,-14.08,-27.4398788563796));
#4825=CARTESIAN_POINT('',(-140.202970750925,-14.08,-27.4398791470562));
#4826=CARTESIAN_POINT('',(-107.532929768221,-14.08,-26.5124063941268));
#4827=CARTESIAN_POINT('Ctrl Pts',(-107.532929768221,-14.08,-26.5124063941267));
#4828=CARTESIAN_POINT('Ctrl Pts',(-108.146934348046,-14.08,-27.0780819868809));
#4829=CARTESIAN_POINT('Ctrl Pts',(-109.014444561475,-14.08,-27.4395677274913));
#4830=CARTESIAN_POINT('Ctrl Pts',(-109.904908068087,-14.08,-27.4398788095743));
#4831=CARTESIAN_POINT('',(-104.14508102647,-14.08,-25.1896989740855));
#4832=CARTESIAN_POINT('Ctrl Pts',(-104.14508102647,-14.08,-25.1896989740855));
#4833=CARTESIAN_POINT('Ctrl Pts',(-105.389406739424,-14.08,-25.1896989808583));
#4834=CARTESIAN_POINT('Ctrl Pts',(-106.617779825961,-14.08,-25.6692889271622));
#4835=CARTESIAN_POINT('Ctrl Pts',(-107.532929768221,-14.08,-26.5124063941268));
#4836=CARTESIAN_POINT('',(-89.1550585792465,-14.08,-25.1896988924954));
#4837=CARTESIAN_POINT('',(-130.771733554108,-14.08,-25.1896991190133));
#4838=CARTESIAN_POINT('',(-85.6561030239693,-14.08,-21.6904671977776));
#4839=CARTESIAN_POINT('Ctrl Pts',(-85.6561030239693,-14.08,-21.6904671977776));
#4840=CARTESIAN_POINT('Ctrl Pts',(-85.6563114275718,-14.08,-22.6655346697987));
#4841=CARTESIAN_POINT('Ctrl Pts',(-86.0883437955698,-14.08,-23.6053198368498));
#4842=CARTESIAN_POINT('Ctrl Pts',(-86.7503958942973,-14.08,-24.2318631153563));
#4843=CARTESIAN_POINT('Ctrl Pts',(-87.3661701329981,-14.08,-24.8146106228062));
#4844=CARTESIAN_POINT('Ctrl Pts',(-88.2486104416455,-14.08,-25.1894248360703));
#4845=CARTESIAN_POINT('Ctrl Pts',(-89.1550585790642,-14.08,-25.1896988574531));
#4846=CARTESIAN_POINT('',(-85.656103238032,-14.08,-2.55011257431057));
#4847=CARTESIAN_POINT('',(-206.088902955447,-14.08,-3.67999999999946));
#4848=CARTESIAN_POINT('Origin',(-203.988902955447,-14.08,-3.67999999999947));
#4849=CARTESIAN_POINT('',(-130.120902955447,-14.08,-7.19449999999982));
#4850=CARTESIAN_POINT('Origin',(-128.020902955447,-14.08,-7.19449999999983));
#4851=CARTESIAN_POINT('',(-116.365902955447,-14.08,40.1750000000002));
#4852=CARTESIAN_POINT('Origin',(-114.265902955447,-14.08,40.1750000000002));
#4853=CARTESIAN_POINT('',(-162.931902955447,-14.08,32.5605000000004));
#4854=CARTESIAN_POINT('Origin',(-160.831902955447,-14.08,32.5605000000004));
#4855=CARTESIAN_POINT('Origin',(-203.988902955447,4.7725216183781E-15,15.3200000000006));
#4856=CARTESIAN_POINT('',(-205.088902955447,-12.08,15.3200000000006));
#4857=CARTESIAN_POINT('',(-205.088902955447,4.90723276628431E-15,15.3200000000006));
#4858=CARTESIAN_POINT('Origin',(-203.988902955447,-12.08,15.3200000000006));
#4859=CARTESIAN_POINT('Origin',(-203.988902955447,-13.58,-3.67999999999947));
#4860=CARTESIAN_POINT('',(-205.088902955447,-13.08,-3.67999999999947));
#4861=CARTESIAN_POINT('',(-205.588902955447,-13.58,-3.67999999999946));
#4862=CARTESIAN_POINT('Origin',(-203.988902955447,-13.08,-3.67999999999947));
#4863=CARTESIAN_POINT('Origin',(-203.988902955447,1.70289192629497E-14,
-3.67999999999946));
#4864=CARTESIAN_POINT('',(-205.088902955447,-12.08,-3.67999999999947));
#4865=CARTESIAN_POINT('',(-205.088902955447,1.71636304108559E-14,-3.67999999999946));
#4866=CARTESIAN_POINT('Origin',(-203.988902955447,-12.08,-3.67999999999947));
#4867=CARTESIAN_POINT('Origin',(-160.831902955447,-13.58,32.5605000000004));
#4868=CARTESIAN_POINT('',(-161.931902955447,-13.08,32.5605000000004));
#4869=CARTESIAN_POINT('',(-162.431902955447,-13.58,32.5605000000004));
#4870=CARTESIAN_POINT('Origin',(-160.831902955447,-13.08,32.5605000000004));
#4871=CARTESIAN_POINT('Origin',(-160.831902955447,-1.16340772880305E-14,
32.5605000000004));
#4872=CARTESIAN_POINT('',(-161.931902955447,-12.08,32.5605000000004));
#4873=CARTESIAN_POINT('',(-161.931902955447,-1.14993661401242E-14,32.5605000000004));
#4874=CARTESIAN_POINT('Origin',(-160.831902955447,-12.08,32.5605000000004));
#4875=CARTESIAN_POINT('Origin',(-128.020902955447,-13.58,-7.19449999999983));
#4876=CARTESIAN_POINT('',(-129.120902955447,-13.08,-7.19449999999982));
#4877=CARTESIAN_POINT('',(-129.620902955447,-13.58,-7.19449999999982));
#4878=CARTESIAN_POINT('Origin',(-128.020902955447,-13.08,-7.19449999999983));
#4879=CARTESIAN_POINT('Origin',(-128.020902955447,9.99263348665245E-15,
-7.19449999999982));
#4880=CARTESIAN_POINT('',(-129.120902955447,-12.08,-7.19449999999982));
#4881=CARTESIAN_POINT('',(-129.120902955447,1.01273446345587E-14,-7.19449999999981));
#4882=CARTESIAN_POINT('Origin',(-128.020902955447,-12.08,-7.19449999999982));
#4883=CARTESIAN_POINT('Origin',(-114.265902955447,-13.58,40.1750000000002));
#4884=CARTESIAN_POINT('',(-115.365902955447,-13.08,40.1750000000002));
#4885=CARTESIAN_POINT('',(-115.865902955447,-13.58,40.1750000000002));
#4886=CARTESIAN_POINT('Origin',(-114.265902955447,-13.08,40.1750000000002));
#4887=CARTESIAN_POINT('Origin',(-114.265902955447,-2.22486801973923E-14,
40.1750000000002));
#4888=CARTESIAN_POINT('',(-115.365902955447,-12.08,40.1750000000002));
#4889=CARTESIAN_POINT('',(-115.365902955447,-2.21139690494861E-14,40.1750000000002));
#4890=CARTESIAN_POINT('Origin',(-114.265902955447,-12.08,40.1750000000002));
#4891=CARTESIAN_POINT('Ctrl Pts',(-99.5427723504234,-14.08,63.152255892319));
#4892=CARTESIAN_POINT('Ctrl Pts',(-99.5688614572537,-14.08,63.1909619856793));
#4893=CARTESIAN_POINT('Ctrl Pts',(-99.5949505640846,-14.08,63.2296680790405));
#4894=CARTESIAN_POINT('Ctrl Pts',(-99.6210396709154,-14.08,63.2683741724013));
#4895=CARTESIAN_POINT('Ctrl Pts',(-100.260718094595,-14.08,64.2174083018012));
#4896=CARTESIAN_POINT('Ctrl Pts',(-101.259410556419,-14.08,64.864995756346));
#4897=CARTESIAN_POINT('Ctrl Pts',(-102.302749310865,-14.08,65.0978830022657));
#4898=CARTESIAN_POINT('Ctrl Pts',(-103.378733955254,-14.08,65.3380572500028));
#4899=CARTESIAN_POINT('Ctrl Pts',(-104.589891497565,-14.08,65.1583426474158));
#4900=CARTESIAN_POINT('Ctrl Pts',(-105.584905864542,-14.08,64.5357140920689));
#4901=CARTESIAN_POINT('Ctrl Pts',(-105.589911140529,-14.08,64.5325820490952));
#4902=CARTESIAN_POINT('Ctrl Pts',(-105.594916416516,-14.08,64.5294500061214));
#4903=CARTESIAN_POINT('Ctrl Pts',(-105.599921692503,-14.08,64.5263179631477));
#4904=CARTESIAN_POINT('Ctrl Pts',(-99.2663653188088,-13.7466666666667,63.3385628003635));
#4905=CARTESIAN_POINT('Ctrl Pts',(-99.2924544256392,-13.7466666666667,63.377268893724));
#4906=CARTESIAN_POINT('Ctrl Pts',(-99.3185435324699,-13.7466666666667,63.4159749870848));
#4907=CARTESIAN_POINT('Ctrl Pts',(-99.3446326393008,-13.7466666666667,63.4546810804459));
#4908=CARTESIAN_POINT('Ctrl Pts',(-100.034923135358,-13.7466666666667,64.4776508948046));
#4909=CARTESIAN_POINT('Ctrl Pts',(-101.104743939639,-13.7466666666667,65.1715280271823));
#4910=CARTESIAN_POINT('Ctrl Pts',(-102.230131891415,-13.7466666666667,65.4232102552029));
#4911=CARTESIAN_POINT('Ctrl Pts',(-103.390733982355,-13.7466666666667,65.6817842842875));
#4912=CARTESIAN_POINT('Ctrl Pts',(-104.688446694259,-13.7466666666667,65.4891094166816));
#4913=CARTESIAN_POINT('Ctrl Pts',(-105.761724206113,-13.7466666666667,64.8182851188835));
#4914=CARTESIAN_POINT('Ctrl Pts',(-105.7667294821,-13.7466666666667,64.8151530759098));
#4915=CARTESIAN_POINT('Ctrl Pts',(-105.771734758087,-13.7466666666667,64.812021032936));
#4916=CARTESIAN_POINT('Ctrl Pts',(-105.776740034074,-13.7466666666667,64.8088889899623));
#4917=CARTESIAN_POINT('Ctrl Pts',(-98.9899582871942,-13.4133333333334,63.524869708408));
#4918=CARTESIAN_POINT('Ctrl Pts',(-99.0160473940248,-13.4133333333334,63.5635758017688));
#4919=CARTESIAN_POINT('Ctrl Pts',(-99.0421365008558,-13.4133333333334,63.60228189513));
#4920=CARTESIAN_POINT('Ctrl Pts',(-99.0682256076862,-13.4133333333334,63.6409879884905));
#4921=CARTESIAN_POINT('Ctrl Pts',(-99.8065016551318,-13.4133333333334,64.7374556222538));
#4922=CARTESIAN_POINT('Ctrl Pts',(-100.948033975393,-13.4133333333334,65.4790456877471));
#4923=CARTESIAN_POINT('Ctrl Pts',(-102.157514471966,-13.4133333333334,65.7485375081401));
#4924=CARTESIAN_POINT('Ctrl Pts',(-103.404141375803,-13.4133333333334,66.0272893748905));
#4925=CARTESIAN_POINT('Ctrl Pts',(-104.789652013084,-13.4133333333334,65.820549740327));
#4926=CARTESIAN_POINT('Ctrl Pts',(-105.938542547685,-13.4133333333334,65.1008561456981));
#4927=CARTESIAN_POINT('Ctrl Pts',(-105.943547823672,-13.4133333333334,65.0977241027244));
#4928=CARTESIAN_POINT('Ctrl Pts',(-105.948553099659,-13.4133333333334,65.0945920597506));
#4929=CARTESIAN_POINT('Ctrl Pts',(-105.953558375646,-13.4133333333334,65.0914600167769));
#4930=CARTESIAN_POINT('Ctrl Pts',(-98.7135512555796,-13.08,63.7111766164525));
#4931=CARTESIAN_POINT('Ctrl Pts',(-98.7396403624103,-13.08,63.7498827098135));
#4932=CARTESIAN_POINT('Ctrl Pts',(-98.765729469241,-13.08,63.7885888031743));
#4933=CARTESIAN_POINT('Ctrl Pts',(-98.7918185760716,-13.08,63.827294896535));
#4934=CARTESIAN_POINT('Ctrl Pts',(-99.5807066958944,-13.08,64.9976982152572));
#4935=CARTESIAN_POINT('Ctrl Pts',(-100.793367358613,-13.08,65.7855779585834));
#4936=CARTESIAN_POINT('Ctrl Pts',(-102.084897052517,-13.08,66.0738647610772));
#4937=CARTESIAN_POINT('Ctrl Pts',(-103.416141402904,-13.08,66.3710164091752));
#4938=CARTESIAN_POINT('Ctrl Pts',(-104.888207209777,-13.08,66.1513165095928));
#4939=CARTESIAN_POINT('Ctrl Pts',(-106.115360889256,-13.08,65.3834271725127));
#4940=CARTESIAN_POINT('Ctrl Pts',(-106.120366165243,-13.08,65.380295129539));
#4941=CARTESIAN_POINT('Ctrl Pts',(-106.12537144123,-13.08,65.3771630865652));
#4942=CARTESIAN_POINT('Ctrl Pts',(-106.130376717217,-13.08,65.3740310435915));
#4943=CARTESIAN_POINT('',(-106.115360889256,-13.08,65.3834271725127));
#4944=CARTESIAN_POINT('Ctrl Pts',(-106.115360889256,-13.08,65.3834271725127));
#4945=CARTESIAN_POINT('Ctrl Pts',(-105.943547823672,-13.4133333333334,65.0977241027244));
#4946=CARTESIAN_POINT('Ctrl Pts',(-105.771734758087,-13.7466666666667,64.812021032936));
#4947=CARTESIAN_POINT('Ctrl Pts',(-105.599921692503,-14.08,64.5263179631477));
#4948=CARTESIAN_POINT('',(-98.7135512555796,-13.08,63.7111766164526));
#4949=CARTESIAN_POINT('Ctrl Pts',(-99.562339174375,-14.08,63.1812854531837));
#4950=CARTESIAN_POINT('Ctrl Pts',(-99.4208747118323,-13.9133335578768,63.2696005280783));
#4951=CARTESIAN_POINT('Ctrl Pts',(-99.2794102492897,-13.7466671157536,63.3579156029731));
#4952=CARTESIAN_POINT('Ctrl Pts',(-98.9964809430247,-13.4133337824203,63.5345459907297));
#4953=CARTESIAN_POINT('Ctrl Pts',(-98.8550160993019,-13.2466668912102,63.6228613035908));
#4954=CARTESIAN_POINT('Ctrl Pts',(-98.7135512555796,-13.08,63.7111766164526));
#4955=CARTESIAN_POINT('Ctrl Pts',(-98.7135512555796,-13.08,63.7111766164525));
#4956=CARTESIAN_POINT('Ctrl Pts',(-98.7396403624103,-13.08,63.7498827098135));
#4957=CARTESIAN_POINT('Ctrl Pts',(-98.765729469241,-13.08,63.7885888031743));
#4958=CARTESIAN_POINT('Ctrl Pts',(-98.7918185760716,-13.08,63.827294896535));
#4959=CARTESIAN_POINT('Ctrl Pts',(-99.5807066958944,-13.08,64.9976982152572));
#4960=CARTESIAN_POINT('Ctrl Pts',(-100.793367358613,-13.08,65.7855779585834));
#4961=CARTESIAN_POINT('Ctrl Pts',(-102.084897052517,-13.08,66.0738647610772));
#4962=CARTESIAN_POINT('Ctrl Pts',(-103.416141402904,-13.08,66.3710164091752));
#4963=CARTESIAN_POINT('Ctrl Pts',(-104.888207209777,-13.08,66.1513165095928));
#4964=CARTESIAN_POINT('Ctrl Pts',(-106.115360889256,-13.08,65.3834271725127));
#4965=CARTESIAN_POINT('Origin',(-90.3583059755416,-13.58,37.8079887073462));
#4966=CARTESIAN_POINT('',(-84.6561036408093,-13.08,37.7663311442482));
#4967=CARTESIAN_POINT('',(-84.6561036408093,-13.08,37.7663311442482));
#4968=CARTESIAN_POINT('',(-85.4175748551997,-13.08,40.6550965056697));
#4969=CARTESIAN_POINT('Origin',(-90.3583059755416,-13.08,37.8079887073462));
#4970=CARTESIAN_POINT('',(-85.4175748551997,-13.08,40.6550965056697));
#4971=CARTESIAN_POINT('Origin',(-89.3925162304791,-13.58,46.5470290044868));
#4972=CARTESIAN_POINT('',(-88.9593778398613,-13.08,46.7968111787368));
#4973=CARTESIAN_POINT('Origin',(-134.959237541424,-13.58,48.1490077191758));
#4974=CARTESIAN_POINT('',(-119.046543501376,-13.08,57.9158056726265));
#4975=CARTESIAN_POINT('',(-135.209282736763,-13.08,48.5819943243823));
#4976=CARTESIAN_POINT('',(-119.046543501376,-13.08,57.9158056726265));
#4977=CARTESIAN_POINT('Origin',(-121.046905064083,-13.58,61.3796985142783));
#4978=CARTESIAN_POINT('',(-120.53090221676,-13.08,57.4131205103113));
#4979=CARTESIAN_POINT('Origin',(-121.046905064083,-13.08,61.3796985142783));
#4980=CARTESIAN_POINT('',(-120.53090221676,-13.08,57.4131205103113));
#4981=CARTESIAN_POINT('Origin',(-139.89014899035,-13.58,54.3905084640579));
#4982=CARTESIAN_POINT('',(-156.434195220033,-13.08,52.7425451681849));
#4983=CARTESIAN_POINT('',(-156.434195220033,-13.08,52.7425451681849));
#4984=CARTESIAN_POINT('',(-139.954649346265,-13.08,54.8863307145538));
#4985=CARTESIAN_POINT('Origin',(-156.176193796372,-13.58,50.7592561662014));
#4986=CARTESIAN_POINT('',(-156.940876145245,-13.08,52.6072986184523));
#4987=CARTESIAN_POINT('Origin',(-156.176193796372,-13.08,50.7592561662014));
#4988=CARTESIAN_POINT('',(-156.940876145245,-13.08,52.6072986184523));
#4989=CARTESIAN_POINT('Origin',(-162.38787326295,-13.58,49.8123289769369));
#4990=CARTESIAN_POINT('',(-158.058638616076,-13.08,52.1447912606609));
#4991=CARTESIAN_POINT('',(-158.058638616076,-13.08,52.1447912606609));
#4992=CARTESIAN_POINT('',(-162.579043850169,-13.08,50.2743395899997));
#4993=CARTESIAN_POINT('Origin',(-157.293956267202,-13.58,50.29674880841));
#4994=CARTESIAN_POINT('',(-158.90989976483,-13.08,51.4751912603252));
#4995=CARTESIAN_POINT('Origin',(-157.293956267202,-13.08,50.29674880841));
#4996=CARTESIAN_POINT('',(-158.90989976483,-13.08,51.4751912603252));
#4997=CARTESIAN_POINT('Origin',(-166.057510675184,-13.58,40.8254260946503));
#4998=CARTESIAN_POINT('',(-167.494747151515,-13.08,39.703188062296));
#4999=CARTESIAN_POINT('',(-167.494747151515,-13.08,39.703188062296));
#5000=CARTESIAN_POINT('',(-166.461496549591,-13.08,41.1200367076291));
#5001=CARTESIAN_POINT('Origin',(-170.72663414677,-13.58,42.0600729661262));
#5002=CARTESIAN_POINT('',(-170.726634080142,-13.08,38.0600729661262));
#5003=CARTESIAN_POINT('Origin',(-170.72663414677,-13.08,42.0600729661262));
#5004=CARTESIAN_POINT('',(-170.726634080142,-13.08,38.0600729661262));
#5005=CARTESIAN_POINT('Origin',(-162.112041757878,-13.58,37.5600731096197));
#5006=CARTESIAN_POINT('',(-221.903241138877,-13.08,38.0600721136766));
#5007=CARTESIAN_POINT('',(-221.903241138877,-13.08,38.0600721136766));
#5008=CARTESIAN_POINT('',(-162.112041766206,-13.08,38.0600731096197));
#5009=CARTESIAN_POINT('Ctrl Pts',(-221.903241122368,-14.08,37.0600718920845));
#5010=CARTESIAN_POINT('Ctrl Pts',(-221.945159024074,-14.08,37.0600997970115));
#5011=CARTESIAN_POINT('Ctrl Pts',(-222.002286464472,-14.08,37.0592216567714));
#5012=CARTESIAN_POINT('Ctrl Pts',(-222.135243870373,-14.08,37.0537961530928));
#5013=CARTESIAN_POINT('Ctrl Pts',(-222.356835734041,-14.08,37.0347685152958));
#5014=CARTESIAN_POINT('Ctrl Pts',(-222.800598394208,-14.08,36.9595175376605));
#5015=CARTESIAN_POINT('Ctrl Pts',(-223.525309543354,-14.08,36.7093469405304));
#5016=CARTESIAN_POINT('Ctrl Pts',(-224.044900967057,-14.08,36.3543868422526));
#5017=CARTESIAN_POINT('Ctrl Pts',(-224.309007464133,-14.08,36.105000767677));
#5018=CARTESIAN_POINT('Ctrl Pts',(-224.973247046371,-14.08,35.477783702491));
#5019=CARTESIAN_POINT('Ctrl Pts',(-225.406165674665,-14.08,34.5361676348804));
#5020=CARTESIAN_POINT('Ctrl Pts',(-225.40603093648,-14.08,33.5598310225089));
#5021=CARTESIAN_POINT('Ctrl Pts',(-221.903019220987,-13.7466666666667,37.3934051515575));
#5022=CARTESIAN_POINT('Ctrl Pts',(-221.948057437668,-13.7466666666667,37.393435055607));
#5023=CARTESIAN_POINT('Ctrl Pts',(-222.011573800626,-13.7466666666667,37.3924719695497));
#5024=CARTESIAN_POINT('Ctrl Pts',(-222.157147691064,-13.7466666666667,37.3865119033624));
#5025=CARTESIAN_POINT('Ctrl Pts',(-222.400537946787,-13.7466666666667,37.3656365791145));
#5026=CARTESIAN_POINT('Ctrl Pts',(-222.886605830961,-13.7466666666667,37.2831557574882));
#5027=CARTESIAN_POINT('Ctrl Pts',(-223.678612690979,-13.7466666666667,37.0096953437711));
#5028=CARTESIAN_POINT('Ctrl Pts',(-224.247082882178,-13.7466666666667,36.6218255236623));
#5029=CARTESIAN_POINT('Ctrl Pts',(-224.537858770715,-13.7466666666667,36.3473603983638));
#5030=CARTESIAN_POINT('Ctrl Pts',(-225.267892208219,-13.7466666666667,35.6570602835177));
#5031=CARTESIAN_POINT('Ctrl Pts',(-225.7385955211,-13.7466666666667,34.6328292149111));
#5032=CARTESIAN_POINT('Ctrl Pts',(-225.739364266639,-13.7466666666667,33.559785021235));
#5033=CARTESIAN_POINT('Ctrl Pts',(-221.902797319606,-13.4133333333333,37.7267384110305));
#5034=CARTESIAN_POINT('Ctrl Pts',(-221.941594906338,-13.4133333333333,37.7267643168349));
#5035=CARTESIAN_POINT('Ctrl Pts',(-222.018898597068,-13.4133333333333,37.725718388585));
#5036=CARTESIAN_POINT('Ctrl Pts',(-222.172990724113,-13.4133333333333,37.7192284467179));
#5037=CARTESIAN_POINT('Ctrl Pts',(-222.440914996744,-13.4133333333333,37.6964984594165));
#5038=CARTESIAN_POINT('Ctrl Pts',(-222.968012810149,-13.4133333333333,37.6068226186785));
#5039=CARTESIAN_POINT('Ctrl Pts',(-223.828906808319,-13.4133333333333,37.3100267071985));
#5040=CARTESIAN_POINT('Ctrl Pts',(-224.449446606439,-13.4133333333333,36.88940416061));
#5041=CARTESIAN_POINT('Ctrl Pts',(-224.766710077297,-13.4133333333333,36.5897200290506));
#5042=CARTESIAN_POINT('Ctrl Pts',(-225.56551138328,-13.4133333333333,35.8363975917256));
#5043=CARTESIAN_POINT('Ctrl Pts',(-226.073775564987,-13.4133333333333,34.7273765905678));
#5044=CARTESIAN_POINT('Ctrl Pts',(-226.072697596798,-13.4133333333333,33.5597390199611));
#5045=CARTESIAN_POINT('Ctrl Pts',(-221.902575418226,-13.08,38.0600716705035));
#5046=CARTESIAN_POINT('Ctrl Pts',(-221.944493319932,-13.08,38.0600995754305));
#5047=CARTESIAN_POINT('Ctrl Pts',(-222.028185933221,-13.08,38.0589687013632));
#5048=CARTESIAN_POINT('Ctrl Pts',(-222.194894544803,-13.08,38.0519441969875));
#5049=CARTESIAN_POINT('Ctrl Pts',(-222.48461720949,-13.08,38.0273665232353));
#5050=CARTESIAN_POINT('Ctrl Pts',(-223.054020246903,-13.08,37.9304608385062));
#5051=CARTESIAN_POINT('Ctrl Pts',(-223.982209955943,-13.08,37.6103751104393));
#5052=CARTESIAN_POINT('Ctrl Pts',(-224.65162852156,-13.08,37.1568428420196));
#5053=CARTESIAN_POINT('Ctrl Pts',(-224.99556138388,-13.08,36.8320796597374));
#5054=CARTESIAN_POINT('Ctrl Pts',(-225.860156545128,-13.08,36.0156741727523));
#5055=CARTESIAN_POINT('Ctrl Pts',(-226.406205411422,-13.08,34.8240381705984));
#5056=CARTESIAN_POINT('Ctrl Pts',(-226.406030926957,-13.08,33.5596930186872));
#5057=CARTESIAN_POINT('',(-226.406030926957,-13.08,33.5596930186872));
#5058=CARTESIAN_POINT('',(-226.406030926957,-13.08,33.5596930186872));
#5059=CARTESIAN_POINT('Ctrl Pts',(-221.903241132856,-13.08,38.0600720637914));
#5060=CARTESIAN_POINT('Ctrl Pts',(-221.944936373303,-13.08,38.0600935720738));
#5061=CARTESIAN_POINT('Ctrl Pts',(-222.028406565618,-13.08,38.0589594047035));
#5062=CARTESIAN_POINT('Ctrl Pts',(-222.194894544803,-13.08,38.0519441969875));
#5063=CARTESIAN_POINT('Ctrl Pts',(-222.48461720949,-13.08,38.0273665232353));
#5064=CARTESIAN_POINT('Ctrl Pts',(-223.054020246903,-13.08,37.9304608385062));
#5065=CARTESIAN_POINT('Ctrl Pts',(-223.982209955943,-13.08,37.6103751104393));
#5066=CARTESIAN_POINT('Ctrl Pts',(-224.65162852156,-13.08,37.1568428420196));
#5067=CARTESIAN_POINT('Ctrl Pts',(-224.99556138388,-13.08,36.8320796597374));
#5068=CARTESIAN_POINT('Ctrl Pts',(-225.860156545128,-13.08,36.0156741727523));
#5069=CARTESIAN_POINT('Ctrl Pts',(-226.406205411422,-13.08,34.8240381705984));
#5070=CARTESIAN_POINT('Ctrl Pts',(-226.406030926957,-13.08,33.5596930186872));
#5071=CARTESIAN_POINT('Origin',(-225.906030911596,-13.58,25.0750739928689));
#5072=CARTESIAN_POINT('',(-226.406030826928,-13.08,-21.6908449783836));
#5073=CARTESIAN_POINT('',(-226.406030826928,-13.08,-21.6908449783836));
#5074=CARTESIAN_POINT('',(-226.406030911596,-13.08,25.0750739919637));
#5075=CARTESIAN_POINT('Ctrl Pts',(-225.406030859058,-14.08,-21.6905914837876));
#5076=CARTESIAN_POINT('Ctrl Pts',(-225.405800937707,-14.08,-22.5975983681431));
#5077=CARTESIAN_POINT('Ctrl Pts',(-225.03049073045,-14.08,-23.4806464215108));
#5078=CARTESIAN_POINT('Ctrl Pts',(-224.447146781018,-14.08,-24.0965110924401));
#5079=CARTESIAN_POINT('Ctrl Pts',(-223.820353939854,-14.08,-24.7582468784024));
#5080=CARTESIAN_POINT('Ctrl Pts',(-222.88047384413,-14.08,-25.1898335424544));
#5081=CARTESIAN_POINT('Ctrl Pts',(-221.905534994523,-14.08,-25.1896989810349));
#5082=CARTESIAN_POINT('Ctrl Pts',(-225.739364181681,-13.7466666666666,-21.6906759819862));
#5083=CARTESIAN_POINT('Ctrl Pts',(-225.738306464949,-13.7466666666666,-22.6876561369699));
#5084=CARTESIAN_POINT('Ctrl Pts',(-225.330313100346,-13.7466666666666,-23.6479139717762));
#5085=CARTESIAN_POINT('Ctrl Pts',(-224.689151959295,-13.7466666666666,-24.3257371921713));
#5086=CARTESIAN_POINT('Ctrl Pts',(-223.999333665445,-13.7466666666666,-25.0530086973893));
#5087=CARTESIAN_POINT('Ctrl Pts',(-222.97698643423,-13.7466666666666,-25.5222669231764));
#5088=CARTESIAN_POINT('Ctrl Pts',(-221.905488987734,-13.7466666666666,-25.5230323111933));
#5089=CARTESIAN_POINT('Ctrl Pts',(-226.072697504304,-13.4133333333333,-21.6907604801849));
#5090=CARTESIAN_POINT('Ctrl Pts',(-226.073227383105,-13.4133333333333,-22.7760255612095));
#5091=CARTESIAN_POINT('Ctrl Pts',(-225.632773648781,-13.4133333333333,-23.8151506257076));
#5092=CARTESIAN_POINT('Ctrl Pts',(-224.931157137573,-13.4133333333333,-24.5549632919026));
#5093=CARTESIAN_POINT('Ctrl Pts',(-224.178343126662,-13.4133333333333,-25.3507491021984));
#5094=CARTESIAN_POINT('Ctrl Pts',(-223.071366114419,-13.4133333333333,-25.857439838982));
#5095=CARTESIAN_POINT('Ctrl Pts',(-221.905442980945,-13.4133333333333,-25.8563656413517));
#5096=CARTESIAN_POINT('Ctrl Pts',(-226.406030826928,-13.08,-21.6908449783836));
#5097=CARTESIAN_POINT('Ctrl Pts',(-226.405732910347,-13.08,-22.8660833300363));
#5098=CARTESIAN_POINT('Ctrl Pts',(-225.932596018678,-13.08,-23.9824181759729));
#5099=CARTESIAN_POINT('Ctrl Pts',(-225.17316231585,-13.08,-24.7841893916338));
#5100=CARTESIAN_POINT('Ctrl Pts',(-224.357322852253,-13.08,-25.6455109211853));
#5101=CARTESIAN_POINT('Ctrl Pts',(-223.16787870452,-13.08,-26.189873219704));
#5102=CARTESIAN_POINT('Ctrl Pts',(-221.905396974156,-13.08,-26.1896989715101));
#5103=CARTESIAN_POINT('',(-221.905396974156,-13.08,-26.1896989715101));
#5104=CARTESIAN_POINT('',(-221.905396974156,-13.08,-26.1896989715101));
#5105=CARTESIAN_POINT('Ctrl Pts',(-226.406030826928,-13.08,-21.6908449783836));
#5106=CARTESIAN_POINT('Ctrl Pts',(-226.405732910347,-13.08,-22.8660833300363));
#5107=CARTESIAN_POINT('Ctrl Pts',(-225.932596018678,-13.08,-23.9824181759729));
#5108=CARTESIAN_POINT('Ctrl Pts',(-225.17316231585,-13.08,-24.7841893916338));
#5109=CARTESIAN_POINT('Ctrl Pts',(-224.357322852253,-13.08,-25.6455109211853));
#5110=CARTESIAN_POINT('Ctrl Pts',(-223.16787870452,-13.08,-26.189873219704));
#5111=CARTESIAN_POINT('Ctrl Pts',(-221.905396974156,-13.08,-26.1896989715101));
#5112=CARTESIAN_POINT('Origin',(-188.71823772713,-13.58,-25.6896989997339));
#5113=CARTESIAN_POINT('',(-191.530828312232,-13.08,-26.189698997342));
#5114=CARTESIAN_POINT('',(-191.530828312232,-13.08,-26.189698997342));
#5115=CARTESIAN_POINT('',(-188.718237727555,-13.08,-26.1896989997339));
#5116=CARTESIAN_POINT('Ctrl Pts',(-187.940365928158,-13.08,-28.4265824827234));
#5117=CARTESIAN_POINT('Ctrl Pts',(-188.314593231446,-13.08,-27.6644949827293));
#5118=CARTESIAN_POINT('Ctrl Pts',(-189.407563906974,-13.08,-26.5506428721161));
#5119=CARTESIAN_POINT('Ctrl Pts',(-190.894068404105,-13.08,-26.1896989978835));
#5120=CARTESIAN_POINT('Ctrl Pts',(-191.530828312232,-13.08,-26.189698997342));
#5121=CARTESIAN_POINT('Ctrl Pts',(-187.641160729201,-13.4133333333333,-28.2796561065052));
#5122=CARTESIAN_POINT('Ctrl Pts',(-188.046573641097,-13.4133333333333,-27.4540613148449));
#5123=CARTESIAN_POINT('Ctrl Pts',(-189.230625206252,-13.4133333333333,-26.2473881950139));
#5124=CARTESIAN_POINT('Ctrl Pts',(-190.841005078144,-13.4133333333333,-25.8563656645953));
#5125=CARTESIAN_POINT('Ctrl Pts',(-191.530828311948,-13.4133333333333,-25.8563656640087));
#5126=CARTESIAN_POINT('Ctrl Pts',(-187.341955530245,-13.7466666666666,-28.132729730287));
#5127=CARTESIAN_POINT('Ctrl Pts',(-187.778554050748,-13.7466666666666,-27.2436276469605));
#5128=CARTESIAN_POINT('Ctrl Pts',(-189.053686505531,-13.7466666666666,-25.9441335179117));
#5129=CARTESIAN_POINT('Ctrl Pts',(-190.787941752183,-13.7466666666666,-25.5230323313071));
#5130=CARTESIAN_POINT('Ctrl Pts',(-191.530828311665,-13.7466666666666,-25.5230323306753));
#5131=CARTESIAN_POINT('Ctrl Pts',(-187.042750331289,-14.08,-27.9858033540688));
#5132=CARTESIAN_POINT('Ctrl Pts',(-187.510534460399,-14.08,-27.0331939790761));
#5133=CARTESIAN_POINT('Ctrl Pts',(-188.876747804809,-14.08,-25.6408788408096));
#5134=CARTESIAN_POINT('Ctrl Pts',(-190.734878426223,-14.08,-25.1896989980189));
#5135=CARTESIAN_POINT('Ctrl Pts',(-191.530828311381,-14.08,-25.189698997342));
#5136=CARTESIAN_POINT('',(-187.940365928158,-13.08,-28.4265824827234));
#5137=CARTESIAN_POINT('Ctrl Pts',(-191.530828312232,-13.08,-26.189698997342));
#5138=CARTESIAN_POINT('Ctrl Pts',(-190.894068404105,-13.08,-26.1896989978835));
#5139=CARTESIAN_POINT('Ctrl Pts',(-189.407563906974,-13.08,-26.5506428721161));
#5140=CARTESIAN_POINT('Ctrl Pts',(-188.314593231446,-13.08,-27.6644949827293));
#5141=CARTESIAN_POINT('Ctrl Pts',(-187.940365928158,-13.08,-28.4265824827234));
#5142=CARTESIAN_POINT('',(-187.940365928158,-13.08,-28.4265824827234));
#5143=CARTESIAN_POINT('Ctrl Pts',(-187.042750331289,-14.08,-27.9858033540687));
#5144=CARTESIAN_POINT('Ctrl Pts',(-186.886015689661,-14.08,-28.3049823935209));
#5145=CARTESIAN_POINT('Ctrl Pts',(-186.683430213407,-14.08,-28.5966020302575));
#5146=CARTESIAN_POINT('Ctrl Pts',(-186.448727450825,-14.08,-28.8447441579009));
#5147=CARTESIAN_POINT('Ctrl Pts',(-185.82212972979,-14.08,-29.5072216249888));
#5148=CARTESIAN_POINT('Ctrl Pts',(-184.882104032714,-14.08,-29.9395005798978));
#5149=CARTESIAN_POINT('Ctrl Pts',(-183.906779698193,-14.08,-29.9397479035447));
#5150=CARTESIAN_POINT('Ctrl Pts',(-187.341955530245,-13.7466666666666,-28.132729730287));
#5151=CARTESIAN_POINT('Ctrl Pts',(-187.170616588665,-13.7466666666666,-28.4815900936395));
#5152=CARTESIAN_POINT('Ctrl Pts',(-186.949196036289,-13.7466666666666,-28.8006663804768));
#5153=CARTESIAN_POINT('Ctrl Pts',(-186.690896391933,-13.7466666666666,-29.0737972414285));
#5154=CARTESIAN_POINT('Ctrl Pts',(-186.001294981098,-13.7466666666666,-29.801882044798));
#5155=CARTESIAN_POINT('Ctrl Pts',(-184.97878351122,-13.7466666666666,-30.2718959693317));
#5156=CARTESIAN_POINT('Ctrl Pts',(-183.906864225166,-13.7466666666666,-30.2730812261608));
#5157=CARTESIAN_POINT('Ctrl Pts',(-187.641160729201,-13.4133333333333,-28.2796561065052));
#5158=CARTESIAN_POINT('Ctrl Pts',(-187.455280331059,-13.4133333333333,-28.6582477253198));
#5159=CARTESIAN_POINT('Ctrl Pts',(-187.21501498129,-13.4133333333333,-29.0047965630701));
#5160=CARTESIAN_POINT('Ctrl Pts',(-186.933065333042,-13.4133333333333,-29.3028503249562));
#5161=CARTESIAN_POINT('Ctrl Pts',(-186.180491772711,-13.4133333333333,-30.0995211820718));
#5162=CARTESIAN_POINT('Ctrl Pts',(-185.07332917873,-13.4133333333333,-30.6070322154946));
#5163=CARTESIAN_POINT('Ctrl Pts',(-183.906948752138,-13.4133333333333,-30.6064145487769));
#5164=CARTESIAN_POINT('Ctrl Pts',(-187.940365928158,-13.08,-28.4265824827234));
#5165=CARTESIAN_POINT('Ctrl Pts',(-187.739881230063,-13.08,-28.8348554254384));
#5166=CARTESIAN_POINT('Ctrl Pts',(-187.480780804172,-13.08,-29.2088609132894));
#5167=CARTESIAN_POINT('Ctrl Pts',(-187.17523427415,-13.08,-29.5319034084838));
#5168=CARTESIAN_POINT('Ctrl Pts',(-186.359657024019,-13.08,-30.394181601881));
#5169=CARTESIAN_POINT('Ctrl Pts',(-185.170008657237,-13.08,-30.9394276049285));
#5170=CARTESIAN_POINT('Ctrl Pts',(-183.90703327911,-13.08,-30.939747871393));
#5171=CARTESIAN_POINT('',(-183.90703327911,-13.08,-30.939747871393));
#5172=CARTESIAN_POINT('',(-183.90703327911,-13.08,-30.939747871393));
#5173=CARTESIAN_POINT('Ctrl Pts',(-187.940365928158,-13.08,-28.4265824827234));
#5174=CARTESIAN_POINT('Ctrl Pts',(-187.739881230063,-13.08,-28.8348554254384));
#5175=CARTESIAN_POINT('Ctrl Pts',(-187.480780804172,-13.08,-29.2088609132894));
#5176=CARTESIAN_POINT('Ctrl Pts',(-187.17523427415,-13.08,-29.5319034084838));
#5177=CARTESIAN_POINT('Ctrl Pts',(-186.359657024019,-13.08,-30.394181601881));
#5178=CARTESIAN_POINT('Ctrl Pts',(-185.170008657237,-13.08,-30.9394276049285));
#5179=CARTESIAN_POINT('Ctrl Pts',(-183.90703327911,-13.08,-30.939747871393));
#5180=CARTESIAN_POINT('Origin',(-169.719056059944,-13.58,-30.4397479922038));
#5181=CARTESIAN_POINT('',(-170.666720152536,-13.08,-30.9397479841345));
#5182=CARTESIAN_POINT('',(-170.666720152536,-13.08,-30.9397479841345));
#5183=CARTESIAN_POINT('',(-169.719056064202,-13.08,-30.9397479922038));
#5184=CARTESIAN_POINT('Ctrl Pts',(-167.959118472363,-13.08,-31.9954496030114));
#5185=CARTESIAN_POINT('Ctrl Pts',(-168.690951216621,-13.08,-31.3224500165597));
#5186=CARTESIAN_POINT('Ctrl Pts',(-169.672482953004,-13.08,-30.9397479926004));
#5187=CARTESIAN_POINT('Ctrl Pts',(-170.666720152536,-13.08,-30.9397479841345));
#5188=CARTESIAN_POINT('Ctrl Pts',(-167.733484996177,-13.4133333333333,-31.7500914045845));
#5189=CARTESIAN_POINT('Ctrl Pts',(-168.526303802457,-13.4133333333333,-31.0210085192621));
#5190=CARTESIAN_POINT('Ctrl Pts',(-169.589629850204,-13.4133333333333,-30.6064146599726));
#5191=CARTESIAN_POINT('Ctrl Pts',(-170.666720149697,-13.4133333333333,-30.6064146508011));
#5192=CARTESIAN_POINT('Ctrl Pts',(-167.507851519991,-13.7466666666666,-31.5047332061576));
#5193=CARTESIAN_POINT('Ctrl Pts',(-168.361656388292,-13.7466666666666,-30.7195670219644));
#5194=CARTESIAN_POINT('Ctrl Pts',(-169.506776747405,-13.7466666666666,-30.2730813273447));
#5195=CARTESIAN_POINT('Ctrl Pts',(-170.666720146859,-13.7466666666666,-30.2730813174678));
#5196=CARTESIAN_POINT('Ctrl Pts',(-167.282218043805,-14.08,-31.2593750077306));
#5197=CARTESIAN_POINT('Ctrl Pts',(-168.197008974127,-14.08,-30.4181255246668));
#5198=CARTESIAN_POINT('Ctrl Pts',(-169.423923644606,-14.08,-29.9397479947169));
#5199=CARTESIAN_POINT('Ctrl Pts',(-170.666720144021,-14.08,-29.9397479841345));
#5200=CARTESIAN_POINT('',(-167.959118472363,-13.08,-31.9954496030114));
#5201=CARTESIAN_POINT('Ctrl Pts',(-170.666720152536,-13.08,-30.9397479841345));
#5202=CARTESIAN_POINT('Ctrl Pts',(-169.672482953004,-13.08,-30.9397479926004));
#5203=CARTESIAN_POINT('Ctrl Pts',(-168.690951216621,-13.08,-31.3224500165597));
#5204=CARTESIAN_POINT('Ctrl Pts',(-167.959118472363,-13.08,-31.9954496030114));
#5205=CARTESIAN_POINT('',(-167.959118472363,-13.08,-31.9954496030114));
#5206=CARTESIAN_POINT('Ctrl Pts',(-167.282218043805,-14.08,-31.2593750077306));
#5207=CARTESIAN_POINT('Ctrl Pts',(-166.661711822399,-14.08,-31.829997781408));
#5208=CARTESIAN_POINT('Ctrl Pts',(-165.798416669262,-14.08,-32.1900551939364));
#5209=CARTESIAN_POINT('Ctrl Pts',(-164.9057039931,-14.08,-32.189931981035));
#5210=CARTESIAN_POINT('Ctrl Pts',(-167.507851519991,-13.7466666666666,-31.5047332061576));
#5211=CARTESIAN_POINT('Ctrl Pts',(-166.826587396988,-13.7466666666666,-32.1312294604478));
#5212=CARTESIAN_POINT('Ctrl Pts',(-165.886134602608,-13.7466666666666,-32.5234006373424));
#5213=CARTESIAN_POINT('Ctrl Pts',(-164.905657986173,-13.7466666666666,-32.5232653111934));
#5214=CARTESIAN_POINT('Ctrl Pts',(-167.733484996177,-13.4133333333333,-31.7500914045845));
#5215=CARTESIAN_POINT('Ctrl Pts',(-166.991462971578,-13.4133333333333,-32.4324611394876));
#5216=CARTESIAN_POINT('Ctrl Pts',(-165.973852535954,-13.4133333333333,-32.8567460807484));
#5217=CARTESIAN_POINT('Ctrl Pts',(-164.905611979246,-13.4133333333333,-32.8565986413517));
#5218=CARTESIAN_POINT('Ctrl Pts',(-167.959118472363,-13.08,-31.9954496030114));
#5219=CARTESIAN_POINT('Ctrl Pts',(-167.156338546167,-13.08,-32.7336928185275));
#5220=CARTESIAN_POINT('Ctrl Pts',(-166.0615704693,-13.08,-33.1900915241544));
#5221=CARTESIAN_POINT('Ctrl Pts',(-164.905565972319,-13.08,-33.1899319715101));
#5222=CARTESIAN_POINT('',(-164.905565972319,-13.08,-33.1899319715101));
#5223=CARTESIAN_POINT('',(-164.905565972319,-13.08,-33.1899319715101));
#5224=CARTESIAN_POINT('Ctrl Pts',(-167.959118472363,-13.08,-31.9954496030114));
#5225=CARTESIAN_POINT('Ctrl Pts',(-167.156338546167,-13.08,-32.7336928185275));
#5226=CARTESIAN_POINT('Ctrl Pts',(-166.0615704693,-13.08,-33.1900915241544));
#5227=CARTESIAN_POINT('Ctrl Pts',(-164.905565972319,-13.08,-33.1899319715101));
#5228=CARTESIAN_POINT('Origin',(-160.218322070175,-13.58,-32.6899319449375));
#5229=CARTESIAN_POINT('',(-147.904870480565,-13.08,-33.189931875131));
#5230=CARTESIAN_POINT('',(-147.904870480565,-13.08,-33.189931875131));
#5231=CARTESIAN_POINT('',(-160.21832206734,-13.08,-33.1899319449375));
#5232=CARTESIAN_POINT('Ctrl Pts',(-147.905120349285,-14.08,-32.1899319063482));
#5233=CARTESIAN_POINT('Ctrl Pts',(-147.014486364541,-14.08,-32.189709364767));
#5234=CARTESIAN_POINT('Ctrl Pts',(-146.146916124412,-14.08,-31.8282214099939));
#5235=CARTESIAN_POINT('Ctrl Pts',(-145.532788606045,-14.08,-31.2624382860847));
#5236=CARTESIAN_POINT('Ctrl Pts',(-147.905037059712,-13.7466666666666,-32.5232652292758));
#5237=CARTESIAN_POINT('Ctrl Pts',(-146.92660580308,-13.7466666666666,-32.5230207499019));
#5238=CARTESIAN_POINT('Ctrl Pts',(-145.982477002679,-13.7466666666666,-32.1299569012282));
#5239=CARTESIAN_POINT('Ctrl Pts',(-145.306933258846,-13.7466666666666,-31.5075922647447));
#5240=CARTESIAN_POINT('Ctrl Pts',(-147.904953770138,-13.4133333333333,-32.8565985522034));
#5241=CARTESIAN_POINT('Ctrl Pts',(-146.83872524162,-13.4133333333333,-32.8563321350369));
#5242=CARTESIAN_POINT('Ctrl Pts',(-145.818037880945,-13.4133333333333,-32.4316923924625));
#5243=CARTESIAN_POINT('Ctrl Pts',(-145.081077911647,-13.4133333333333,-31.7527462434047));
#5244=CARTESIAN_POINT('Ctrl Pts',(-147.904870480565,-13.08,-33.189931875131));
#5245=CARTESIAN_POINT('Ctrl Pts',(-146.750844680159,-13.08,-33.1896435201718));
#5246=CARTESIAN_POINT('Ctrl Pts',(-145.653598759212,-13.08,-32.7334278836968));
#5247=CARTESIAN_POINT('Ctrl Pts',(-144.855222564449,-13.08,-31.9979002220647));
#5248=CARTESIAN_POINT('',(-144.855222564449,-13.08,-31.9979002220647));
#5249=CARTESIAN_POINT('',(-144.855222564449,-13.08,-31.9979002220647));
#5250=CARTESIAN_POINT('Ctrl Pts',(-147.904870480565,-13.08,-33.189931875131));
#5251=CARTESIAN_POINT('Ctrl Pts',(-146.750844680159,-13.08,-33.1896435201718));
#5252=CARTESIAN_POINT('Ctrl Pts',(-145.653598759212,-13.08,-32.7334278836968));
#5253=CARTESIAN_POINT('Ctrl Pts',(-144.855222564449,-13.08,-31.9979002220647));
#5254=CARTESIAN_POINT('Ctrl Pts',(-142.144958426641,-13.08,-30.9397479659848));
#5255=CARTESIAN_POINT('Ctrl Pts',(-143.14041220681,-13.08,-30.9397479730967));
#5256=CARTESIAN_POINT('Ctrl Pts',(-144.123104200107,-13.08,-31.3234145446436));
#5257=CARTESIAN_POINT('Ctrl Pts',(-144.855222564449,-13.08,-31.9979002220647));
#5258=CARTESIAN_POINT('Ctrl Pts',(-142.144958429022,-13.4133333333333,-30.6064146326515));
#5259=CARTESIAN_POINT('Ctrl Pts',(-143.223366690872,-13.4133333333333,-30.606414640356));
#5260=CARTESIAN_POINT('Ctrl Pts',(-144.287949683611,-13.4133333333333,-31.0220534261986));
#5261=CARTESIAN_POINT('Ctrl Pts',(-145.081077911647,-13.4133333333333,-31.7527462434047));
#5262=CARTESIAN_POINT('Ctrl Pts',(-142.144958431404,-13.7466666666666,-30.2730812993182));
#5263=CARTESIAN_POINT('Ctrl Pts',(-143.306321174934,-13.7466666666666,-30.2730813076153));
#5264=CARTESIAN_POINT('Ctrl Pts',(-144.452795167114,-13.7466666666666,-30.7206923077536));
#5265=CARTESIAN_POINT('Ctrl Pts',(-145.306933258846,-13.7466666666666,-31.5075922647447));
#5266=CARTESIAN_POINT('Ctrl Pts',(-142.144958433785,-14.08,-29.9397479659848));
#5267=CARTESIAN_POINT('Ctrl Pts',(-143.389275658996,-14.08,-29.9397479748747));
#5268=CARTESIAN_POINT('Ctrl Pts',(-144.617640650618,-14.08,-30.4193311893086));
#5269=CARTESIAN_POINT('Ctrl Pts',(-145.532788606045,-14.08,-31.2624382860847));
#5270=CARTESIAN_POINT('',(-142.144958426641,-13.08,-30.9397479659848));
#5271=CARTESIAN_POINT('Ctrl Pts',(-144.855222564449,-13.08,-31.9979002220647));
#5272=CARTESIAN_POINT('Ctrl Pts',(-144.123104200107,-13.08,-31.3234145446436));
#5273=CARTESIAN_POINT('Ctrl Pts',(-143.14041220681,-13.08,-30.9397479730967));
#5274=CARTESIAN_POINT('Ctrl Pts',(-142.144958426641,-13.08,-30.9397479659848));
#5275=CARTESIAN_POINT('',(-142.144958426641,-13.08,-30.9397479659848));
#5276=CARTESIAN_POINT('Origin',(-149.771671106638,-13.58,-30.4397480204727));
#5277=CARTESIAN_POINT('',(-128.90491063178,-13.08,-30.9397478713933));
#5278=CARTESIAN_POINT('',(-128.90491063178,-13.08,-30.9397478713933));
#5279=CARTESIAN_POINT('',(-149.771671103065,-13.08,-30.9397480204727));
#5280=CARTESIAN_POINT('Ctrl Pts',(-128.905164212697,-14.08,-29.9397479035449));
#5281=CARTESIAN_POINT('Ctrl Pts',(-127.99903231134,-14.08,-29.9395181257793));
#5282=CARTESIAN_POINT('Ctrl Pts',(-127.116744930011,-14.08,-29.5649464103518));
#5283=CARTESIAN_POINT('Ctrl Pts',(-126.501012883935,-14.08,-28.9825428845608));
#5284=CARTESIAN_POINT('Ctrl Pts',(-126.475815359949,-14.08,-28.9587092593587));
#5285=CARTESIAN_POINT('Ctrl Pts',(-126.45098993198,-14.08,-28.9345269790728));
#5286=CARTESIAN_POINT('Ctrl Pts',(-126.42654083463,-14.08,-28.9099996138945));
#5287=CARTESIAN_POINT('Ctrl Pts',(-128.905079685724,-13.7466666666666,-30.2730812261611));
#5288=CARTESIAN_POINT('Ctrl Pts',(-127.909064781231,-13.7466666666666,-30.2720260722933));
#5289=CARTESIAN_POINT('Ctrl Pts',(-126.949628947991,-13.7466666666666,-29.8648330044047));
#5290=CARTESIAN_POINT('Ctrl Pts',(-126.271955753304,-13.7466666666666,-29.2247079976927));
#5291=CARTESIAN_POINT('Ctrl Pts',(-126.244388912512,-13.7466666666666,-29.1986333048878));
#5292=CARTESIAN_POINT('Ctrl Pts',(-126.217222425495,-13.7466666666666,-29.1721707921128));
#5293=CARTESIAN_POINT('Ctrl Pts',(-126.190462206915,-13.7466666666666,-29.145324905029));
#5294=CARTESIAN_POINT('Ctrl Pts',(-128.904995158752,-13.4133333333333,-30.6064145487772));
#5295=CARTESIAN_POINT('Ctrl Pts',(-127.82077861255,-13.4133333333333,-30.6069421956296));
#5296=CARTESIAN_POINT('Ctrl Pts',(-126.782543967727,-13.4133333333333,-30.1673496205915));
#5297=CARTESIAN_POINT('Ctrl Pts',(-126.042898622674,-13.4133333333333,-29.4668731108247));
#5298=CARTESIAN_POINT('Ctrl Pts',(-126.012962465419,-13.4133333333333,-29.4385573443065));
#5299=CARTESIAN_POINT('Ctrl Pts',(-125.983454919421,-13.4133333333333,-29.4098145990111));
#5300=CARTESIAN_POINT('Ctrl Pts',(-125.9543835792,-13.4133333333333,-29.3806501961635));
#5301=CARTESIAN_POINT('Ctrl Pts',(-128.90491063178,-13.08,-30.9397478713933));
#5302=CARTESIAN_POINT('Ctrl Pts',(-127.730811082441,-13.08,-30.9394501421436));
#5303=CARTESIAN_POINT('Ctrl Pts',(-126.615427985707,-13.08,-30.4672362146445));
#5304=CARTESIAN_POINT('Ctrl Pts',(-125.813841492043,-13.08,-29.7090382239567));
#5305=CARTESIAN_POINT('Ctrl Pts',(-125.781536017983,-13.08,-29.6784813898357));
#5306=CARTESIAN_POINT('Ctrl Pts',(-125.749687412935,-13.08,-29.647458412051));
#5307=CARTESIAN_POINT('Ctrl Pts',(-125.718304951486,-13.08,-29.6159754872979));
#5308=CARTESIAN_POINT('',(-125.718304951486,-13.08,-29.6159754872981));
#5309=CARTESIAN_POINT('',(-125.718304951486,-13.08,-29.6159754872981));
#5310=CARTESIAN_POINT('Ctrl Pts',(-128.90491063178,-13.08,-30.9397478713933));
#5311=CARTESIAN_POINT('Ctrl Pts',(-127.730811082441,-13.08,-30.9394501421436));
#5312=CARTESIAN_POINT('Ctrl Pts',(-126.615427985707,-13.08,-30.4672362146445));
#5313=CARTESIAN_POINT('Ctrl Pts',(-125.813841492043,-13.08,-29.7090382239567));
#5314=CARTESIAN_POINT('Ctrl Pts',(-125.781536017983,-13.08,-29.6784813898357));
#5315=CARTESIAN_POINT('Ctrl Pts',(-125.749687412935,-13.08,-29.647458412051));
#5316=CARTESIAN_POINT('Ctrl Pts',(-125.718304951486,-13.08,-29.6159754872979));
#5317=CARTESIAN_POINT('Ctrl Pts',(-122.885361457288,-13.08,-28.4398789809128));
#5318=CARTESIAN_POINT('Ctrl Pts',(-123.938064115645,-13.08,-28.4398789910123));
#5319=CARTESIAN_POINT('Ctrl Pts',(-124.975122272818,-13.08,-28.870413690369));
#5320=CARTESIAN_POINT('Ctrl Pts',(-125.718304951486,-13.08,-29.6159754872981));
#5321=CARTESIAN_POINT('Ctrl Pts',(-122.885361460486,-13.4133333333333,-28.1065456475795));
#5322=CARTESIAN_POINT('Ctrl Pts',(-124.025789340373,-13.4133333333333,-28.1065456585206));
#5323=CARTESIAN_POINT('Ctrl Pts',(-125.149269010644,-13.4133333333333,-28.5729582494905));
#5324=CARTESIAN_POINT('Ctrl Pts',(-125.954383579201,-13.4133333333333,-29.3806501961635));
#5325=CARTESIAN_POINT('Ctrl Pts',(-122.885361463684,-13.7466666666666,-27.7732123142461));
#5326=CARTESIAN_POINT('Ctrl Pts',(-124.113514565101,-13.7466666666666,-27.7732123260289));
#5327=CARTESIAN_POINT('Ctrl Pts',(-125.323415748469,-13.7466666666666,-28.2755028086121));
#5328=CARTESIAN_POINT('Ctrl Pts',(-126.190462206915,-13.7466666666666,-29.145324905029));
#5329=CARTESIAN_POINT('Ctrl Pts',(-122.885361466882,-14.08,-27.4398789809128));
#5330=CARTESIAN_POINT('Ctrl Pts',(-124.201239789828,-14.08,-27.4398789935372));
#5331=CARTESIAN_POINT('Ctrl Pts',(-125.497562486295,-14.08,-27.9780473677336));
#5332=CARTESIAN_POINT('Ctrl Pts',(-126.426540834629,-14.08,-28.9099996138944));
#5333=CARTESIAN_POINT('',(-122.885361457288,-13.08,-28.4398789809128));
#5334=CARTESIAN_POINT('Ctrl Pts',(-125.718304951486,-13.08,-29.6159754872981));
#5335=CARTESIAN_POINT('Ctrl Pts',(-124.975122272818,-13.08,-28.870413690369));
#5336=CARTESIAN_POINT('Ctrl Pts',(-123.938064115645,-13.08,-28.4398789910123));
#5337=CARTESIAN_POINT('Ctrl Pts',(-122.885361457288,-13.08,-28.4398789809128));
#5338=CARTESIAN_POINT('',(-122.885361457288,-13.08,-28.4398789809128));
#5339=CARTESIAN_POINT('Origin',(-140.202970746128,-13.58,-27.9398791470562));
#5340=CARTESIAN_POINT('',(-109.904908058735,-13.08,-28.4398788563796));
#5341=CARTESIAN_POINT('',(-109.904908058735,-13.08,-28.4398788563796));
#5342=CARTESIAN_POINT('',(-140.202970741332,-13.08,-28.4398791470562));
#5343=CARTESIAN_POINT('Ctrl Pts',(-109.905176032913,-14.08,-27.4398788922847));
#5344=CARTESIAN_POINT('Ctrl Pts',(-109.014618601944,-14.08,-27.4396402458807));
#5345=CARTESIAN_POINT('Ctrl Pts',(-108.146995938144,-14.08,-27.0781387291538));
#5346=CARTESIAN_POINT('Ctrl Pts',(-107.532929768221,-14.08,-26.5124063941267));
#5347=CARTESIAN_POINT('Ctrl Pts',(-109.905086708187,-13.7466666666666,-27.7732122136497));
#5348=CARTESIAN_POINT('Ctrl Pts',(-108.926731384639,-13.7466666666666,-27.7729500396767));
#5349=CARTESIAN_POINT('Ctrl Pts',(-107.982561692885,-13.7466666666666,-27.3798792861435));
#5350=CARTESIAN_POINT('Ctrl Pts',(-107.307073183623,-13.7466666666666,-26.7575592327907));
#5351=CARTESIAN_POINT('Ctrl Pts',(-109.904997383461,-13.4133333333333,-28.1065455350147));
#5352=CARTESIAN_POINT('Ctrl Pts',(-108.838844167334,-13.4133333333333,-28.1062598334727));
#5353=CARTESIAN_POINT('Ctrl Pts',(-107.818127447626,-13.4133333333333,-27.6816198431332));
#5354=CARTESIAN_POINT('Ctrl Pts',(-107.081216599025,-13.4133333333333,-27.0027120714546));
#5355=CARTESIAN_POINT('Ctrl Pts',(-109.904908058735,-13.08,-28.4398788563796));
#5356=CARTESIAN_POINT('Ctrl Pts',(-108.750956950029,-13.08,-28.4395696272688));
#5357=CARTESIAN_POINT('Ctrl Pts',(-107.653693202368,-13.08,-27.983360400123));
#5358=CARTESIAN_POINT('Ctrl Pts',(-106.855360014428,-13.08,-27.2478649101185));
#5359=CARTESIAN_POINT('',(-106.855360014428,-13.08,-27.2478649101185));
#5360=CARTESIAN_POINT('',(-106.855360014428,-13.08,-27.2478649101185));
#5361=CARTESIAN_POINT('Ctrl Pts',(-109.904908058735,-13.08,-28.4398788563796));
#5362=CARTESIAN_POINT('Ctrl Pts',(-108.750956950029,-13.08,-28.4395696272688));
#5363=CARTESIAN_POINT('Ctrl Pts',(-107.653693202368,-13.08,-27.983360400123));
#5364=CARTESIAN_POINT('Ctrl Pts',(-106.855360014428,-13.08,-27.2478649101185));
#5365=CARTESIAN_POINT('Ctrl Pts',(-104.145081021027,-13.08,-26.1896989740855));
#5366=CARTESIAN_POINT('Ctrl Pts',(-105.14054159139,-13.08,-26.1896989795038));
#5367=CARTESIAN_POINT('Ctrl Pts',(-106.12324006062,-13.08,-26.5733709365471));
#5368=CARTESIAN_POINT('Ctrl Pts',(-106.855360014428,-13.08,-27.2478649101185));
#5369=CARTESIAN_POINT('Ctrl Pts',(-104.145081022842,-13.4133333333333,-25.8563656407522));
#5370=CARTESIAN_POINT('Ctrl Pts',(-105.223496640735,-13.4133333333333,-25.856365646622));
#5371=CARTESIAN_POINT('Ctrl Pts',(-106.288086649067,-13.4133333333333,-26.2720102667521));
#5372=CARTESIAN_POINT('Ctrl Pts',(-107.081216599025,-13.4133333333333,-27.0027120714546));
#5373=CARTESIAN_POINT('Ctrl Pts',(-104.145081024656,-13.7466666666666,-25.5230323074188));
#5374=CARTESIAN_POINT('Ctrl Pts',(-105.306451690079,-13.7466666666666,-25.5230323137401));
#5375=CARTESIAN_POINT('Ctrl Pts',(-106.452933237514,-13.7466666666666,-25.9706495969571));
#5376=CARTESIAN_POINT('Ctrl Pts',(-107.307073183623,-13.7466666666666,-26.7575592327907));
#5377=CARTESIAN_POINT('Ctrl Pts',(-104.14508102647,-14.08,-25.1896989740855));
#5378=CARTESIAN_POINT('Ctrl Pts',(-105.389406739424,-14.08,-25.1896989808583));
#5379=CARTESIAN_POINT('Ctrl Pts',(-106.617779825961,-14.08,-25.6692889271622));
#5380=CARTESIAN_POINT('Ctrl Pts',(-107.532929768221,-14.08,-26.5124063941268));
#5381=CARTESIAN_POINT('',(-104.145081021027,-13.08,-26.1896989740855));
#5382=CARTESIAN_POINT('Ctrl Pts',(-106.855360014428,-13.08,-27.2478649101185));
#5383=CARTESIAN_POINT('Ctrl Pts',(-106.12324006062,-13.08,-26.5733709365471));
#5384=CARTESIAN_POINT('Ctrl Pts',(-105.14054159139,-13.08,-26.1896989795038));
#5385=CARTESIAN_POINT('Ctrl Pts',(-104.145081021027,-13.08,-26.1896989740855));
#5386=CARTESIAN_POINT('',(-104.145081021027,-13.08,-26.1896989740855));
#5387=CARTESIAN_POINT('Origin',(-130.771733551386,-13.58,-25.6896991190133));
#5388=CARTESIAN_POINT('',(-89.1550585738036,-13.08,-26.1896988924954));
#5389=CARTESIAN_POINT('',(-89.1550585738036,-13.08,-26.1896988924954));
#5390=CARTESIAN_POINT('',(-130.771733548665,-13.08,-26.1896991190133));
#5391=CARTESIAN_POINT('Ctrl Pts',(-89.1552904192144,-14.08,-25.1896989193716));
#5392=CARTESIAN_POINT('Ctrl Pts',(-88.2487609097262,-14.08,-25.1894887446594));
#5393=CARTESIAN_POINT('Ctrl Pts',(-87.3662226312653,-14.08,-24.8146603053561));
#5394=CARTESIAN_POINT('Ctrl Pts',(-86.7503958942973,-14.08,-24.2318631153563));
#5395=CARTESIAN_POINT('Ctrl Pts',(-86.0883437955698,-14.08,-23.6053198368498));
#5396=CARTESIAN_POINT('Ctrl Pts',(-85.6563114275718,-14.08,-22.6655346697987));
#5397=CARTESIAN_POINT('Ctrl Pts',(-85.6561030239693,-14.08,-21.6904671977776));
#5398=CARTESIAN_POINT('Ctrl Pts',(-89.1552131374108,-13.7466666666667,-25.5230322437462));
#5399=CARTESIAN_POINT('Ctrl Pts',(-88.1587681878381,-13.7466666666666,-25.5219992398418));
#5400=CARTESIAN_POINT('Ctrl Pts',(-87.1990469861882,-13.7466666666667,-25.1145221007069));
#5401=CARTESIAN_POINT('Ctrl Pts',(-86.5212756718859,-13.7466666666667,-24.4739685361821));
#5402=CARTESIAN_POINT('Ctrl Pts',(-85.7936569354368,-13.7466666666667,-23.784425617161));
#5403=CARTESIAN_POINT('Ctrl Pts',(-85.3239122197354,-13.7466666666667,-22.7621788936691));
#5404=CARTESIAN_POINT('Ctrl Pts',(-85.3227696982496,-13.7466666666667,-21.6905384419406));
#5405=CARTESIAN_POINT('Ctrl Pts',(-89.1551358556072,-13.4133333333333,-25.8563655681208));
#5406=CARTESIAN_POINT('Ctrl Pts',(-88.0704607723329,-13.4133333333333,-25.8569160738832));
#5407=CARTESIAN_POINT('Ctrl Pts',(-87.0319048989608,-13.4133333333333,-25.4170131668467));
#5408=CARTESIAN_POINT('Ctrl Pts',(-86.2921554494744,-13.4133333333333,-24.7160739570079));
#5409=CARTESIAN_POINT('Ctrl Pts',(-85.4959894747824,-13.4133333333333,-23.9635595658998));
#5410=CARTESIAN_POINT('Ctrl Pts',(-84.9887721241033,-13.4133333333333,-22.8566872840916));
#5411=CARTESIAN_POINT('Ctrl Pts',(-84.9894363725299,-13.4133333333333,-21.6906096861036));
#5412=CARTESIAN_POINT('Ctrl Pts',(-89.1550585738036,-13.08,-26.1896988924954));
#5413=CARTESIAN_POINT('Ctrl Pts',(-87.9804680504448,-13.08,-26.1894265690657));
#5414=CARTESIAN_POINT('Ctrl Pts',(-86.8647292538837,-13.08,-25.7168749621975));
#5415=CARTESIAN_POINT('Ctrl Pts',(-86.063035227063,-13.08,-24.9581793778337));
#5416=CARTESIAN_POINT('Ctrl Pts',(-85.2013026146494,-13.08,-24.142665346211));
#5417=CARTESIAN_POINT('Ctrl Pts',(-84.6563729162669,-13.08,-22.953331507962));
#5418=CARTESIAN_POINT('Ctrl Pts',(-84.6561030468101,-13.08,-21.6906809302666));
#5419=CARTESIAN_POINT('',(-84.6561030468101,-13.08,-21.6906809302666));
#5420=CARTESIAN_POINT('',(-84.6561030468101,-13.08,-21.6906809302666));
#5421=CARTESIAN_POINT('Ctrl Pts',(-89.1550585738036,-13.08,-26.1896988924954));
#5422=CARTESIAN_POINT('Ctrl Pts',(-87.9804680504448,-13.08,-26.1894265690657));
#5423=CARTESIAN_POINT('Ctrl Pts',(-86.8647292538837,-13.08,-25.7168749621975));
#5424=CARTESIAN_POINT('Ctrl Pts',(-86.063035227063,-13.08,-24.9581793778337));
#5425=CARTESIAN_POINT('Ctrl Pts',(-85.2013026146494,-13.08,-24.142665346211));
#5426=CARTESIAN_POINT('Ctrl Pts',(-84.6563729162669,-13.08,-22.953331507962));
#5427=CARTESIAN_POINT('Ctrl Pts',(-84.6561030468101,-13.08,-21.6906809302666));
#5428=CARTESIAN_POINT('Origin',(-85.156103238032,-13.58,-2.55011256931537));
#5429=CARTESIAN_POINT('',(-84.656103238032,-13.08,-2.55011256432017));
#5430=CARTESIAN_POINT('Ctrl Pts',(-187.940365928158,-13.08,-28.4265824827234));
#5431=CARTESIAN_POINT('Ctrl Pts',(-187.940365928158,-9.0533333333333,-28.4265824827234));
#5432=CARTESIAN_POINT('Ctrl Pts',(-187.940365928158,-5.02666666666664,-28.4265824827234));
#5433=CARTESIAN_POINT('Ctrl Pts',(-187.940365928158,-0.999999999999969,
-28.4265824827234));
#5434=CARTESIAN_POINT('Ctrl Pts',(-188.314593231446,-13.08,-27.6644949827293));
#5435=CARTESIAN_POINT('Ctrl Pts',(-188.314593231446,-9.0533333333333,-27.6644949827293));
#5436=CARTESIAN_POINT('Ctrl Pts',(-188.314593231446,-5.02666666666663,-27.6644949827293));
#5437=CARTESIAN_POINT('Ctrl Pts',(-188.314593231446,-0.999999999999969,
-27.6644949827293));
#5438=CARTESIAN_POINT('Ctrl Pts',(-189.407563906974,-13.08,-26.5506428721161));
#5439=CARTESIAN_POINT('Ctrl Pts',(-189.407563906974,-9.0533333333333,-26.5506428721161));
#5440=CARTESIAN_POINT('Ctrl Pts',(-189.407563906974,-5.02666666666665,-26.5506428721161));
#5441=CARTESIAN_POINT('Ctrl Pts',(-189.407563906974,-0.99999999999997,-26.5506428721161));
#5442=CARTESIAN_POINT('Ctrl Pts',(-190.894068404105,-13.08,-26.1896989978835));
#5443=CARTESIAN_POINT('Ctrl Pts',(-190.894068404105,-9.0533333333333,-26.1896989978835));
#5444=CARTESIAN_POINT('Ctrl Pts',(-190.894068404105,-5.02666666666663,-26.1896989978835));
#5445=CARTESIAN_POINT('Ctrl Pts',(-190.894068404105,-0.99999999999997,-26.1896989978835));
#5446=CARTESIAN_POINT('Ctrl Pts',(-191.530828312232,-13.08,-26.189698997342));
#5447=CARTESIAN_POINT('Ctrl Pts',(-191.530828312232,-9.05333333333331,-26.189698997342));
#5448=CARTESIAN_POINT('Ctrl Pts',(-191.530828312232,-5.02666666666664,-26.189698997342));
#5449=CARTESIAN_POINT('Ctrl Pts',(-191.530828312232,-0.99999999999997,-26.189698997342));
#5450=CARTESIAN_POINT('',(-191.530828312232,-0.99999999999997,-26.189698997342));
#5451=CARTESIAN_POINT('Ctrl Pts',(-191.530828312232,-13.08,-26.189698997342));
#5452=CARTESIAN_POINT('Ctrl Pts',(-191.530828312232,-9.05333333333331,-26.189698997342));
#5453=CARTESIAN_POINT('Ctrl Pts',(-191.530828312232,-5.02666666666664,-26.189698997342));
#5454=CARTESIAN_POINT('Ctrl Pts',(-191.530828312232,-0.99999999999997,-26.189698997342));
#5455=CARTESIAN_POINT('',(-187.940365928158,-0.999999999999969,-28.4265824827234));
#5456=CARTESIAN_POINT('Ctrl Pts',(-187.940365928158,-0.999999999999969,
-28.4265824827234));
#5457=CARTESIAN_POINT('Ctrl Pts',(-188.221025188028,-0.999999999999969,
-27.8550397015717));
#5458=CARTESIAN_POINT('Ctrl Pts',(-189.200226165484,-0.99999999999997,-26.6798508277499));
#5459=CARTESIAN_POINT('Ctrl Pts',(-190.681849034027,-0.99999999999997,-26.189698998064));
#5460=CARTESIAN_POINT('Ctrl Pts',(-191.530828312232,-0.99999999999997,-26.189698997342));
#5461=CARTESIAN_POINT('Ctrl Pts',(-187.940365928158,-0.999999999999969,
-28.4265824827234));
#5462=CARTESIAN_POINT('Ctrl Pts',(-187.940365928158,-5.02666666666664,-28.4265824827234));
#5463=CARTESIAN_POINT('Ctrl Pts',(-187.940365928158,-9.0533333333333,-28.4265824827234));
#5464=CARTESIAN_POINT('Ctrl Pts',(-187.940365928158,-13.08,-28.4265824827234));
#5465=CARTESIAN_POINT('Origin',(-221.905396974156,3.37434686236418E-14,
-26.1896989715101));
#5466=CARTESIAN_POINT('',(-221.905396974155,-0.999999999999966,-26.18969897151));
#5467=CARTESIAN_POINT('',(-221.905396974156,3.37434686236418E-14,-26.1896989715101));
#5468=CARTESIAN_POINT('',(-188.718237727555,-0.99999999999997,-26.1896989997339));
#5469=CARTESIAN_POINT('Ctrl Pts',(-226.406030826928,3.13925455454863E-14,
-21.6908449783836));
#5470=CARTESIAN_POINT('Ctrl Pts',(-226.406030826928,-14.08,-21.6908449783836));
#5471=CARTESIAN_POINT('Ctrl Pts',(-226.405732910347,3.21506242488595E-14,
-22.8660833300363));
#5472=CARTESIAN_POINT('Ctrl Pts',(-226.405732910347,-14.08,-22.8660833300363));
#5473=CARTESIAN_POINT('Ctrl Pts',(-225.932596018678,3.28127997843543E-14,
-23.9824181759729));
#5474=CARTESIAN_POINT('Ctrl Pts',(-225.932596018678,-14.08,-23.9824181759729));
#5475=CARTESIAN_POINT('Ctrl Pts',(-225.17316231585,3.32369973916059E-14,
-24.7841893916338));
#5476=CARTESIAN_POINT('Ctrl Pts',(-225.17316231585,-14.08,-24.7841893916338));
#5477=CARTESIAN_POINT('Ctrl Pts',(-224.357322852253,3.36927016184143E-14,
-25.6455109211852));
#5478=CARTESIAN_POINT('Ctrl Pts',(-224.357322852253,-14.08,-25.6455109211853));
#5479=CARTESIAN_POINT('Ctrl Pts',(-223.16787870452,3.3898190447552E-14,
-26.189873219704));
#5480=CARTESIAN_POINT('Ctrl Pts',(-223.16787870452,-14.08,-26.189873219704));
#5481=CARTESIAN_POINT('Ctrl Pts',(-221.905396974156,3.37434686236418E-14,
-26.1896989715101));
#5482=CARTESIAN_POINT('Ctrl Pts',(-221.905396974156,-14.08,-26.1896989715101));
#5483=CARTESIAN_POINT('',(-226.406030826928,-0.999999999999969,-21.6908449783836));
#5484=CARTESIAN_POINT('',(-226.406030826928,3.13925455454863E-14,-21.6908449783836));
#5485=CARTESIAN_POINT('Ctrl Pts',(-221.905396974155,-0.999999999999966,
-26.1896989715101));
#5486=CARTESIAN_POINT('Ctrl Pts',(-223.127906909396,-0.999999999999966,
-26.1898677027822));
#5487=CARTESIAN_POINT('Ctrl Pts',(-224.32774982641,-0.999999999999966,-25.6767326075454));
#5488=CARTESIAN_POINT('Ctrl Pts',(-225.96006660594,-0.999999999999967,-23.9534161366088));
#5489=CARTESIAN_POINT('Ctrl Pts',(-226.405742252715,-0.999999999999968,
-22.8292290224076));
#5490=CARTESIAN_POINT('Ctrl Pts',(-226.406030826928,-0.999999999999969,
-21.6908449783835));
#5491=CARTESIAN_POINT('Origin',(-226.406030926957,-4.248115693243E-15,33.5596930186872));
#5492=CARTESIAN_POINT('',(-226.406030926957,-1.,33.5596930186872));
#5493=CARTESIAN_POINT('',(-226.406030926957,-4.248115693243E-15,33.5596930186872));
#5494=CARTESIAN_POINT('',(-226.406030911596,-0.999999999999999,25.0750739919637));
#5495=CARTESIAN_POINT('Ctrl Pts',(-221.903241138877,-7.70262396860076E-15,
38.0600721136766));
#5496=CARTESIAN_POINT('Ctrl Pts',(-221.903241138877,-14.08,38.0600721136766));
#5497=CARTESIAN_POINT('Ctrl Pts',(-223.076720479773,-7.55941812189513E-15,
38.0608533039078));
#5498=CARTESIAN_POINT('Ctrl Pts',(-223.076720479773,-14.08,38.0608533039078));
#5499=CARTESIAN_POINT('Ctrl Pts',(-224.193203099078,-7.11877095777357E-15,
37.5897171478939));
#5500=CARTESIAN_POINT('Ctrl Pts',(-224.193203099078,-14.08,37.5897171478939));
#5501=CARTESIAN_POINT('Ctrl Pts',(-224.99556138388,-6.53177849539154E-15,
36.8320796597374));
#5502=CARTESIAN_POINT('Ctrl Pts',(-224.99556138388,-14.08,36.8320796597374));
#5503=CARTESIAN_POINT('Ctrl Pts',(-225.860156545128,-5.89925453162398E-15,
36.0156741727523));
#5504=CARTESIAN_POINT('Ctrl Pts',(-225.860156545128,-14.08,36.0156741727523));
#5505=CARTESIAN_POINT('Ctrl Pts',(-226.406205411422,-5.06368995357519E-15,
34.8240381705984));
#5506=CARTESIAN_POINT('Ctrl Pts',(-226.406205411422,-14.08,34.8240381705984));
#5507=CARTESIAN_POINT('Ctrl Pts',(-226.406030926957,-4.248115693243E-15,
33.5596930186872));
#5508=CARTESIAN_POINT('Ctrl Pts',(-226.406030926957,-14.08,33.5596930186872));
#5509=CARTESIAN_POINT('',(-221.903241138877,-1.00000000000001,38.0600721136766));
#5510=CARTESIAN_POINT('',(-221.903241138877,-7.70262396860076E-15,38.0600721136766));
#5511=CARTESIAN_POINT('Ctrl Pts',(-226.406030926957,-1.,33.5596930186872));
#5512=CARTESIAN_POINT('Ctrl Pts',(-226.406205411422,-1.00000000000001,34.8240381705984));
#5513=CARTESIAN_POINT('Ctrl Pts',(-225.860156545128,-1.00000000000001,36.0156741727523));
#5514=CARTESIAN_POINT('Ctrl Pts',(-224.99556138388,-1.00000000000001,36.8320796597374));
#5515=CARTESIAN_POINT('Ctrl Pts',(-224.193203099078,-1.00000000000001,37.5897171478939));
#5516=CARTESIAN_POINT('Ctrl Pts',(-223.076720479773,-1.00000000000001,38.0608533039078));
#5517=CARTESIAN_POINT('Ctrl Pts',(-221.903241138877,-1.00000000000001,38.0600721136766));
#5518=CARTESIAN_POINT('Origin',(-168.69300473022,-1.42189991103188E-14,
38.0600730000004));
#5519=CARTESIAN_POINT('',(-170.726634080142,-1.00000000000001,38.0600729661262));
#5520=CARTESIAN_POINT('',(-170.726634080142,-1.3969951321064E-14,38.0600729661262));
#5521=CARTESIAN_POINT('',(-162.112041766206,-1.00000000000002,38.0600731096197));
#5522=CARTESIAN_POINT('Origin',(-170.72663414677,-1.65502455538668E-14,
42.0600729661262));
#5523=CARTESIAN_POINT('',(-167.494747151515,-2.36865548665569,39.703188062296));
#5524=CARTESIAN_POINT('',(-167.494747151515,-1.54256734242702E-14,39.703188062296));
#5525=CARTESIAN_POINT('',(-168.451496927409,-1.43143292175033,38.7701260618314));
#5526=CARTESIAN_POINT('Ctrl Pts',(-168.451496927409,-1.43143292175034,38.7701260618314));
#5527=CARTESIAN_POINT('Ctrl Pts',(-168.086297007956,-1.75172225129199,39.0226772285907));
#5528=CARTESIAN_POINT('Ctrl Pts',(-167.76182224245,-2.0692920707044,39.3369603726266));
#5529=CARTESIAN_POINT('Ctrl Pts',(-167.494747151515,-2.36865548665568,39.703188062296));
#5530=CARTESIAN_POINT('',(-169.731829729364,-1.00000000000001,38.1857518422248));
#5531=CARTESIAN_POINT('Ctrl Pts',(-169.731829729364,-1.00000000000001,38.1857518422248));
#5532=CARTESIAN_POINT('Ctrl Pts',(-169.256159760789,-0.999999999999932,
38.3078890040225));
#5533=CARTESIAN_POINT('Ctrl Pts',(-168.801346858922,-1.12460590992609,38.528190059966));
#5534=CARTESIAN_POINT('Ctrl Pts',(-168.451496927409,-1.43143292175033,38.7701260618314));
#5535=CARTESIAN_POINT('Origin',(-170.72663414677,-1.00000000000002,42.0600729661262));
#5536=CARTESIAN_POINT('Origin',(-158.578438578958,-2.4404611443091E-14,
51.9297086168196));
#5537=CARTESIAN_POINT('',(-158.90989976483,-5.88000000000045,51.4751912603252));
#5538=CARTESIAN_POINT('',(-158.90989976483,-2.40708220257141E-14,51.4751912603252));
#5539=CARTESIAN_POINT('',(-159.150209124588,-5.88000000000012,51.1456661768654));
#5540=CARTESIAN_POINT('',(-151.596772079381,-5.8800000000002,61.5033441933892));
#5541=CARTESIAN_POINT('Origin',(-159.150209124586,24.4347640124279,51.1456661768676));
#5542=CARTESIAN_POINT('Origin',(-157.293956267202,-2.35085359609158E-14,
50.29674880841));
#5543=CARTESIAN_POINT('',(-158.058638616076,-5.88000000000046,52.1447912606609));
#5544=CARTESIAN_POINT('',(-158.058638616076,-2.46070127059738E-14,52.1447912606609));
#5545=CARTESIAN_POINT('Origin',(-157.293956267202,-5.88000000000047,50.29674880841));
#5546=CARTESIAN_POINT('Origin',(-156.696478637297,-2.51374146290988E-14,
52.7084253324024));
#5547=CARTESIAN_POINT('',(-156.940876145245,-5.88000000000046,52.6072986184523));
#5548=CARTESIAN_POINT('',(-156.940876145245,-2.50422503971127E-14,52.6072986184523));
#5549=CARTESIAN_POINT('',(-142.843383863853,-5.8800000000003,58.4405539626834));
#5550=CARTESIAN_POINT('Origin',(-156.176193796372,-2.39437736520547E-14,
50.7592561662014));
#5551=CARTESIAN_POINT('',(-156.434195220033,-5.88000000000047,52.7425451681849));
#5552=CARTESIAN_POINT('',(-156.434195220033,-2.5191544887784E-14,52.7425451681849));
#5553=CARTESIAN_POINT('Origin',(-156.176193796372,-5.88000000000047,50.7592561662014));
#5554=CARTESIAN_POINT('Origin',(-119.738513046172,-3.27648287401212E-14,
57.5162005626391));
#5555=CARTESIAN_POINT('',(-120.53090221676,-5.88000000000049,57.4131205103113));
#5556=CARTESIAN_POINT('',(-120.53090221676,-3.26012948376324E-14,57.4131205103113));
#5557=CARTESIAN_POINT('',(-122.964666615417,-5.88000000000052,57.0965177967976));
#5558=CARTESIAN_POINT('Origin',(-121.046905064083,-3.5096837309091E-14,
61.3796985142783));
#5559=CARTESIAN_POINT('',(-119.046543501376,-5.88000000000057,57.9158056726265));
#5560=CARTESIAN_POINT('',(-119.046543501376,-3.31073452599253E-14,57.9158056726265));
#5561=CARTESIAN_POINT('Origin',(-121.046905064083,-5.88000000000048,61.3796985142783));
#5562=CARTESIAN_POINT('Origin',(-106.115360889256,-3.95081235868986E-14,
65.3834271725128));
#5563=CARTESIAN_POINT('',(-106.115360889256,-5.88000000000072,65.3834271725128));
#5564=CARTESIAN_POINT('',(-106.115360889256,-3.95081235868986E-14,65.3834271725128));
#5565=CARTESIAN_POINT('',(-115.3493341024,-5.88000000000061,60.0509050850733));
#5566=CARTESIAN_POINT('Ctrl Pts',(-98.7135512555796,-3.93358592146646E-14,
63.7111766164526));
#5567=CARTESIAN_POINT('Ctrl Pts',(-98.7135512555796,-14.08,63.7111766164526));
#5568=CARTESIAN_POINT('Ctrl Pts',(-98.7396403624104,-3.93576324979947E-14,
63.7498827098136));
#5569=CARTESIAN_POINT('Ctrl Pts',(-98.7396403624104,-14.08,63.7498827098136));
#5570=CARTESIAN_POINT('Ctrl Pts',(-98.765729469241,-3.93794057813247E-14,
63.7885888031744));
#5571=CARTESIAN_POINT('Ctrl Pts',(-98.765729469241,-14.08,63.7885888031744));
#5572=CARTESIAN_POINT('Ctrl Pts',(-98.7918185760716,-3.94011790646546E-14,
63.8272948965351));
#5573=CARTESIAN_POINT('Ctrl Pts',(-98.7918185760716,-14.08,63.8272948965351));
#5574=CARTESIAN_POINT('Ctrl Pts',(-99.5807066958945,-4.00595643692975E-14,
64.9976982152573));
#5575=CARTESIAN_POINT('Ctrl Pts',(-99.5807066958945,-14.08,64.9976982152573));
#5576=CARTESIAN_POINT('Ctrl Pts',(-100.793367358613,-4.04192966604614E-14,
65.7855779585834));
#5577=CARTESIAN_POINT('Ctrl Pts',(-100.793367358613,-14.08,65.7855779585834));
#5578=CARTESIAN_POINT('Ctrl Pts',(-102.084897052517,-4.04470960839521E-14,
66.0738647610773));
#5579=CARTESIAN_POINT('Ctrl Pts',(-102.084897052517,-14.08,66.0738647610772));
#5580=CARTESIAN_POINT('Ctrl Pts',(-103.416141402904,-4.04757503422635E-14,
66.3710164091752));
#5581=CARTESIAN_POINT('Ctrl Pts',(-103.416141402904,-14.08,66.3710164091752));
#5582=CARTESIAN_POINT('Ctrl Pts',(-104.888207209777,-4.01537516780033E-14,
66.1513165095928));
#5583=CARTESIAN_POINT('Ctrl Pts',(-104.888207209777,-14.08,66.1513165095928));
#5584=CARTESIAN_POINT('Ctrl Pts',(-106.115360889256,-3.95081235868986E-14,
65.3834271725128));
#5585=CARTESIAN_POINT('Ctrl Pts',(-106.115360889256,-14.08,65.3834271725127));
#5586=CARTESIAN_POINT('',(-98.7135512555796,-5.88000000000078,63.7111766164526));
#5587=CARTESIAN_POINT('',(-98.7135512555796,-3.93358592146646E-14,63.7111766164526));
#5588=CARTESIAN_POINT('Ctrl Pts',(-106.115360764471,-5.88000000000071,65.3834269730859));
#5589=CARTESIAN_POINT('Ctrl Pts',(-106.115339863079,-5.88000000000071,65.3834400514808));
#5590=CARTESIAN_POINT('Ctrl Pts',(-106.115318956499,-5.88000000000071,65.3834531331218));
#5591=CARTESIAN_POINT('Ctrl Pts',(-106.084166719387,-5.88000000000072,65.4029456740656));
#5592=CARTESIAN_POINT('Ctrl Pts',(-106.00506781142,-5.88000000000071,65.4511519672183));
#5593=CARTESIAN_POINT('Ctrl Pts',(-105.856362515835,-5.88000000000072,65.5365818387496));
#5594=CARTESIAN_POINT('Ctrl Pts',(-105.584350818995,-5.88000000000072,65.6799381185648));
#5595=CARTESIAN_POINT('Ctrl Pts',(-105.027032455001,-5.88000000000072,65.9233010009024));
#5596=CARTESIAN_POINT('Ctrl Pts',(-104.172057320328,-5.88000000000073,66.1546659420161));
#5597=CARTESIAN_POINT('Ctrl Pts',(-103.132690192046,-5.88000000000074,66.2312834236011));
#5598=CARTESIAN_POINT('Ctrl Pts',(-102.430779335861,-5.88000000000075,66.1487696510587));
#5599=CARTESIAN_POINT('Ctrl Pts',(-101.414611266168,-5.88000000000076,65.9212769980449));
#5600=CARTESIAN_POINT('Ctrl Pts',(-100.466760614594,-5.88000000000077,65.50391373183));
#5601=CARTESIAN_POINT('Ctrl Pts',(-99.5437868097242,-5.88000000000077,64.7392162518629));
#5602=CARTESIAN_POINT('Ctrl Pts',(-99.0895561246222,-5.88000000000078,64.2388808313167));
#5603=CARTESIAN_POINT('Ctrl Pts',(-98.881434875358,-5.88000000000078,63.9602461420328));
#5604=CARTESIAN_POINT('Ctrl Pts',(-98.7620037682385,-5.88000000000078,63.7830516736569));
#5605=CARTESIAN_POINT('Ctrl Pts',(-98.7396382653049,-5.88000000000078,63.7498795985242));
#5606=CARTESIAN_POINT('Ctrl Pts',(-98.7135512555794,-5.88000000000078,63.7111766164523));
#5607=CARTESIAN_POINT('Origin',(-85.4175748551997,-2.60912790264357E-14,
40.6550965056697));
#5608=CARTESIAN_POINT('',(-85.4175748551997,-1.23257741488552,40.6550965056697));
#5609=CARTESIAN_POINT('',(-85.4175748551997,-2.60912790264357E-14,40.6550965056697));
#5610=CARTESIAN_POINT('',(-85.6111482145315,-1.43145197027396,40.9907651881096));
#5611=CARTESIAN_POINT('Origin',(-84.8452023822351,-3.93999999999999,39.6625657435436));
#5612=CARTESIAN_POINT('',(-93.5085438922677,-5.88000000000076,54.6853583439182));
#5613=CARTESIAN_POINT('Origin',(-93.5085436557335,24.4332958208283,54.6853579337527));
#5614=CARTESIAN_POINT('',(-94.2199008515043,-5.88000000000083,55.9188971639069));
#5615=CARTESIAN_POINT('Origin',(-90.3583059755416,-2.3649620007385E-14,
37.8079887073462));
#5616=CARTESIAN_POINT('',(-84.6561036408093,-1.00000000000002,37.7663311442482));
#5617=CARTESIAN_POINT('',(-84.6561036408093,-2.43210661985784E-14,37.7663311442482));
#5618=CARTESIAN_POINT('',(-84.8726446488646,-1.00000000000003,39.3650264807448));
#5619=CARTESIAN_POINT('Origin',(-90.3583059755416,-1.00000000000002,37.8079887073462));
#5620=CARTESIAN_POINT('Ctrl Pts',(-85.4175748551997,-1.23257741488552,40.6550965056697));
#5621=CARTESIAN_POINT('Ctrl Pts',(-85.196614414188,-1.07809507947109,40.2716526023816));
#5622=CARTESIAN_POINT('Ctrl Pts',(-85.0038649546023,-0.99999999999999,39.8273339268184));
#5623=CARTESIAN_POINT('Ctrl Pts',(-84.8726446488646,-0.999999999999989,
39.3650264807448));
#5624=CARTESIAN_POINT('Ctrl Pts',(-156.305194508203,-4.88000000000047,51.7509006671932));
#5625=CARTESIAN_POINT('Ctrl Pts',(-156.436336216835,-4.88000000000047,51.7338407493019));
#5626=CARTESIAN_POINT('Ctrl Pts',(-156.558534970809,-4.88000000000047,51.6832773923269));
#5627=CARTESIAN_POINT('Ctrl Pts',(-156.434195220033,-4.88000000000046,52.7425451681849));
#5628=CARTESIAN_POINT('Ctrl Pts',(-156.696478637297,-4.88000000000046,52.7084253324024));
#5629=CARTESIAN_POINT('Ctrl Pts',(-156.940876145245,-4.88000000000046,52.6072986184523));
#5630=CARTESIAN_POINT('Ctrl Pts',(-156.434195220033,-5.88000000000047,52.7425451681849));
#5631=CARTESIAN_POINT('Ctrl Pts',(-156.696478637297,-5.88000000000047,52.7084253324024));
#5632=CARTESIAN_POINT('Ctrl Pts',(-156.940876145245,-5.88000000000046,52.6072986184523));
#5633=CARTESIAN_POINT('',(-156.558534970809,-4.88000000000014,51.6832773923269));
#5634=CARTESIAN_POINT('Origin',(-156.558534970809,-5.88000000000047,51.6832773923269));
#5635=CARTESIAN_POINT('',(-156.305194508203,-4.88000000000014,51.7509006671932));
#5636=CARTESIAN_POINT('Origin',(-156.305194508203,-5.88000000000047,51.7509006671932));
#5637=CARTESIAN_POINT('Origin',(-156.176193796372,-4.88000000000014,50.7592561662014));
#5638=CARTESIAN_POINT('Origin',(-122.835665903587,-5.88000000000052,56.1048732958059));
#5639=CARTESIAN_POINT('',(-120.401901504929,-4.88000000000055,56.4214760093196));
#5640=CARTESIAN_POINT('Origin',(-120.401901504929,-5.88000000000049,56.4214760093196));
#5641=CARTESIAN_POINT('',(-122.835665903587,-4.88000000000052,56.1048732958059));
#5642=CARTESIAN_POINT('Ctrl Pts',(-157.676297441639,-4.88000000000047,51.2207700345355));
#5643=CARTESIAN_POINT('Ctrl Pts',(-157.93619742308,-4.88000000000046,51.1132287126148));
#5644=CARTESIAN_POINT('Ctrl Pts',(-158.101928016016,-4.88000000000046,50.8859700343676));
#5645=CARTESIAN_POINT('Ctrl Pts',(-158.058638616076,-4.88000000000045,52.1447912606609));
#5646=CARTESIAN_POINT('Ctrl Pts',(-158.578438578958,-4.88000000000045,51.9297086168196));
#5647=CARTESIAN_POINT('Ctrl Pts',(-158.90989976483,-4.88000000000044,51.4751912603251));
#5648=CARTESIAN_POINT('Ctrl Pts',(-158.058638616076,-5.88000000000046,52.1447912606609));
#5649=CARTESIAN_POINT('Ctrl Pts',(-158.578438578958,-5.88000000000046,51.9297086168196));
#5650=CARTESIAN_POINT('Ctrl Pts',(-158.90989976483,-5.88000000000046,51.4751912603251));
#5651=CARTESIAN_POINT('',(-158.101928016016,-4.88000000000012,50.8859700343676));
#5652=CARTESIAN_POINT('Origin',(-158.101928016016,-5.88000000000046,50.8859700343676));
#5653=CARTESIAN_POINT('',(-157.676297441639,-4.88000000000012,51.2207700345355));
#5654=CARTESIAN_POINT('Origin',(-157.676297441639,-5.88000000000047,51.2207700345355));
#5655=CARTESIAN_POINT('Origin',(-157.293956267202,-4.88000000000013,50.29674880841));
#5656=CARTESIAN_POINT('Origin',(-150.788800330567,-5.8800000000002,60.9141229674317));
#5657=CARTESIAN_POINT('',(-158.342237375774,-4.88000000000011,50.5564449509078));
#5658=CARTESIAN_POINT('',(-150.788800330567,-4.8800000000002,60.9141229674317));
#5659=CARTESIAN_POINT('Origin',(-158.342237375774,-5.88000000000012,50.5564449509078));
#5660=CARTESIAN_POINT('Origin',(-114.849243711723,-5.88000000000061,59.1849318746604));
#5661=CARTESIAN_POINT('',(-105.599931222772,-4.88000000000072,64.526312232008));
#5662=CARTESIAN_POINT('Ctrl Pts',(-106.115360889256,-5.8800000000007,65.3834271725128));
#5663=CARTESIAN_POINT('Ctrl Pts',(-106.114927902317,-5.83566059944154,65.3836772179012));
#5664=CARTESIAN_POINT('Ctrl Pts',(-106.113017991327,-5.79132143004462,65.3813697723139));
#5665=CARTESIAN_POINT('Ctrl Pts',(-106.109644187931,-5.74737371860714,65.3765274017803));
#5666=CARTESIAN_POINT('Ctrl Pts',(-106.106270516419,-5.70342772511594,65.3716852205382));
#5667=CARTESIAN_POINT('Ctrl Pts',(-106.101433097775,-5.65987361711283,65.3643083659118));
#5668=CARTESIAN_POINT('Ctrl Pts',(-106.095170791636,-5.61709566443838,65.354464128543));
#5669=CARTESIAN_POINT('Ctrl Pts',(-106.08890870863,-5.57431923599659,65.3446202419369));
#5670=CARTESIAN_POINT('Ctrl Pts',(-106.081221900581,-5.53231935341056,65.3323092538981));
#5671=CARTESIAN_POINT('Ctrl Pts',(-106.072174362349,-5.49146654754094,65.3176419800603));
#5672=CARTESIAN_POINT('Ctrl Pts',(-106.0631271152,-5.45061505601912,65.3029751781093));
#5673=CARTESIAN_POINT('Ctrl Pts',(-106.052719315339,-5.41091099309214,65.2859523976736));
#5674=CARTESIAN_POINT('Ctrl Pts',(-106.041038957201,-5.37270461298926,65.2667260128552));
#5675=CARTESIAN_POINT('Ctrl Pts',(-106.029355240533,-5.33448724715642,65.2474940997489));
#5676=CARTESIAN_POINT('Ctrl Pts',(-106.016398349939,-5.29776882541937,65.2260575161811));
#5677=CARTESIAN_POINT('Ctrl Pts',(-106.002278829246,-5.26287344961865,65.2026076835328));
#5678=CARTESIAN_POINT('Ctrl Pts',(-105.988160735906,-5.22798160141905,65.1791602214467));
#5679=CARTESIAN_POINT('Ctrl Pts',(-105.972880390624,-5.19491279403344,65.1537001651074));
#5680=CARTESIAN_POINT('Ctrl Pts',(-105.956568819583,-5.16395885646109,65.1264544038302));
#5681=CARTESIAN_POINT('Ctrl Pts',(-105.940258671571,-5.13300761932277,65.0992110194842));
#5682=CARTESIAN_POINT('Ctrl Pts',(-105.922917643554,-5.1041712052273,65.070182528916));
#5683=CARTESIAN_POINT('Ctrl Pts',(-105.904694921408,-5.07770404843388,65.039627267371));
#5684=CARTESIAN_POINT('Ctrl Pts',(-105.886473536794,-5.05123883430557,65.0090742485543));
#5685=CARTESIAN_POINT('Ctrl Pts',(-105.867370773108,-5.02714280507141,64.9769950043214));
#5686=CARTESIAN_POINT('Ctrl Pts',(-105.847551336831,-5.00562853770937,64.9436747459121));
#5687=CARTESIAN_POINT('Ctrl Pts',(-105.827727116729,-4.9841090774406,64.9103464449797));
#5688=CARTESIAN_POINT('Ctrl Pts',(-105.807186079767,-4.96517285179019,64.8757768800489));
#5689=CARTESIAN_POINT('Ctrl Pts',(-105.786105705477,-4.94898699800304,64.8402733806024));
#5690=CARTESIAN_POINT('Ctrl Pts',(-105.765029189624,-4.93280410678621,64.8047763795226));
#5691=CARTESIAN_POINT('Ctrl Pts',(-105.743413749439,-4.91937074799072,64.7683461590825));
#5692=CARTESIAN_POINT('Ctrl Pts',(-105.721446279929,-4.90880544549598,64.7313063529163));
#5693=CARTESIAN_POINT('Ctrl Pts',(-105.699475652413,-4.89823862415086,64.694261221969));
#5694=CARTESIAN_POINT('Ctrl Pts',(-105.677153118833,-4.89054079519921,64.656606718739));
#5695=CARTESIAN_POINT('Ctrl Pts',(-105.654671867793,-4.88577989683965,64.6186773750564));
#5696=CARTESIAN_POINT('Ctrl Pts',(-105.63649406682,-4.8819303484903,64.5880086164864));
#5697=CARTESIAN_POINT('Ctrl Pts',(-105.618212664791,-4.88000000000072,64.5571604588718));
#5698=CARTESIAN_POINT('Ctrl Pts',(-105.599931222772,-4.88000000000072,64.526312232008));
#5699=CARTESIAN_POINT('',(-118.5464531107,-4.88000000000057,57.0498324622135));
#5700=CARTESIAN_POINT('',(-114.849243711723,-4.88000000000061,59.1849318746604));
#5701=CARTESIAN_POINT('Origin',(-118.5464531107,-5.88000000000057,57.0498324622135));
#5702=CARTESIAN_POINT('Origin',(-121.046905064083,-5.88000000000048,61.3796985142783));
#5703=CARTESIAN_POINT('Origin',(-121.046905064083,-4.88000000000054,61.3796985142783));
#5704=CARTESIAN_POINT('Origin',(-90.3583059755416,-1.00000000000002,37.8079887073462));
#5705=CARTESIAN_POINT('',(-85.6561050590091,-2.42823547992774E-14,37.7699839219477));
#5706=CARTESIAN_POINT('Ctrl Pts',(-84.6561036408093,-1.00000000000002,37.7663311442482));
#5707=CARTESIAN_POINT('Ctrl Pts',(-84.6561045542013,-0.955660615733483,
37.766206116628));
#5708=CARTESIAN_POINT('Ctrl Pts',(-84.6590587049232,-0.911321462628769,
37.7661026645186));
#5709=CARTESIAN_POINT('Ctrl Pts',(-84.664940030861,-0.867373767052551,37.7660211769045));
#5710=CARTESIAN_POINT('Ctrl Pts',(-84.6708211268651,-0.823427789636161,
37.7659396924761));
#5711=CARTESIAN_POINT('Ctrl Pts',(-84.6796291075601,-0.779873697272292,
37.7658801715036));
#5712=CARTESIAN_POINT('Ctrl Pts',(-84.6912862656906,-0.737095759378154,
37.7658426085485));
#5713=CARTESIAN_POINT('Ctrl Pts',(-84.7029430083652,-0.694319346070394,
37.7658050469321));
#5714=CARTESIAN_POINT('Ctrl Pts',(-84.7174486035812,-0.652319477745815,
37.7657894419642));
#5715=CARTESIAN_POINT('Ctrl Pts',(-84.7346750843177,-0.611466684857947,
37.7657953872793));
#5716=CARTESIAN_POINT('Ctrl Pts',(-84.7519010106382,-0.570615206774206,
37.7658013324031));
#5717=CARTESIAN_POINT('Ctrl Pts',(-84.7718474675434,-0.530911155979202,
37.7658288261261));
#5718=CARTESIAN_POINT('Ctrl Pts',(-84.7943384991918,-0.492704786321436,
37.7658770619616));
#5719=CARTESIAN_POINT('Ctrl Pts',(-84.81683599738,-0.454487431706927,37.7659253116656));
#5720=CARTESIAN_POINT('Ctrl Pts',(-84.8418793012367,-0.417769019439131,
37.7659943146393));
#5721=CARTESIAN_POINT('Ctrl Pts',(-84.8692473659858,-0.382873651008675,
37.7660828712884));
#5722=CARTESIAN_POINT('Ctrl Pts',(-84.8966126636847,-0.347981810677026,
37.7661714189841));
#5723=CARTESIAN_POINT('Ctrl Pts',(-84.9263019660518,-0.314913009007974,
37.7662795151153));
#5724=CARTESIAN_POINT('Ctrl Pts',(-84.9580532726909,-0.283959074702215,
37.7664055836608));
#5725=CARTESIAN_POINT('Ctrl Pts',(-84.989801808879,-0.253007841273012,37.7665316412062));
#5726=CARTESIAN_POINT('Ctrl Pts',(-85.0236116579176,-0.224171428375942,
37.7666756662729));
#5727=CARTESIAN_POINT('Ctrl Pts',(-85.0591845082447,-0.197704270036038,
37.7668357293445));
#5728=CARTESIAN_POINT('Ctrl Pts',(-85.0947547470745,-0.171239054720438,
37.7669957806655));
#5729=CARTESIAN_POINT('Ctrl Pts',(-85.1320873571639,-0.147143021489664,
37.7671718654351));
#5730=CARTESIAN_POINT('Ctrl Pts',(-85.1708529929407,-0.125628747164397,
37.7673617304037));
#5731=CARTESIAN_POINT('Ctrl Pts',(-85.209627984947,-0.104109280289497,37.7675516411969));
#5732=CARTESIAN_POINT('Ctrl Pts',(-85.2498362910586,-0.0851730449783044,
37.7677553362408));
#5733=CARTESIAN_POINT('Ctrl Pts',(-85.291123025712,-0.0689871784040262,
37.7679702723631));
#5734=CARTESIAN_POINT('Ctrl Pts',(-85.3324022031389,-0.0528042745309526,
37.7681851691429));
#5735=CARTESIAN_POINT('Ctrl Pts',(-85.3747589832792,-0.0393708999100956,
37.7684112998963));
#5736=CARTESIAN_POINT('Ctrl Pts',(-85.4178196543606,-0.0288055784473169,
37.7686458767034));
#5737=CARTESIAN_POINT('Ctrl Pts',(-85.4608865155052,-0.0182387381970592,
37.7688804872315));
#5738=CARTESIAN_POINT('Ctrl Pts',(-85.5046570211043,-0.0105408871609793,
37.7691235429422));
#5739=CARTESIAN_POINT('Ctrl Pts',(-85.5487448756545,-0.0057799636669027,
37.769372055683));
#5740=CARTESIAN_POINT('Ctrl Pts',(-85.5843934821342,-0.0019303708515697,
37.7695729983915));
#5741=CARTESIAN_POINT('Ctrl Pts',(-85.6202492372019,-2.43685494641799E-14,
37.7697775043666));
#5742=CARTESIAN_POINT('Ctrl Pts',(-85.6561050590091,-2.42028619368284E-14,
37.7699839219477));
#5743=CARTESIAN_POINT('',(-85.8346439999705,-2.54134507231314E-14,39.0919747485184));
#5744=CARTESIAN_POINT('Origin',(-90.3583059755416,-2.37310171513627E-14,
37.8079887073462));
#5745=CARTESIAN_POINT('Origin',(-85.8346439999705,-1.00000000000003,39.0919747485184));
#5746=CARTESIAN_POINT('Origin',(-142.461042689417,-5.8800000000003,57.5165327365579));
#5747=CARTESIAN_POINT('',(-142.461042689417,-4.8800000000003,57.5165327365579));
#5748=CARTESIAN_POINT('Origin',(-158.342237375772,24.4347640124279,50.5564449509102));
#5749=CARTESIAN_POINT('',(-166.411512233129,-1.4844850049691,39.4914224586182));
#5750=CARTESIAN_POINT('Origin',(-166.686775402702,-2.36865548665569,39.1139668363385));
#5751=CARTESIAN_POINT('Origin',(-158.342237375772,24.4347640124279,50.5564449509102));
#5752=CARTESIAN_POINT('Ctrl Pts',(-166.411512233128,-1.48448500496909,39.491422458618));
#5753=CARTESIAN_POINT('Ctrl Pts',(-166.734343513504,-1.19499675795635,39.0487388914184));
#5754=CARTESIAN_POINT('Ctrl Pts',(-167.129122365674,-0.887902686245099,
38.6707145274134));
#5755=CARTESIAN_POINT('Ctrl Pts',(-167.575436478035,-0.578178813502145,
38.3689928663682));
#5756=CARTESIAN_POINT('Ctrl Pts',(-166.653256815069,-1.4844850049691,39.6677170371711));
#5757=CARTESIAN_POINT('Ctrl Pts',(-166.952158655812,-1.209460675473,39.2403628581025));
#5758=CARTESIAN_POINT('Ctrl Pts',(-167.321978065269,-0.915077853111348,
38.8708739917054));
#5759=CARTESIAN_POINT('Ctrl Pts',(-167.743467858419,-0.617803101519475,
38.5717718038997));
#5760=CARTESIAN_POINT('Ctrl Pts',(-167.140790224056,-1.70668277600015,39.8779516117491));
#5761=CARTESIAN_POINT('Ctrl Pts',(-167.397224788854,-1.43695968413869,39.4809993658371));
#5762=CARTESIAN_POINT('Ctrl Pts',(-167.720527218206,-1.14842548162804,39.1299635200072));
#5763=CARTESIAN_POINT('Ctrl Pts',(-168.095865944844,-0.854372507365204,
38.841337882491));
#5764=CARTESIAN_POINT('Ctrl Pts',(-167.432978240706,-2.170248094528,39.7878889058681));
#5765=CARTESIAN_POINT('Ctrl Pts',(-167.689907848994,-1.87972475275573,39.4152220000329));
#5766=CARTESIAN_POINT('Ctrl Pts',(-168.007421137443,-1.57089717530996,39.0907977361084));
#5767=CARTESIAN_POINT('Ctrl Pts',(-168.369386178324,-1.25843517982204,38.8269091123758));
#5768=CARTESIAN_POINT('Ctrl Pts',(-167.494747151515,-2.36865548665568,39.703188062296));
#5769=CARTESIAN_POINT('Ctrl Pts',(-167.76182224245,-2.0692920707044,39.3369603726266));
#5770=CARTESIAN_POINT('Ctrl Pts',(-168.086297007956,-1.75172225129199,39.0226772285907));
#5771=CARTESIAN_POINT('Ctrl Pts',(-168.451496927409,-1.43143292175034,38.7701260618314));
#5772=CARTESIAN_POINT('',(-167.575436478035,-0.578178813502152,38.3689928663682));
#5773=CARTESIAN_POINT('Origin',(-167.882712622569,-1.43143292175033,37.9476393357577));
#5774=CARTESIAN_POINT('Ctrl Pts',(-166.411512233128,-1.48448500496909,39.491422458618));
#5775=CARTESIAN_POINT('Ctrl Pts',(-166.734343513504,-1.19499675795635,39.0487388914184));
#5776=CARTESIAN_POINT('Ctrl Pts',(-167.129122365674,-0.887902686245099,
38.6707145274134));
#5777=CARTESIAN_POINT('Ctrl Pts',(-167.575436478035,-0.578178813502145,
38.3689928663682));
#5778=CARTESIAN_POINT('Ctrl Pts',(-169.731829729364,-1.00000000000001,38.1857518422248));
#5779=CARTESIAN_POINT('Ctrl Pts',(-169.256159760789,-0.999999999999932,
38.3078890040225));
#5780=CARTESIAN_POINT('Ctrl Pts',(-168.801346858922,-1.12460590992609,38.528190059966));
#5781=CARTESIAN_POINT('Ctrl Pts',(-168.451496927409,-1.43143292175033,38.7701260618314));
#5782=CARTESIAN_POINT('Ctrl Pts',(-169.731829729364,-0.70080069965811,38.1857518422248));
#5783=CARTESIAN_POINT('Ctrl Pts',(-169.220153045087,-0.720743918349492,
38.3163039293756));
#5784=CARTESIAN_POINT('Ctrl Pts',(-168.723407967607,-0.865151961692792,
38.5648587660923));
#5785=CARTESIAN_POINT('Ctrl Pts',(-168.342015928628,-1.20076926584592,38.8458367958906));
#5786=CARTESIAN_POINT('Ctrl Pts',(-169.669329565293,-0.183012636391098,
37.9423414776648));
#5787=CARTESIAN_POINT('Ctrl Pts',(-169.074036924019,-0.234702078535017,
38.1312947351991));
#5788=CARTESIAN_POINT('Ctrl Pts',(-168.492957968396,-0.414564621575707,
38.4539505642551));
#5789=CARTESIAN_POINT('Ctrl Pts',(-168.039964854318,-0.79992657955207,38.8157418257874));
#5790=CARTESIAN_POINT('Ctrl Pts',(-169.538937022325,9.15296639327792E-15,
37.4345204680439));
#5791=CARTESIAN_POINT('Ctrl Pts',(-168.872357055805,-0.0232138341293803,
37.6965843823078));
#5792=CARTESIAN_POINT('Ctrl Pts',(-168.218246257181,-0.199675195104447,
38.0983297577183));
#5793=CARTESIAN_POINT('Ctrl Pts',(-167.701460013323,-0.607897029515123,
38.5210770695168));
#5794=CARTESIAN_POINT('Ctrl Pts',(-169.483128625013,-1.19348975147204E-14,
37.2171715612493));
#5795=CARTESIAN_POINT('Ctrl Pts',(-168.793604843739,9.77327576729872E-14,
37.5000247882948));
#5796=CARTESIAN_POINT('Ctrl Pts',(-168.113361538246,-0.166988872486071,
37.9286074075741));
#5797=CARTESIAN_POINT('Ctrl Pts',(-167.575436478035,-0.578178813502131,
38.3689928663682));
#5798=CARTESIAN_POINT('',(-169.483128625012,-1.38951350425744E-14,37.2171715612495));
#5799=CARTESIAN_POINT('Ctrl Pts',(-167.575436478035,-0.578178813502131,
38.3689928663682));
#5800=CARTESIAN_POINT('Ctrl Pts',(-168.113361538246,-0.166988872486071,
37.9286074075741));
#5801=CARTESIAN_POINT('Ctrl Pts',(-168.793604843739,9.77327576729872E-14,
37.5000247882948));
#5802=CARTESIAN_POINT('Ctrl Pts',(-169.483128625013,-1.19348975147204E-14,
37.2171715612493));
#5803=CARTESIAN_POINT('Origin',(-169.483128625012,-1.00000000000001,37.2171715612494));
#5804=CARTESIAN_POINT('Origin',(-170.72663414677,-1.00000000000002,42.0600729661262));
#5805=CARTESIAN_POINT('',(-170.726634063485,-1.32891997002957E-14,37.0600729661262));
#5806=CARTESIAN_POINT('Origin',(-170.726634063485,-1.00000000000001,37.0600729661262));
#5807=CARTESIAN_POINT('Origin',(-170.72663414677,-1.65145674912992E-14,
42.0600729661262));
#5808=CARTESIAN_POINT('Origin',(-162.112041749549,-1.00000000000001,37.0600731096197));
#5809=CARTESIAN_POINT('',(-221.90324112222,-6.97181070669969E-15,37.0600721136766));
#5810=CARTESIAN_POINT('Origin',(-221.90324112222,-1.00000000000001,37.0600721136766));
#5811=CARTESIAN_POINT('',(-162.112041749549,-1.42941214420489E-14,37.0600731096197));
#5812=CARTESIAN_POINT('Ctrl Pts',(-226.406030926957,-1.,33.5596930186872));
#5813=CARTESIAN_POINT('Ctrl Pts',(-226.406199954513,-1.00000000000001,34.7844964514604));
#5814=CARTESIAN_POINT('Ctrl Pts',(-225.891115585915,-1.00000000000001,35.986440686488));
#5815=CARTESIAN_POINT('Ctrl Pts',(-224.164022125814,-1.00000000000001,37.6172716702375));
#5816=CARTESIAN_POINT('Ctrl Pts',(-223.040920111671,-1.00000000000001,38.0608294714492));
#5817=CARTESIAN_POINT('Ctrl Pts',(-221.903241138877,-1.00000000000001,38.0600721136766));
#5818=CARTESIAN_POINT('Ctrl Pts',(-226.406030926957,-0.700800699658122,
33.5596930186872));
#5819=CARTESIAN_POINT('Ctrl Pts',(-226.406199954513,-0.700800699658103,
34.7844964514604));
#5820=CARTESIAN_POINT('Ctrl Pts',(-225.891115585915,-0.700800699658128,
35.986440686488));
#5821=CARTESIAN_POINT('Ctrl Pts',(-224.164022125814,-0.700800699658117,
37.6172716702375));
#5822=CARTESIAN_POINT('Ctrl Pts',(-223.040920111671,-0.700800699658123,
38.0608294714492));
#5823=CARTESIAN_POINT('Ctrl Pts',(-221.903241138877,-0.700800699658123,
38.0600721136766));
#5824=CARTESIAN_POINT('Ctrl Pts',(-226.154715197119,-0.183023906794973,
33.5597277012187));
#5825=CARTESIAN_POINT('Ctrl Pts',(-226.153582133896,-0.183023906794938,
34.7157874249847));
#5826=CARTESIAN_POINT('Ctrl Pts',(-225.665368724309,-0.183023906795008,
35.8525288166726));
#5827=CARTESIAN_POINT('Ctrl Pts',(-224.039729112915,-0.183023906794952,
37.3875253494747));
#5828=CARTESIAN_POINT('Ctrl Pts',(-222.977268839201,-0.183023906794967,
37.8083912136584));
#5829=CARTESIAN_POINT('Ctrl Pts',(-221.903408440801,-0.183023906794968,
37.808756437132));
#5830=CARTESIAN_POINT('Ctrl Pts',(-225.630430409599,-1.4137942385908E-14,
33.5598000545237));
#5831=CARTESIAN_POINT('Ctrl Pts',(-225.629797932368,4.31235883132509E-15,
34.5690301565064));
#5832=CARTESIAN_POINT('Ctrl Pts',(-225.197037126825,-2.65061599607877E-14,
35.5742476193071));
#5833=CARTESIAN_POINT('Ctrl Pts',(-223.781068589338,1.51012629917942E-14,
36.911273675941));
#5834=CARTESIAN_POINT('Ctrl Pts',(-222.840751713178,-1.32194272491071E-14,
37.284450645245));
#5835=CARTESIAN_POINT('Ctrl Pts',(-221.90375745936,-8.06908577009113E-15,
37.2844717607914));
#5836=CARTESIAN_POINT('Ctrl Pts',(-225.40603093648,-1.41553435639707E-14,
33.5598310225089));
#5837=CARTESIAN_POINT('Ctrl Pts',(-225.4061614608,-8.97659544134585E-15,
34.5056332289453));
#5838=CARTESIAN_POINT('Ctrl Pts',(-224.99703184328,-1.0534424686077E-15,
35.4553245914829));
#5839=CARTESIAN_POINT('Ctrl Pts',(-223.670467374805,1.70857905325852E-14,
36.7079507446748));
#5840=CARTESIAN_POINT('Ctrl Pts',(-222.78168460151,-1.78572140667703E-14,
37.0606566756769));
#5841=CARTESIAN_POINT('Ctrl Pts',(-221.90390684302,-8.04911692853238E-15,
37.0600723352576));
#5842=CARTESIAN_POINT('',(-225.40603093648,-4.37066939460813E-15,33.5598310225089));
#5843=CARTESIAN_POINT('Ctrl Pts',(-221.90390684302,-7.05746902605151E-15,
37.0600723352576));
#5844=CARTESIAN_POINT('Ctrl Pts',(-222.241641919151,-7.01625344103518E-15,
37.0602971669466));
#5845=CARTESIAN_POINT('Ctrl Pts',(-222.583682341462,-2.66352175929603E-15,
37.0088447621831));
#5846=CARTESIAN_POINT('Ctrl Pts',(-223.429444552127,1.73587743385141E-15,
36.753545781876));
#5847=CARTESIAN_POINT('Ctrl Pts',(-223.916759587995,1.62576024058376E-15,
36.4756102928547));
#5848=CARTESIAN_POINT('Ctrl Pts',(-224.649663810603,5.32308200388853E-15,
35.7831371141284));
#5849=CARTESIAN_POINT('Ctrl Pts',(-224.924999807667,7.79221399517038E-15,
35.3849396087066));
#5850=CARTESIAN_POINT('Ctrl Pts',(-225.303191396421,9.43466409547357E-15,
34.5174807111602));
#5851=CARTESIAN_POINT('Ctrl Pts',(-225.406096907334,-4.67902997418426E-15,
34.037867447627));
#5852=CARTESIAN_POINT('Ctrl Pts',(-225.40603093648,-4.37066939460813E-15,
33.5598310225089));
#5853=CARTESIAN_POINT('Origin',(-225.40603093648,-1.,33.5598310225089));
#5854=CARTESIAN_POINT('Origin',(-225.406030911596,-0.999999999999999,25.0750739937741));
#5855=CARTESIAN_POINT('',(-225.406030826928,3.141645874046E-14,-21.6908449765731));
#5856=CARTESIAN_POINT('Origin',(-225.406030826928,-0.999999999999969,-21.6908449765731));
#5857=CARTESIAN_POINT('',(-225.406030911596,1.2490009027033E-15,25.0750739937741));
#5858=CARTESIAN_POINT('Ctrl Pts',(-221.905396974155,-0.999999999999966,
-26.1896989715101));
#5859=CARTESIAN_POINT('Ctrl Pts',(-223.127906909396,-0.999999999999966,
-26.1898677027822));
#5860=CARTESIAN_POINT('Ctrl Pts',(-224.32774982641,-0.999999999999966,-25.6767326075454));
#5861=CARTESIAN_POINT('Ctrl Pts',(-225.96006660594,-0.999999999999967,-23.9534161366088));
#5862=CARTESIAN_POINT('Ctrl Pts',(-226.405742252715,-0.999999999999968,
-22.8292290224076));
#5863=CARTESIAN_POINT('Ctrl Pts',(-226.406030826928,-0.999999999999969,
-21.6908449783835));
#5864=CARTESIAN_POINT('Ctrl Pts',(-221.905396974155,-0.70080069965808,-26.1896989715101));
#5865=CARTESIAN_POINT('Ctrl Pts',(-223.127906909396,-0.700800699658088,
-26.1898677027822));
#5866=CARTESIAN_POINT('Ctrl Pts',(-224.32774982641,-0.700800699658073,-25.6767326075454));
#5867=CARTESIAN_POINT('Ctrl Pts',(-225.96006660594,-0.700800699658088,-23.9534161366088));
#5868=CARTESIAN_POINT('Ctrl Pts',(-226.405742252715,-0.700800699658082,
-22.8292290224076));
#5869=CARTESIAN_POINT('Ctrl Pts',(-226.406030826928,-0.700800699658077,
-21.6908449783835));
#5870=CARTESIAN_POINT('Ctrl Pts',(-221.905431660605,-0.183021823319519,
-25.938384978106));
#5871=CARTESIAN_POINT('Ctrl Pts',(-223.059345459759,-0.183021823319525,
-25.9372592864419));
#5872=CARTESIAN_POINT('Ctrl Pts',(-224.194101707935,-0.183021823319522,
-25.4508844919016));
#5873=CARTESIAN_POINT('Ctrl Pts',(-225.73056811833,-0.183021823319516,-23.8287747967492));
#5874=CARTESIAN_POINT('Ctrl Pts',(-226.15340047942,-0.18302182331951,-22.7653823878879));
#5875=CARTESIAN_POINT('Ctrl Pts',(-226.154716839205,-0.183021823319505,
-21.6907812716437));
#5876=CARTESIAN_POINT('Ctrl Pts',(-221.905504022825,3.40181566708207E-14,
-25.4140984541539));
#5877=CARTESIAN_POINT('Ctrl Pts',(-222.912882484166,3.16505363473526E-14,
-25.4134681859147));
#5878=CARTESIAN_POINT('Ctrl Pts',(-223.916338447604,2.56501553169735E-14,
-24.9823314343991));
#5879=CARTESIAN_POINT('Ctrl Pts',(-225.254742923782,4.61617931447545E-14,
-23.569320225018));
#5880=CARTESIAN_POINT('Ctrl Pts',(-225.629567587702,4.87047372162309E-14,
-22.6284220090162));
#5881=CARTESIAN_POINT('Ctrl Pts',(-225.630430327104,5.34157425551305E-14,
-21.6906483678419));
#5882=CARTESIAN_POINT('Ctrl Pts',(-221.905534994523,3.30291349825984E-14,
-25.1896989810349));
#5883=CARTESIAN_POINT('Ctrl Pts',(-222.849606026388,3.18540563758851E-14,
-25.1898292820669));
#5884=CARTESIAN_POINT('Ctrl Pts',(-223.797633586504,2.57320148944552E-14,
-24.7822338640446));
#5885=CARTESIAN_POINT('Ctrl Pts',(-225.051591717681,4.62607062774478E-14,
-23.4583690796951));
#5886=CARTESIAN_POINT('Ctrl Pts',(-225.405808147812,4.86230290524655E-14,
-22.5691555329597));
#5887=CARTESIAN_POINT('Ctrl Pts',(-225.406030859058,5.34294830600857E-14,
-21.6905914837875));
#5888=CARTESIAN_POINT('',(-221.905534994523,3.30984119721656E-14,-25.1896989810349));
#5889=CARTESIAN_POINT('Ctrl Pts',(-225.406030784976,5.34280963222037E-14,
-21.6908449760807));
#5890=CARTESIAN_POINT('Ctrl Pts',(-225.40574001081,4.86225745822809E-14,
-22.5693265737681));
#5891=CARTESIAN_POINT('Ctrl Pts',(-225.051533584202,4.62597545676392E-14,
-23.4584304540456));
#5892=CARTESIAN_POINT('Ctrl Pts',(-223.797633586504,2.57320148944552E-14,
-24.7822338640446));
#5893=CARTESIAN_POINT('Ctrl Pts',(-222.849606026388,3.18540563758851E-14,
-25.1898292820669));
#5894=CARTESIAN_POINT('Ctrl Pts',(-221.905534994523,3.30291349825984E-14,
-25.1896989810349));
#5895=CARTESIAN_POINT('Origin',(-221.905534994523,-0.999999999999967,-25.1896989810349));
#5896=CARTESIAN_POINT('Origin',(-188.718237726705,-0.999999999999971,-25.1896989997339));
#5897=CARTESIAN_POINT('',(-191.530828311381,2.93490195224729E-14,-25.189698997342));
#5898=CARTESIAN_POINT('Origin',(-191.530828311381,-0.999999999999971,-25.189698997342));
#5899=CARTESIAN_POINT('',(-188.718237726705,2.90045765183322E-14,-25.1896989997339));
#5900=CARTESIAN_POINT('Ctrl Pts',(-187.940365928158,-0.999999999999969,
-28.4265824827234));
#5901=CARTESIAN_POINT('Ctrl Pts',(-188.221025188028,-0.999999999999969,
-27.8550397015717));
#5902=CARTESIAN_POINT('Ctrl Pts',(-189.200226165484,-0.99999999999997,-26.6798508277499));
#5903=CARTESIAN_POINT('Ctrl Pts',(-190.681849034027,-0.99999999999997,-26.189698998064));
#5904=CARTESIAN_POINT('Ctrl Pts',(-191.530828312232,-0.99999999999997,-26.189698997342));
#5905=CARTESIAN_POINT('Ctrl Pts',(-187.940365928158,-0.700800699658091,
-28.4265824827234));
#5906=CARTESIAN_POINT('Ctrl Pts',(-188.220800952299,-0.700800699658091,
-27.8554963418122));
#5907=CARTESIAN_POINT('Ctrl Pts',(-189.200217924973,-0.700800699658088,
-26.6805968399433));
#5908=CARTESIAN_POINT('Ctrl Pts',(-190.682527335135,-0.700800699658084,
-26.1896989980634));
#5909=CARTESIAN_POINT('Ctrl Pts',(-191.530828312232,-0.700800699658085,
-26.189698997342));
#5910=CARTESIAN_POINT('Ctrl Pts',(-187.714787611153,-0.1830150791286,-28.3158109961769));
#5911=CARTESIAN_POINT('Ctrl Pts',(-188.013132442832,-0.183015079128599,
-27.7082527958207));
#5912=CARTESIAN_POINT('Ctrl Pts',(-189.053803137487,-0.183015079128592,
-26.4591623847996));
#5913=CARTESIAN_POINT('Ctrl Pts',(-190.62835112323,-0.183015079128579,-25.9383906231314));
#5914=CARTESIAN_POINT('Ctrl Pts',(-191.530828312018,-0.183015079128582,
-25.9383906223639));
#5915=CARTESIAN_POINT('Ctrl Pts',(-187.244174800208,8.30670384312993E-15,
-28.0847139592428));
#5916=CARTESIAN_POINT('Ctrl Pts',(-187.579286134766,9.43623127848239E-15,
-27.4022833697895));
#5917=CARTESIAN_POINT('Ctrl Pts',(-188.748323286428,1.39341027895481E-14,
-25.9991836561521));
#5918=CARTESIAN_POINT('Ctrl Pts',(-190.517134414342,2.9889159378639E-14,
-25.4140984734605));
#5919=CARTESIAN_POINT('Ctrl Pts',(-191.530828311572,3.02647502624947E-14,
-25.4140984725984));
#5920=CARTESIAN_POINT('Ctrl Pts',(-187.042750331289,8.32667268468867E-15,
-27.9858033540688));
#5921=CARTESIAN_POINT('Ctrl Pts',(-187.393574406126,9.45515882063235E-15,
-27.2713748776291));
#5922=CARTESIAN_POINT('Ctrl Pts',(-188.617575627947,1.13556106284002E-14,
-25.8023887853518));
#5923=CARTESIAN_POINT('Ctrl Pts',(-190.469604213625,2.75315839788716E-14,
-25.1896989982445));
#5924=CARTESIAN_POINT('Ctrl Pts',(-191.530828311381,3.02535774210355E-14,
-25.189698997342));
#5925=CARTESIAN_POINT('',(-187.042750331289,3.06326452101633E-14,-27.9858033540688));
#5926=CARTESIAN_POINT('Ctrl Pts',(-191.530828311381,3.02535774210355E-14,
-25.189698997342));
#5927=CARTESIAN_POINT('Ctrl Pts',(-190.469604213625,2.75315839788716E-14,
-25.1896989982445));
#5928=CARTESIAN_POINT('Ctrl Pts',(-188.617575627947,1.13556106284002E-14,
-25.8023887853518));
#5929=CARTESIAN_POINT('Ctrl Pts',(-187.393574406126,9.45515882063235E-15,
-27.2713748776291));
#5930=CARTESIAN_POINT('Ctrl Pts',(-187.042750331289,8.32667268468867E-15,
-27.9858033540688));
#5931=CARTESIAN_POINT('Origin',(-187.042750331289,-0.999999999999969,-27.9858033540688));
#5932=CARTESIAN_POINT('Ctrl Pts',(-183.90703327911,-0.999999999999968,-30.939747871393));
#5933=CARTESIAN_POINT('Ctrl Pts',(-185.128299651667,-0.999999999999968,
-30.9394381815367));
#5934=CARTESIAN_POINT('Ctrl Pts',(-186.326003756436,-0.999999999999968,
-30.4297618964139));
#5935=CARTESIAN_POINT('Ctrl Pts',(-187.48760506043,-0.999999999999969,-29.2016458918354));
#5936=CARTESIAN_POINT('Ctrl Pts',(-187.744813234487,-0.999999999999969,
-28.8248117464005));
#5937=CARTESIAN_POINT('Ctrl Pts',(-187.940365928158,-0.999999999999969,
-28.4265824827234));
#5938=CARTESIAN_POINT('Ctrl Pts',(-183.90703327911,-0.700800699658084,-30.939747871393));
#5939=CARTESIAN_POINT('Ctrl Pts',(-185.128299651667,-0.700800699658086,
-30.9394381815367));
#5940=CARTESIAN_POINT('Ctrl Pts',(-186.326003756436,-0.700800699658085,
-30.4297618964139));
#5941=CARTESIAN_POINT('Ctrl Pts',(-187.48760506043,-0.700800699658084,-29.2016458918354));
#5942=CARTESIAN_POINT('Ctrl Pts',(-187.744813234487,-0.700800699658088,
-28.8248117464005));
#5943=CARTESIAN_POINT('Ctrl Pts',(-187.940365928158,-0.700800699658082,
-28.4265824827234));
#5944=CARTESIAN_POINT('Ctrl Pts',(-183.906969552153,-0.183014836309062,
-30.6884397068683));
#5945=CARTESIAN_POINT('Ctrl Pts',(-185.060165726356,-0.183014836309066,
-30.6869920842327));
#5946=CARTESIAN_POINT('Ctrl Pts',(-186.193229846167,-0.183014836309059,
-30.202973852987));
#5947=CARTESIAN_POINT('Ctrl Pts',(-187.286806340783,-0.183014836309058,
-29.0481778493154));
#5948=CARTESIAN_POINT('Ctrl Pts',(-187.52993739844,-0.183014836309056,-28.6921854759639));
#5949=CARTESIAN_POINT('Ctrl Pts',(-187.714787792807,-0.183014836309053,
-28.3158110853789));
#5950=CARTESIAN_POINT('Ctrl Pts',(-183.906836601618,2.77480634472773E-14,
-30.1641473715863));
#5951=CARTESIAN_POINT('Ctrl Pts',(-184.913475303735,2.30009439118537E-14,
-30.1631940232935));
#5952=CARTESIAN_POINT('Ctrl Pts',(-185.915357712341,3.2549052168988E-14,
-29.7343435813824));
#5953=CARTESIAN_POINT('Ctrl Pts',(-186.867940011615,3.03476950543036E-14,
-28.7280612886615));
#5954=CARTESIAN_POINT('Ctrl Pts',(-187.08170664064,4.04878347834205E-14,
-28.4155324063611));
#5955=CARTESIAN_POINT('Ctrl Pts',(-187.244174800208,3.99657801365518E-14,
-28.0847139592428));
#5956=CARTESIAN_POINT('Ctrl Pts',(-183.906779698193,2.77555756156289E-14,
-29.9397479035447));
#5957=CARTESIAN_POINT('Ctrl Pts',(-184.849894530608,2.29748549404971E-14,
-29.9395087476132));
#5958=CARTESIAN_POINT('Ctrl Pts',(-185.7962743485,3.2547422518237E-14,-29.5345575167937));
#5959=CARTESIAN_POINT('Ctrl Pts',(-186.688672203215,2.93643493543153E-14,
-28.5910598777506));
#5960=CARTESIAN_POINT('Ctrl Pts',(-186.889871425053,4.14039907769446E-14,
-28.2971304604328));
#5961=CARTESIAN_POINT('Ctrl Pts',(-187.042750331289,4.03843625207401E-14,
-27.9858033540688));
#5962=CARTESIAN_POINT('',(-183.906779698193,3.15090375374025E-14,-29.9397479035447));
#5963=CARTESIAN_POINT('Ctrl Pts',(-187.042750331289,4.03843625207401E-14,
-27.9858033540688));
#5964=CARTESIAN_POINT('Ctrl Pts',(-186.889871425053,4.14039907769446E-14,
-28.2971304604328));
#5965=CARTESIAN_POINT('Ctrl Pts',(-186.688672203215,2.93643493543153E-14,
-28.5910598777506));
#5966=CARTESIAN_POINT('Ctrl Pts',(-185.7962743485,3.2547422518237E-14,-29.5345575167937));
#5967=CARTESIAN_POINT('Ctrl Pts',(-184.849894530608,2.29748549404971E-14,
-29.9395087476132));
#5968=CARTESIAN_POINT('Ctrl Pts',(-183.906779698193,2.77555756156289E-14,
-29.9397479035447));
#5969=CARTESIAN_POINT('',(-183.90703327911,-0.999999999999968,-30.939747871393));
#5970=CARTESIAN_POINT('Origin',(-183.906779698193,-0.999999999999969,-29.9397479035447));
#5971=CARTESIAN_POINT('Ctrl Pts',(-183.90703327911,-0.999999999999968,-30.939747871393));
#5972=CARTESIAN_POINT('Ctrl Pts',(-185.128299651667,-0.999999999999968,
-30.9394381815367));
#5973=CARTESIAN_POINT('Ctrl Pts',(-186.326003756436,-0.999999999999968,
-30.4297618964139));
#5974=CARTESIAN_POINT('Ctrl Pts',(-187.48760506043,-0.999999999999969,-29.2016458918354));
#5975=CARTESIAN_POINT('Ctrl Pts',(-187.744813234487,-0.999999999999969,
-28.8248117464005));
#5976=CARTESIAN_POINT('Ctrl Pts',(-187.940365928158,-0.999999999999969,
-28.4265824827234));
#5977=CARTESIAN_POINT('Origin',(-169.719056055687,-0.99999999999997,-29.9397479922038));
#5978=CARTESIAN_POINT('',(-170.666720144021,2.99532991608403E-14,-29.9397479841345));
#5979=CARTESIAN_POINT('',(-170.666720152536,-0.999999999999969,-30.9397479841345));
#5980=CARTESIAN_POINT('Origin',(-170.666720144021,-0.99999999999997,-29.9397479841345));
#5981=CARTESIAN_POINT('',(-169.719056064202,-0.99999999999997,-30.9397479922038));
#5982=CARTESIAN_POINT('',(-169.719056055687,2.98372437868011E-14,-29.9397479922038));
#5983=CARTESIAN_POINT('Ctrl Pts',(-170.66672014402,2.98372437868011E-14,
-29.9397479841345));
#5984=CARTESIAN_POINT('Ctrl Pts',(-169.427530125922,2.96854867846877E-14,
-29.9397479946862));
#5985=CARTESIAN_POINT('Ctrl Pts',(-168.194354334853,2.99629667510646E-14,
-30.4205667534146));
#5986=CARTESIAN_POINT('Ctrl Pts',(-167.282218043805,3.03923552991137E-14,
-31.2593750077306));
#5987=CARTESIAN_POINT('Ctrl Pts',(-170.666720146568,2.98372437868011E-14,
-30.2389472844763));
#5988=CARTESIAN_POINT('Ctrl Pts',(-169.502004374432,2.96852485541976E-14,
-30.2389472943939));
#5989=CARTESIAN_POINT('Ctrl Pts',(-168.342063869023,2.99622926902777E-14,
-30.6912114063303));
#5990=CARTESIAN_POINT('Ctrl Pts',(-167.48474617843,3.03923552991137E-14,
-31.4796080116381));
#5991=CARTESIAN_POINT('Ctrl Pts',(-170.666720150977,-0.251304929612319,
-30.7567370389589));
#5992=CARTESIAN_POINT('Ctrl Pts',(-169.629929209732,-0.25130492961232,-30.7567370477872));
#5993=CARTESIAN_POINT('Ctrl Pts',(-168.598393757612,-0.251304929612319,
-31.1589356631539));
#5994=CARTESIAN_POINT('Ctrl Pts',(-167.835238285143,-0.251304929612319,
-31.8607398956093));
#5995=CARTESIAN_POINT('Ctrl Pts',(-170.666720152535,-0.775600524743556,
-30.9397479841345));
#5996=CARTESIAN_POINT('Ctrl Pts',(-169.67556956704,-0.775600524743556,-30.9397479925741));
#5997=CARTESIAN_POINT('Ctrl Pts',(-168.688679238445,-0.775600524743556,
-31.3245393469227));
#5998=CARTESIAN_POINT('Ctrl Pts',(-167.959118472363,-0.775600524743555,
-31.9954496030114));
#5999=CARTESIAN_POINT('Ctrl Pts',(-170.666720152535,-0.999999999999969,
-30.9397479841345));
#6000=CARTESIAN_POINT('Ctrl Pts',(-169.675368138058,-0.99999999999997,-30.9397479925758));
#6001=CARTESIAN_POINT('Ctrl Pts',(-168.688827505202,-0.999999999999969,
-31.3244029995582));
#6002=CARTESIAN_POINT('Ctrl Pts',(-167.959118472363,-0.999999999999969,
-31.9954496030114));
#6003=CARTESIAN_POINT('',(-167.282218043805,3.03243724699621E-14,-31.2593750077306));
#6004=CARTESIAN_POINT('',(-167.959118472363,-0.999999999999969,-31.9954496030114));
#6005=CARTESIAN_POINT('Origin',(-167.282218043805,-0.99999999999997,-31.2593750077306));
#6006=CARTESIAN_POINT('Ctrl Pts',(-167.959118472363,-0.999999999999969,
-31.9954496030114));
#6007=CARTESIAN_POINT('Ctrl Pts',(-168.688827505202,-0.999999999999969,
-31.3244029995582));
#6008=CARTESIAN_POINT('Ctrl Pts',(-169.675368138058,-0.99999999999997,-30.9397479925758));
#6009=CARTESIAN_POINT('Ctrl Pts',(-170.666720152535,-0.999999999999969,
-30.9397479841345));
#6010=CARTESIAN_POINT('Ctrl Pts',(-170.66672014402,2.98372437868011E-14,
-29.9397479841345));
#6011=CARTESIAN_POINT('Ctrl Pts',(-169.427530125922,2.96854867846877E-14,
-29.9397479946862));
#6012=CARTESIAN_POINT('Ctrl Pts',(-168.194354334853,2.99629667510646E-14,
-30.4205667534146));
#6013=CARTESIAN_POINT('Ctrl Pts',(-167.282218043805,3.03923552991137E-14,
-31.2593750077306));
#6014=CARTESIAN_POINT('Ctrl Pts',(-164.905565972319,-0.999999999999969,
-33.1899319715101));
#6015=CARTESIAN_POINT('Ctrl Pts',(-166.032627523351,-0.999999999999969,
-33.1900875294263));
#6016=CARTESIAN_POINT('Ctrl Pts',(-167.130275977228,-0.999999999999969,
-32.7576601775391));
#6017=CARTESIAN_POINT('Ctrl Pts',(-167.959118472363,-0.999999999999969,
-31.9954496030114));
#6018=CARTESIAN_POINT('Ctrl Pts',(-164.905565972319,-0.700800699658084,
-33.1899319715101));
#6019=CARTESIAN_POINT('Ctrl Pts',(-166.033447895497,-0.700800699658085,
-33.1900876426548));
#6020=CARTESIAN_POINT('Ctrl Pts',(-167.129674547413,-0.700800699658084,
-32.758213257488));
#6021=CARTESIAN_POINT('Ctrl Pts',(-167.959118472363,-0.700800699658087,
-31.9954496030114));
#6022=CARTESIAN_POINT('Ctrl Pts',(-164.905600657569,-0.18301048588515,-32.9386274270784));
#6023=CARTESIAN_POINT('Ctrl Pts',(-165.967959091955,-0.183010485885154,
-32.9387740546199));
#6024=CARTESIAN_POINT('Ctrl Pts',(-167.007602859231,-0.183010485885151,
-32.5290596229766));
#6025=CARTESIAN_POINT('Ctrl Pts',(-167.789010316918,-0.183010485885157,
-31.8104707104147));
#6026=CARTESIAN_POINT('Ctrl Pts',(-164.905673021309,2.96909537403714E-14,
-32.414331454154));
#6027=CARTESIAN_POINT('Ctrl Pts',(-165.83352026487,2.58918451626617E-14,
-32.4144595163558));
#6028=CARTESIAN_POINT('Ctrl Pts',(-166.751319299658,2.86940216005499E-14,
-32.0524536799646));
#6029=CARTESIAN_POINT('Ctrl Pts',(-167.434114144774,2.176815801671E-14,
-31.4245497606612));
#6030=CARTESIAN_POINT('Ctrl Pts',(-164.9057039931,2.96984659087229E-14,
-32.189931981035));
#6031=CARTESIAN_POINT('Ctrl Pts',(-165.776065774605,2.59026102044967E-14,
-32.1900521090484));
#6032=CARTESIAN_POINT('Ctrl Pts',(-166.641566841633,2.87088392216175E-14,
-31.8485232762442));
#6033=CARTESIAN_POINT('Ctrl Pts',(-167.282218043805,2.17881268582687E-14,
-31.2593750077307));
#6034=CARTESIAN_POINT('',(-164.9057039931,3.06336111372058E-14,-32.189931981035));
#6035=CARTESIAN_POINT('Ctrl Pts',(-167.282218043805,2.17881268582687E-14,
-31.2593750077307));
#6036=CARTESIAN_POINT('Ctrl Pts',(-166.641566841633,2.87088392216175E-14,
-31.8485232762442));
#6037=CARTESIAN_POINT('Ctrl Pts',(-165.776065774605,2.59026102044967E-14,
-32.1900521090484));
#6038=CARTESIAN_POINT('Ctrl Pts',(-164.9057039931,2.96984659087229E-14,
-32.189931981035));
#6039=CARTESIAN_POINT('',(-164.905565972319,-0.999999999999969,-33.1899319715101));
#6040=CARTESIAN_POINT('Origin',(-164.9057039931,-0.999999999999969,-32.189931981035));
#6041=CARTESIAN_POINT('Ctrl Pts',(-164.905565972319,-0.999999999999969,
-33.1899319715101));
#6042=CARTESIAN_POINT('Ctrl Pts',(-166.032627523351,-0.999999999999969,
-33.1900875294263));
#6043=CARTESIAN_POINT('Ctrl Pts',(-167.130275977228,-0.999999999999969,
-32.7576601775391));
#6044=CARTESIAN_POINT('Ctrl Pts',(-167.959118472363,-0.999999999999969,
-31.9954496030114));
#6045=CARTESIAN_POINT('Origin',(-160.218322073009,-0.99999999999997,-32.1899319449375));
#6046=CARTESIAN_POINT('',(-147.904870486234,2.86068365907069E-14,-32.189931875131));
#6047=CARTESIAN_POINT('',(-147.904870480565,-0.999999999999971,-33.189931875131));
#6048=CARTESIAN_POINT('Origin',(-147.904870486234,-0.999999999999972,-32.189931875131));
#6049=CARTESIAN_POINT('',(-160.21832206734,-0.999999999999969,-33.1899319449375));
#6050=CARTESIAN_POINT('',(-160.218322073009,3.01147995429574E-14,-32.1899319449375));
#6051=CARTESIAN_POINT('Ctrl Pts',(-144.855222564449,-0.999999999999972,
-31.9979002220647));
#6052=CARTESIAN_POINT('Ctrl Pts',(-145.685710244088,-0.999999999999971,
-32.7630115380406));
#6053=CARTESIAN_POINT('Ctrl Pts',(-146.779384176851,-0.999999999999971,
-33.1896506512995));
#6054=CARTESIAN_POINT('Ctrl Pts',(-147.904870480565,-0.999999999999971,
-33.189931875131));
#6055=CARTESIAN_POINT('Ctrl Pts',(-144.855222564449,-0.700800699658082,
-31.9979002220647));
#6056=CARTESIAN_POINT('Ctrl Pts',(-145.686322757241,-0.700800699658085,
-32.763575833883));
#6057=CARTESIAN_POINT('Ctrl Pts',(-146.778563234994,-0.700800699658087,
-33.1896504461718));
#6058=CARTESIAN_POINT('Ctrl Pts',(-147.904870480565,-0.700800699658086,
-33.189931875131));
#6059=CARTESIAN_POINT('Ctrl Pts',(-145.025494715913,-0.183004685396472,
-31.813078848986));
#6060=CARTESIAN_POINT('Ctrl Pts',(-145.807673210271,-0.183004685396481,
-32.5336839004738));
#6061=CARTESIAN_POINT('Ctrl Pts',(-146.844195018832,-0.183004685396488,
-32.9383671251406));
#6062=CARTESIAN_POINT('Ctrl Pts',(-147.904933272502,-0.183004685396485,
-32.9386321704592));
#6063=CARTESIAN_POINT('Ctrl Pts',(-145.380743141859,4.2518257862204E-14,
-31.4274755585897));
#6064=CARTESIAN_POINT('Ctrl Pts',(-146.062491759314,3.13305350724423E-14,
-32.0555566182537));
#6065=CARTESIAN_POINT('Ctrl Pts',(-146.978930627989,2.22714545476483E-14,
-32.4140999627618));
#6066=CARTESIAN_POINT('Ctrl Pts',(-147.905064278875,2.64040583863335E-14,
-32.4143313745995));
#6067=CARTESIAN_POINT('Ctrl Pts',(-145.532788606045,4.17721413015215E-14,
-31.2624382860847));
#6068=CARTESIAN_POINT('Ctrl Pts',(-146.17161694421,3.04167520973673E-14,
-31.8509777701478));
#6069=CARTESIAN_POINT('Ctrl Pts',(-147.036512081515,2.12670007315782E-14,
-32.1897148683049));
#6070=CARTESIAN_POINT('Ctrl Pts',(-147.905120349285,2.53963516883005E-14,
-32.1899319063482));
#6071=CARTESIAN_POINT('',(-145.532788606045,2.76628115954125E-14,-31.2624382860847));
#6072=CARTESIAN_POINT('Ctrl Pts',(-147.904870486364,2.53951642094132E-14,
-32.1899318345781));
#6073=CARTESIAN_POINT('Ctrl Pts',(-147.036346220322,2.12687554243457E-14,
-32.1896499054815));
#6074=CARTESIAN_POINT('Ctrl Pts',(-146.171555689293,3.0417840924169E-14,
-31.850921337246));
#6075=CARTESIAN_POINT('Ctrl Pts',(-145.532788606045,4.17721413015215E-14,
-31.2624382860847));
#6076=CARTESIAN_POINT('',(-144.855222564449,-0.999999999999972,-31.9979002220647));
#6077=CARTESIAN_POINT('Origin',(-145.532788606045,-0.999999999999972,-31.2624382860847));
#6078=CARTESIAN_POINT('Ctrl Pts',(-144.855222564449,-0.999999999999972,
-31.9979002220647));
#6079=CARTESIAN_POINT('Ctrl Pts',(-145.685710244088,-0.999999999999971,
-32.7630115380406));
#6080=CARTESIAN_POINT('Ctrl Pts',(-146.779384176851,-0.999999999999971,
-33.1896506512995));
#6081=CARTESIAN_POINT('Ctrl Pts',(-147.904870480565,-0.999999999999971,
-33.189931875131));
#6082=CARTESIAN_POINT('Ctrl Pts',(-145.532788606045,2.76167977375508E-14,
-31.2624382860847));
#6083=CARTESIAN_POINT('Ctrl Pts',(-144.620302841414,2.69627664854428E-14,
-30.4217838112471));
#6084=CARTESIAN_POINT('Ctrl Pts',(-143.385655905661,2.65197384593297E-14,
-29.9397479748488));
#6085=CARTESIAN_POINT('Ctrl Pts',(-142.144958433785,2.63677968348475E-14,
-29.9397479659848));
#6086=CARTESIAN_POINT('Ctrl Pts',(-145.330061320464,2.76167977375508E-14,
-31.482487982758));
#6087=CARTESIAN_POINT('Ctrl Pts',(-144.472415159348,2.6961739777063E-14,
-30.6923561131821));
#6088=CARTESIAN_POINT('Ctrl Pts',(-143.311091060896,2.65199769796429E-14,
-30.238947274658));
#6089=CARTESIAN_POINT('Ctrl Pts',(-142.144958431647,2.63677968348475E-14,
-30.2389472663267));
#6090=CARTESIAN_POINT('Ctrl Pts',(-144.979219332721,-0.251298492312846,
-31.8633083186192));
#6091=CARTESIAN_POINT('Ctrl Pts',(-144.215771466802,-0.251298492312846,
-31.1599594120757));
#6092=CARTESIAN_POINT('Ctrl Pts',(-143.183010607906,-0.251298492312847,
-30.756744752077));
#6093=CARTESIAN_POINT('Ctrl Pts',(-142.144958427948,-0.251298492312847,
-30.7567447446608));
#6094=CARTESIAN_POINT('Ctrl Pts',(-144.855222564449,-0.775600524743558,
-31.9979002220647));
#6095=CARTESIAN_POINT('Ctrl Pts',(-144.125382276308,-0.775600524743559,
-31.325513289661));
#6096=CARTESIAN_POINT('Ctrl Pts',(-143.137314730124,-0.775600524743559,
-30.9397479730746));
#6097=CARTESIAN_POINT('Ctrl Pts',(-142.144958426641,-0.775600524743559,
-30.9397479659848));
#6098=CARTESIAN_POINT('Ctrl Pts',(-144.855222564449,-0.999999999999972,
-31.9979002220647));
#6099=CARTESIAN_POINT('Ctrl Pts',(-144.125233952744,-0.999999999999973,
-31.3253766421955));
#6100=CARTESIAN_POINT('Ctrl Pts',(-143.137516404142,-0.999999999999973,
-30.939747973076));
#6101=CARTESIAN_POINT('Ctrl Pts',(-142.144958426641,-0.999999999999973,
-30.9397479659848));
#6102=CARTESIAN_POINT('',(-142.144958433785,2.63946895038785E-14,-29.9397479659848));
#6103=CARTESIAN_POINT('',(-142.144958426641,-0.999999999999973,-30.9397479659848));
#6104=CARTESIAN_POINT('Origin',(-142.144958433785,-0.999999999999974,-29.9397479659848));
#6105=CARTESIAN_POINT('Ctrl Pts',(-142.144958426641,-0.999999999999973,
-30.9397479659848));
#6106=CARTESIAN_POINT('Ctrl Pts',(-143.137516404142,-0.999999999999973,
-30.939747973076));
#6107=CARTESIAN_POINT('Ctrl Pts',(-144.125233952744,-0.999999999999973,
-31.3253766421955));
#6108=CARTESIAN_POINT('Ctrl Pts',(-144.855222564449,-0.999999999999972,
-31.9979002220647));
#6109=CARTESIAN_POINT('Ctrl Pts',(-145.532788606045,2.76167977375508E-14,
-31.2624382860847));
#6110=CARTESIAN_POINT('Ctrl Pts',(-144.620302841414,2.69627664854428E-14,
-30.4217838112471));
#6111=CARTESIAN_POINT('Ctrl Pts',(-143.385655905661,2.65197384593297E-14,
-29.9397479748488));
#6112=CARTESIAN_POINT('Ctrl Pts',(-142.144958433785,2.63677968348475E-14,
-29.9397479659848));
#6113=CARTESIAN_POINT('Origin',(-149.77167111021,-0.999999999999973,-29.9397480204727));
#6114=CARTESIAN_POINT('',(-128.904910638924,2.47838007432537E-14,-29.9397478713933));
#6115=CARTESIAN_POINT('',(-128.90491063178,-0.999999999999974,-30.9397478713933));
#6116=CARTESIAN_POINT('Origin',(-128.904910638924,-0.999999999999975,-29.9397478713933));
#6117=CARTESIAN_POINT('',(-149.771671103065,-0.999999999999972,-30.9397480204727));
#6118=CARTESIAN_POINT('',(-149.77167111021,2.73392419813945E-14,-29.9397480204727));
#6119=CARTESIAN_POINT('Ctrl Pts',(-125.718304951486,-0.999999999999976,
-29.6159754872981));
#6120=CARTESIAN_POINT('Ctrl Pts',(-125.749687626269,-0.999999999999976,
-29.6474586260677));
#6121=CARTESIAN_POINT('Ctrl Pts',(-125.781541177524,-0.999999999999976,
-29.6784862701002));
#6122=CARTESIAN_POINT('Ctrl Pts',(-126.647039347231,-0.999999999999975,
-30.4971365073512));
#6123=CARTESIAN_POINT('Ctrl Pts',(-127.764948514945,-0.999999999999975,
-30.9394587987453));
#6124=CARTESIAN_POINT('Ctrl Pts',(-128.90491063178,-0.999999999999975,-30.9397478713933));
#6125=CARTESIAN_POINT('Ctrl Pts',(-125.718304951486,-0.70080069965809,-29.6159754872981));
#6126=CARTESIAN_POINT('Ctrl Pts',(-125.749687626269,-0.700800699658084,
-29.6474586260677));
#6127=CARTESIAN_POINT('Ctrl Pts',(-125.781541177524,-0.700800699658106,
-29.6784862701002));
#6128=CARTESIAN_POINT('Ctrl Pts',(-126.647039347231,-0.700800699658089,
-30.4971365073512));
#6129=CARTESIAN_POINT('Ctrl Pts',(-127.764948514945,-0.700800699658091,
-30.9394587987453));
#6130=CARTESIAN_POINT('Ctrl Pts',(-128.90491063178,-0.700800699658089,-30.9397478713933));
#6131=CARTESIAN_POINT('Ctrl Pts',(-125.896279667556,-0.182996625033751,
-29.4385686958434));
#6132=CARTESIAN_POINT('Ctrl Pts',(-125.925920022283,-0.182996625033747,
-29.46830394416));
#6133=CARTESIAN_POINT('Ctrl Pts',(-125.956008425029,-0.182996625033737,
-29.4976123109479));
#6134=CARTESIAN_POINT('Ctrl Pts',(-126.771014163745,-0.182996625033755,
-30.2672264447083));
#6135=CARTESIAN_POINT('Ctrl Pts',(-127.82873450004,-0.182996625033752,-30.6870520386855));
#6136=CARTESIAN_POINT('Ctrl Pts',(-128.904974354888,-0.18299662503375,-30.6884548847145));
#6137=CARTESIAN_POINT('Ctrl Pts',(-126.267613074094,2.4042115068E-14,-29.0684202294299));
#6138=CARTESIAN_POINT('Ctrl Pts',(-126.293618190012,2.45394421011718E-14,
-29.0945085988595));
#6139=CARTESIAN_POINT('Ctrl Pts',(-126.320023717594,6.10923944007129E-14,
-29.1202297982181));
#6140=CARTESIAN_POINT('Ctrl Pts',(-127.030076779775,1.59099889670284E-14,
-29.7910581019066));
#6141=CARTESIAN_POINT('Ctrl Pts',(-127.965911027208,2.50175045553177E-14,
-30.1632093384375));
#6142=CARTESIAN_POINT('Ctrl Pts',(-128.905107309272,2.55463024078378E-14,
-30.1641473715865));
#6143=CARTESIAN_POINT('Ctrl Pts',(-126.426540834629,2.33146835171283E-14,
-28.9099996138944));
#6144=CARTESIAN_POINT('Ctrl Pts',(-126.450990098182,2.33373446604683E-14,
-28.9345271458069));
#6145=CARTESIAN_POINT('Ctrl Pts',(-126.475819384272,6.36706153372235E-14,
-28.9587130658527));
#6146=CARTESIAN_POINT('Ctrl Pts',(-127.141026936338,1.43882459487515E-14,
-29.5879140732953));
#6147=CARTESIAN_POINT('Ctrl Pts',(-128.025378473078,2.53222462130626E-14,
-29.9395248066633));
#6148=CARTESIAN_POINT('Ctrl Pts',(-128.905164212697,2.55351295663786E-14,
-29.9397479035449));
#6149=CARTESIAN_POINT('',(-126.426540834629,2.38054750881969E-14,-28.9099996138944));
#6150=CARTESIAN_POINT('Ctrl Pts',(-128.904910639586,2.55350679120512E-14,
-29.9397478295136));
#6151=CARTESIAN_POINT('Ctrl Pts',(-128.025208549371,2.53201458105065E-14,
-29.9394572431874));
#6152=CARTESIAN_POINT('Ctrl Pts',(-127.140965447778,1.4392801371926E-14,
-29.5878559130062));
#6153=CARTESIAN_POINT('Ctrl Pts',(-126.475819384272,6.36706153372235E-14,
-28.9587130658527));
#6154=CARTESIAN_POINT('Ctrl Pts',(-126.450990098182,2.33373446604683E-14,
-28.9345271458069));
#6155=CARTESIAN_POINT('Ctrl Pts',(-126.426540834629,2.33146835171283E-14,
-28.9099996138944));
#6156=CARTESIAN_POINT('',(-125.718304951486,-0.999999999999976,-29.6159754872981));
#6157=CARTESIAN_POINT('Origin',(-126.426540834629,-0.999999999999976,-28.9099996138944));
#6158=CARTESIAN_POINT('Ctrl Pts',(-125.718304951486,-0.999999999999976,
-29.6159754872981));
#6159=CARTESIAN_POINT('Ctrl Pts',(-125.749687626269,-0.999999999999976,
-29.6474586260677));
#6160=CARTESIAN_POINT('Ctrl Pts',(-125.781541177524,-0.999999999999976,
-29.6784862701002));
#6161=CARTESIAN_POINT('Ctrl Pts',(-126.647039347231,-0.999999999999975,
-30.4971365073512));
#6162=CARTESIAN_POINT('Ctrl Pts',(-127.764948514945,-0.999999999999975,
-30.9394587987453));
#6163=CARTESIAN_POINT('Ctrl Pts',(-128.90491063178,-0.999999999999975,-30.9397478713933));
#6164=CARTESIAN_POINT('Ctrl Pts',(-126.426540834629,2.38697950294409E-14,
-28.9099996138944));
#6165=CARTESIAN_POINT('Ctrl Pts',(-125.50058634814,2.31571774139716E-14,
-27.9810809097357));
#6166=CARTESIAN_POINT('Ctrl Pts',(-124.196956553022,2.26426403291784E-14,
-27.4398789934961));
#6167=CARTESIAN_POINT('Ctrl Pts',(-122.885361466882,2.24820162486594E-14,
-27.4398789809128));
#6168=CARTESIAN_POINT('Ctrl Pts',(-126.214637153916,2.38697950294409E-14,
-29.121227101275));
#6169=CARTESIAN_POINT('Ctrl Pts',(-125.344331729451,2.31560587358121E-14,
-28.248135606053));
#6170=CARTESIAN_POINT('Ctrl Pts',(-124.11813082236,2.26428924793454E-14,
-27.7390782930817));
#6171=CARTESIAN_POINT('Ctrl Pts',(-122.885361464011,2.24820162486594E-14,
-27.7390782812547));
#6172=CARTESIAN_POINT('Ctrl Pts',(-125.847908329728,-0.251291349513587,
-29.4867856787497));
#6173=CARTESIAN_POINT('Ctrl Pts',(-125.07319161189,-0.251291349513587,-28.7095888941085));
#6174=CARTESIAN_POINT('Ctrl Pts',(-123.982731421707,-0.251291349513588,
-28.2568843404686));
#6175=CARTESIAN_POINT('Ctrl Pts',(-122.885361459044,-0.251291349513588,
-28.2568843299405));
#6176=CARTESIAN_POINT('Ctrl Pts',(-125.718304951486,-0.775600524743562,
-29.6159754872981));
#6177=CARTESIAN_POINT('Ctrl Pts',(-124.977691875184,-0.775600524743562,
-28.8729915186911));
#6178=CARTESIAN_POINT('Ctrl Pts',(-123.934424327853,-0.775600524743563,
-28.4398789909774));
#6179=CARTESIAN_POINT('Ctrl Pts',(-122.885361457288,-0.775600524743563,
-28.4398789809128));
#6180=CARTESIAN_POINT('Ctrl Pts',(-125.718304951486,-0.999999999999975,
-29.6159754872981));
#6181=CARTESIAN_POINT('Ctrl Pts',(-124.977541362295,-0.999999999999976,
-28.8728405239716));
#6182=CARTESIAN_POINT('Ctrl Pts',(-123.9346375262,-0.999999999999977,-28.4398789909794));
#6183=CARTESIAN_POINT('Ctrl Pts',(-122.885361457288,-0.999999999999977,
-28.4398789809128));
#6184=CARTESIAN_POINT('',(-122.885361466882,2.24234697397044E-14,-27.4398789809128));
#6185=CARTESIAN_POINT('',(-122.885361457288,-0.999999999999977,-28.4398789809128));
#6186=CARTESIAN_POINT('Origin',(-122.885361466882,-0.999999999999977,-27.4398789809128));
#6187=CARTESIAN_POINT('Ctrl Pts',(-122.885361457288,-0.999999999999977,
-28.4398789809128));
#6188=CARTESIAN_POINT('Ctrl Pts',(-123.9346375262,-0.999999999999977,-28.4398789909794));
#6189=CARTESIAN_POINT('Ctrl Pts',(-124.977541362295,-0.999999999999976,
-28.8728405239716));
#6190=CARTESIAN_POINT('Ctrl Pts',(-125.718304951486,-0.999999999999975,
-29.6159754872981));
#6191=CARTESIAN_POINT('Ctrl Pts',(-126.426540834629,2.38697950294409E-14,
-28.9099996138944));
#6192=CARTESIAN_POINT('Ctrl Pts',(-125.50058634814,2.31571774139716E-14,
-27.9810809097357));
#6193=CARTESIAN_POINT('Ctrl Pts',(-124.196956553022,2.26426403291784E-14,
-27.4398789934961));
#6194=CARTESIAN_POINT('Ctrl Pts',(-122.885361466882,2.24820162486594E-14,
-27.4398789809128));
#6195=CARTESIAN_POINT('Origin',(-140.202970750925,-0.999999999999976,-27.4398791470562));
#6196=CARTESIAN_POINT('',(-109.904908068329,2.08532416838629E-14,-27.4398788563796));
#6197=CARTESIAN_POINT('',(-109.904908058735,-0.999999999999979,-28.4398788563796));
#6198=CARTESIAN_POINT('Origin',(-109.904908068329,-0.999999999999979,-27.4398788563796));
#6199=CARTESIAN_POINT('',(-140.202970741332,-0.999999999999975,-28.4398791470562));
#6200=CARTESIAN_POINT('',(-140.202970750925,2.45636844198316E-14,-27.4398791470562));
#6201=CARTESIAN_POINT('Ctrl Pts',(-106.855360014428,-0.99999999999998,-27.2478649101185));
#6202=CARTESIAN_POINT('Ctrl Pts',(-107.68585199116,-0.999999999999979,-28.0129879346887));
#6203=CARTESIAN_POINT('Ctrl Pts',(-108.779438612682,-0.999999999999979,
-28.4395772596192));
#6204=CARTESIAN_POINT('Ctrl Pts',(-109.904908058735,-0.999999999999979,
-28.4398788563796));
#6205=CARTESIAN_POINT('Ctrl Pts',(-106.855360014428,-0.700800699658097,
-27.2478649101185));
#6206=CARTESIAN_POINT('Ctrl Pts',(-107.686464601457,-0.700800699658096,
-28.0135523257446));
#6207=CARTESIAN_POINT('Ctrl Pts',(-108.77861762418,-0.700800699658092,-28.4395770396155));
#6208=CARTESIAN_POINT('Ctrl Pts',(-109.904908058735,-0.700800699658093,
-28.4398788563796));
#6209=CARTESIAN_POINT('Ctrl Pts',(-107.025622633061,-0.182986152441395,
-27.0630557563333));
#6210=CARTESIAN_POINT('Ctrl Pts',(-107.80779776271,-0.182986152441395,-27.783665006883));
#6211=CARTESIAN_POINT('Ctrl Pts',(-108.844257679261,-0.182986152441384,
-28.1883103538613));
#6212=CARTESIAN_POINT('Ctrl Pts',(-109.90497539643,-0.182986152441386,-28.1885945988298));
#6213=CARTESIAN_POINT('Ctrl Pts',(-107.38088347102,1.2192484429318E-14,
-26.6774428991882));
#6214=CARTESIAN_POINT('Ctrl Pts',(-108.062612795659,1.24087260124528E-14,
-27.3055125463611));
#6215=CARTESIAN_POINT('Ctrl Pts',(-108.979010433199,2.7223799207092E-14,
-27.6640301871241));
#6216=CARTESIAN_POINT('Ctrl Pts',(-109.905115899648,2.34646342366656E-14,
-27.664278359484));
#6217=CARTESIAN_POINT('Ctrl Pts',(-107.532929768221,1.22124532708767E-14,
-26.5124063941267));
#6218=CARTESIAN_POINT('Ctrl Pts',(-108.171732006444,1.24292450738254E-14,
-27.1009277938574));
#6219=CARTESIAN_POINT('Ctrl Pts',(-109.036599218046,2.82422474548072E-14,
-27.4396461361184));
#6220=CARTESIAN_POINT('Ctrl Pts',(-109.905176032913,2.34534613952064E-14,
-27.4398788922847));
#6221=CARTESIAN_POINT('',(-107.532929768221,1.99450510622312E-14,-26.5124063941267));
#6222=CARTESIAN_POINT('Ctrl Pts',(-109.904908068479,2.34549381295691E-14,
-27.4398788097384));
#6223=CARTESIAN_POINT('Ctrl Pts',(-109.036421340369,2.8238995307822E-14,
-27.4395764681673));
#6224=CARTESIAN_POINT('Ctrl Pts',(-108.171666314171,1.24292227796858E-14,
-27.1008672722968));
#6225=CARTESIAN_POINT('Ctrl Pts',(-107.532929768221,1.22124532708767E-14,
-26.5124063941267));
#6226=CARTESIAN_POINT('',(-106.855360014428,-0.99999999999998,-27.2478649101185));
#6227=CARTESIAN_POINT('Origin',(-107.532929768221,-0.99999999999998,-26.5124063941267));
#6228=CARTESIAN_POINT('Ctrl Pts',(-106.855360014428,-0.99999999999998,-27.2478649101185));
#6229=CARTESIAN_POINT('Ctrl Pts',(-107.68585199116,-0.999999999999979,-28.0129879346887));
#6230=CARTESIAN_POINT('Ctrl Pts',(-108.779438612682,-0.999999999999979,
-28.4395772596192));
#6231=CARTESIAN_POINT('Ctrl Pts',(-109.904908058735,-0.999999999999979,
-28.4398788563796));
#6232=CARTESIAN_POINT('Ctrl Pts',(-107.532929768221,1.99840144432528E-14,
-26.5124063941267));
#6233=CARTESIAN_POINT('Ctrl Pts',(-106.620442058925,1.93299763045435E-14,
-25.6717416127923));
#6234=CARTESIAN_POINT('Ctrl Pts',(-105.385786911921,1.88869561940358E-14,
-25.1896989808386));
#6235=CARTESIAN_POINT('Ctrl Pts',(-104.14508102647,1.87350135405495E-14,
-25.1896989740855));
#6236=CARTESIAN_POINT('Ctrl Pts',(-107.330201371953,1.83372595408552E-14,
-26.7324550675419));
#6237=CARTESIAN_POINT('Ctrl Pts',(-106.472553383045,1.98900444565144E-14,
-25.9423135108805));
#6238=CARTESIAN_POINT('Ctrl Pts',(-105.311221562016,1.88871947159644E-14,
-25.4888982807746));
#6239=CARTESIAN_POINT('Ctrl Pts',(-104.145081024842,1.87350135405495E-14,
-25.4888982744274));
#6240=CARTESIAN_POINT('Ctrl Pts',(-106.979344250286,-0.251282241452038,
-27.113287973057));
#6241=CARTESIAN_POINT('Ctrl Pts',(-106.215894757328,-0.251282241452035,
-26.4099304433944));
#6242=CARTESIAN_POINT('Ctrl Pts',(-105.183140241352,-0.251282241452036,
-26.0067152571527));
#6243=CARTESIAN_POINT('Ctrl Pts',(-104.145081022023,-0.251282241452036,
-26.0067152515026));
#6244=CARTESIAN_POINT('Ctrl Pts',(-106.855360014428,-0.775600524743567,
-27.2478649101185));
#6245=CARTESIAN_POINT('Ctrl Pts',(-106.125518170871,-0.775600524743566,
-26.575469734192));
#6246=CARTESIAN_POINT('Ctrl Pts',(-105.137444054004,-0.775600524743567,
-26.1896989794869));
#6247=CARTESIAN_POINT('Ctrl Pts',(-104.145081021027,-0.775600524743567,
-26.1896989740855));
#6248=CARTESIAN_POINT('Ctrl Pts',(-106.855360014428,-0.99999999999998,-27.2478649101185));
#6249=CARTESIAN_POINT('Ctrl Pts',(-106.125369846991,-0.99999999999998,-26.5753330850511));
#6250=CARTESIAN_POINT('Ctrl Pts',(-105.137645729389,-0.99999999999998,-26.189698979488));
#6251=CARTESIAN_POINT('Ctrl Pts',(-104.145081021027,-0.999999999999981,
-26.1896989740855));
#6252=CARTESIAN_POINT('',(-104.14508102647,1.86769156658705E-14,-25.1896989740855));
#6253=CARTESIAN_POINT('',(-104.145081021027,-0.999999999999981,-26.1896989740855));
#6254=CARTESIAN_POINT('Origin',(-104.14508102647,-0.999999999999981,-25.1896989740855));
#6255=CARTESIAN_POINT('Ctrl Pts',(-104.145081021027,-0.999999999999981,
-26.1896989740855));
#6256=CARTESIAN_POINT('Ctrl Pts',(-105.137645729389,-0.99999999999998,-26.189698979488));
#6257=CARTESIAN_POINT('Ctrl Pts',(-106.125369846991,-0.99999999999998,-26.5753330850511));
#6258=CARTESIAN_POINT('Ctrl Pts',(-106.855360014428,-0.99999999999998,-27.2478649101185));
#6259=CARTESIAN_POINT('Ctrl Pts',(-107.532929768221,1.99840144432528E-14,
-26.5124063941267));
#6260=CARTESIAN_POINT('Ctrl Pts',(-106.620442058925,1.93299763045435E-14,
-25.6717416127923));
#6261=CARTESIAN_POINT('Ctrl Pts',(-105.385786911921,1.88869561940358E-14,
-25.1896989808386));
#6262=CARTESIAN_POINT('Ctrl Pts',(-104.14508102647,1.87350135405495E-14,
-25.1896989740855));
#6263=CARTESIAN_POINT('Origin',(-130.771733554108,-0.999999999999978,-25.1896991190133));
#6264=CARTESIAN_POINT('',(-89.1550585792465,1.6830331810314E-14,-25.1896988924954));
#6265=CARTESIAN_POINT('',(-89.1550585738036,-0.999999999999983,-26.1896988924954));
#6266=CARTESIAN_POINT('Origin',(-89.1550585792465,-0.999999999999983,-25.1896988924954));
#6267=CARTESIAN_POINT('',(-130.771733548665,-0.999999999999977,-26.1896991190133));
#6268=CARTESIAN_POINT('',(-130.771733554108,2.19269047363468E-14,-25.1896991190133));
#6269=CARTESIAN_POINT('Ctrl Pts',(-84.6561030468101,-0.999999999999986,
-21.6906809302666));
#6270=CARTESIAN_POINT('Ctrl Pts',(-84.6563643619488,-0.999999999999985,
-22.9133080279446));
#6271=CARTESIAN_POINT('Ctrl Pts',(-85.170006925259,-0.999999999999984,-24.1130481848555));
#6272=CARTESIAN_POINT('Ctrl Pts',(-86.8936999164052,-0.999999999999983,
-25.7442917982917));
#6273=CARTESIAN_POINT('Ctrl Pts',(-88.0173243269609,-0.999999999999983,
-26.1894351140245));
#6274=CARTESIAN_POINT('Ctrl Pts',(-89.1550585738036,-0.999999999999983,
-26.1896988924954));
#6275=CARTESIAN_POINT('Ctrl Pts',(-84.6561030468101,-0.700800699658096,
-21.6906809302666));
#6276=CARTESIAN_POINT('Ctrl Pts',(-84.6563643619488,-0.700800699658109,
-22.9133080279446));
#6277=CARTESIAN_POINT('Ctrl Pts',(-85.170006925259,-0.700800699658102,-24.1130481848555));
#6278=CARTESIAN_POINT('Ctrl Pts',(-86.8936999164052,-0.700800699658094,
-25.7442917982917));
#6279=CARTESIAN_POINT('Ctrl Pts',(-88.0173243269609,-0.700800699658098,
-26.1894351140245));
#6280=CARTESIAN_POINT('Ctrl Pts',(-89.1550585738036,-0.700800699658098,
-26.1896988924954));
#6281=CARTESIAN_POINT('Ctrl Pts',(-84.9073747098824,-0.182971036905279,
-21.6906272253474));
#6282=CARTESIAN_POINT('Ctrl Pts',(-84.9088187706177,-0.182971036905276,
-22.8445698307164));
#6283=CARTESIAN_POINT('Ctrl Pts',(-85.395699795573,-0.182971036905309,-23.9793644585254));
#6284=CARTESIAN_POINT('Ctrl Pts',(-87.0182351396922,-0.182971036905288,
-25.5148918371567));
#6285=CARTESIAN_POINT('Ctrl Pts',(-88.0812152656576,-0.18297103690529,-25.9372083878271));
#6286=CARTESIAN_POINT('Ctrl Pts',(-89.1551168299869,-0.182971036905291,
-25.9384272304371));
#6287=CARTESIAN_POINT('Ctrl Pts',(-85.4317035538384,3.0119744047813E-14,
-21.690515159236));
#6288=CARTESIAN_POINT('Ctrl Pts',(-85.432687531675,3.63969842999515E-14,
-22.6979886673961));
#6289=CARTESIAN_POINT('Ctrl Pts',(-85.8642516565029,5.12219822446664E-15,
-23.7013562148997));
#6290=CARTESIAN_POINT('Ctrl Pts',(-87.2775849952201,1.15944289338296E-14,
-25.0388963446071));
#6291=CARTESIAN_POINT('Ctrl Pts',(-88.2179835933044,1.47062298483376E-14,
-25.413258518451));
#6292=CARTESIAN_POINT('Ctrl Pts',(-89.1552383932259,1.51192765421662E-14,
-25.414098388597));
#6293=CARTESIAN_POINT('Ctrl Pts',(-85.6561030239693,3.01147995429574E-14,
-21.6904671977776));
#6294=CARTESIAN_POINT('Ctrl Pts',(-85.6563048215974,3.05834945872272E-14,
-22.6346269949665));
#6295=CARTESIAN_POINT('Ctrl Pts',(-86.0642999372504,1.6284464210731E-14,
-23.5825655583748));
#6296=CARTESIAN_POINT('Ctrl Pts',(-87.3884766433591,9.57363963698732E-15,
-24.8357207350775));
#6297=CARTESIAN_POINT('Ctrl Pts',(-88.2772059734375,1.36694070568209E-14,
-25.189495339517));
#6298=CARTESIAN_POINT('Ctrl Pts',(-89.1552904192144,1.51267887105178E-14,
-25.1896989193716));
#6299=CARTESIAN_POINT('',(-85.6561030239693,1.41554069927936E-14,-21.6904671977776));
#6300=CARTESIAN_POINT('Ctrl Pts',(-89.1550585796576,1.51264038589401E-14,
-25.1896988574048));
#6301=CARTESIAN_POINT('Ctrl Pts',(-88.2770495421374,1.36686861807369E-14,
-25.1894330665304));
#6302=CARTESIAN_POINT('Ctrl Pts',(-87.3884204861937,9.57392423713454E-15,
-24.8356675898725));
#6303=CARTESIAN_POINT('Ctrl Pts',(-86.0642999372504,1.6284464210731E-14,
-23.5825655583748));
#6304=CARTESIAN_POINT('Ctrl Pts',(-85.6563048215974,3.05834945872272E-14,
-22.6346269949665));
#6305=CARTESIAN_POINT('Ctrl Pts',(-85.6561030239693,3.01147995429574E-14,
-21.6904671977776));
#6306=CARTESIAN_POINT('',(-84.6561030468101,-0.999999999999986,-21.6906809302666));
#6307=CARTESIAN_POINT('Origin',(-85.6561030239693,-0.999999999999986,-21.6904671977776));
#6308=CARTESIAN_POINT('Ctrl Pts',(-84.6561030468101,-0.999999999999986,
-21.6906809302666));
#6309=CARTESIAN_POINT('Ctrl Pts',(-84.6563643619488,-0.999999999999985,
-22.9133080279446));
#6310=CARTESIAN_POINT('Ctrl Pts',(-85.170006925259,-0.999999999999984,-24.1130481848555));
#6311=CARTESIAN_POINT('Ctrl Pts',(-86.8936999164052,-0.999999999999983,
-25.7442917982917));
#6312=CARTESIAN_POINT('Ctrl Pts',(-88.0173243269609,-0.999999999999983,
-26.1894351140245));
#6313=CARTESIAN_POINT('Ctrl Pts',(-89.1550585738036,-0.999999999999983,
-26.1896988924954));
#6314=CARTESIAN_POINT('Origin',(-85.656103238032,-0.999999999999998,-2.55011257431056));
#6315=CARTESIAN_POINT('',(-84.656103238032,-0.999999999999998,-2.55011256432016));
#6316=CARTESIAN_POINT('',(-85.656103238032,1.80411241501588E-15,-2.55011257431056));
#6317=CARTESIAN_POINT('Ctrl Pts',(-85.4175748551997,-1.23257741488552,40.6550965056697));
#6318=CARTESIAN_POINT('Ctrl Pts',(-85.196614414188,-1.07809507947109,40.2716526023816));
#6319=CARTESIAN_POINT('Ctrl Pts',(-85.0038649546023,-0.99999999999999,39.8273339268184));
#6320=CARTESIAN_POINT('Ctrl Pts',(-84.8726446488646,-0.999999999999989,
39.3650264807448));
#6321=CARTESIAN_POINT('Ctrl Pts',(-85.4758128477716,-0.957025232194357,
40.7561598593143));
#6322=CARTESIAN_POINT('Ctrl Pts',(-85.2291635269245,-0.781336441351582,
40.3468212221652));
#6323=CARTESIAN_POINT('Ctrl Pts',(-85.0140988756655,-0.694592667872274,
39.8643064697071));
#6324=CARTESIAN_POINT('Ctrl Pts',(-84.8726446488646,-0.7008006996581,39.3650264807448));
#6325=CARTESIAN_POINT('Ctrl Pts',(-85.794358009839,-0.48013096108725,40.8055878227269));
#6326=CARTESIAN_POINT('Ctrl Pts',(-85.5230355696485,-0.268697709871744,
40.363586649889));
#6327=CARTESIAN_POINT('Ctrl Pts',(-85.2785326461198,-0.16688870071582,39.8349053831128));
#6328=CARTESIAN_POINT('Ctrl Pts',(-85.1143741088645,-0.182978866740971,
39.2964145344818));
#6329=CARTESIAN_POINT('Ctrl Pts',(-86.2843128367639,-0.311659544054076,
40.6055582172118));
#6330=CARTESIAN_POINT('Ctrl Pts',(-86.0289848489559,-0.0982844815187861,
40.1711241713844));
#6331=CARTESIAN_POINT('Ctrl Pts',(-85.7931429364786,0.00722612645313959,
39.6672011514217));
#6332=CARTESIAN_POINT('Ctrl Pts',(-85.6187718503854,1.94923583924776E-14,
39.1532474139478));
#6333=CARTESIAN_POINT('Ctrl Pts',(-86.4787508641898,-0.31168537913232,40.4935002297945));
#6334=CARTESIAN_POINT('Ctrl Pts',(-86.2345282365406,-0.104658031671934,
40.0697679978711));
#6335=CARTESIAN_POINT('Ctrl Pts',(-86.0081548701116,1.47387267147668E-14,
39.586447326684));
#6336=CARTESIAN_POINT('Ctrl Pts',(-85.8346439999705,1.56819002228303E-14,
39.0919747485184));
#6337=CARTESIAN_POINT('',(-86.4787508641898,-0.311685379132304,40.4935002297945));
#6338=CARTESIAN_POINT('Ctrl Pts',(-85.8346439999705,1.56819002228303E-14,
39.0919747485184));
#6339=CARTESIAN_POINT('Ctrl Pts',(-86.0081548701116,1.47387267147668E-14,
39.586447326684));
#6340=CARTESIAN_POINT('Ctrl Pts',(-86.2345282365406,-0.104658031671934,
40.0697679978711));
#6341=CARTESIAN_POINT('Ctrl Pts',(-86.4787508641898,-0.31168537913232,40.4935002297945));
#6342=CARTESIAN_POINT('Origin',(-86.2840118896268,-1.23257741488552,40.1558101495842));
#6343=CARTESIAN_POINT('Ctrl Pts',(-85.6111482145315,-1.431451970274,40.9907651881096));
#6344=CARTESIAN_POINT('Ctrl Pts',(-85.5491993522503,-1.35565949391733,40.883341867812));
#6345=CARTESIAN_POINT('Ctrl Pts',(-85.4844382996581,-1.28907946198289,40.7710420282468));
#6346=CARTESIAN_POINT('Ctrl Pts',(-85.4175748551997,-1.23244160941527,40.6550965056697));
#6347=CARTESIAN_POINT('Ctrl Pts',(-85.689097344771,-1.17616089245089,41.1259340043927));
#6348=CARTESIAN_POINT('Ctrl Pts',(-85.6208167265585,-1.09262171096753,41.0075310113015));
#6349=CARTESIAN_POINT('Ctrl Pts',(-85.5495218401531,-1.01932432401395,40.8839010824887));
#6350=CARTESIAN_POINT('Ctrl Pts',(-85.4758243230589,-0.956897548688118,
40.7561048375837));
#6351=CARTESIAN_POINT('Ctrl Pts',(-86.0416800049657,-0.734331199091701,
41.2343394409049));
#6352=CARTESIAN_POINT('Ctrl Pts',(-85.9625232963757,-0.637485458773215,
41.0970766005403));
#6353=CARTESIAN_POINT('Ctrl Pts',(-85.8797494229284,-0.55238666276147,40.9535413630048));
#6354=CARTESIAN_POINT('Ctrl Pts',(-85.7943129834457,-0.480016222433362,
40.8053890640658));
#6355=CARTESIAN_POINT('Ctrl Pts',(-86.5435586558654,-0.578204359775956,
41.0550713676817));
#6356=CARTESIAN_POINT('Ctrl Pts',(-86.4605216334153,-0.476611176248106,
40.911079804793));
#6357=CARTESIAN_POINT('Ctrl Pts',(-86.3737686281919,-0.387421483282446,
40.7606444877361));
#6358=CARTESIAN_POINT('Ctrl Pts',(-86.2841440386539,-0.311503396376,40.6052296578198));
#6359=CARTESIAN_POINT('Ctrl Pts',(-86.7379507046381,-0.578204341115503,
40.942969406857));
#6360=CARTESIAN_POINT('Ctrl Pts',(-86.654930807593,-0.47663211089601,40.7990075383026));
#6361=CARTESIAN_POINT('Ctrl Pts',(-86.5681421932302,-0.387405809596131,
40.648510470279));
#6362=CARTESIAN_POINT('Ctrl Pts',(-86.4785360879588,-0.311503381325246,
40.4931276908745));
#6363=CARTESIAN_POINT('',(-86.7379507890652,-0.578204341115493,40.9429693581696));
#6364=CARTESIAN_POINT('Origin',(-86.4774249957671,-1.431451970274,40.4912008396097));
#6365=CARTESIAN_POINT('Origin',(-85.7114791634706,-3.93999999999999,39.1630013950436));
#6366=CARTESIAN_POINT('Ctrl Pts',(-86.7379507046381,-0.578204341115489,
40.942969406857));
#6367=CARTESIAN_POINT('Ctrl Pts',(-89.0229055056436,-3.37377433932627,44.9052282571281));
#6368=CARTESIAN_POINT('Ctrl Pts',(-91.6968702994521,-4.8800000837301,49.5420554998024));
#6369=CARTESIAN_POINT('Ctrl Pts',(-94.3748206657003,-4.88000000000023,54.1857939818874));
#6370=CARTESIAN_POINT('Ctrl Pts',(-86.4787613062745,-0.578204365996088,
41.0924386879566));
#6371=CARTESIAN_POINT('Ctrl Pts',(-88.763466992986,-3.37346957611432,45.0542655691574));
#6372=CARTESIAN_POINT('Ctrl Pts',(-91.4379728582308,-4.88000009425874,49.6920310774714));
#6373=CARTESIAN_POINT('Ctrl Pts',(-94.1156312588522,-4.88000000000023,54.3352632854344));
#6374=CARTESIAN_POINT('Ctrl Pts',(-85.9647294456829,-0.792617396679491,
41.2375914754343));
#6375=CARTESIAN_POINT('Ctrl Pts',(-88.2693319783017,-3.61222578107809,45.2339208029311));
#6376=CARTESIAN_POINT('Ctrl Pts',(-90.9660896555383,-5.13129059189684,49.9102724263856));
#6377=CARTESIAN_POINT('Ctrl Pts',(-93.6670670115112,-5.13129049119807,54.5939412446759));
#6378=CARTESIAN_POINT('Ctrl Pts',(-85.6696100622111,-1.23998366190666,41.0921418003219));
#6379=CARTESIAN_POINT('Ctrl Pts',(-88.0150582415527,-4.1095654239839,45.1593001264337));
#6380=CARTESIAN_POINT('Ctrl Pts',(-90.7596957284621,-5.6556006155303,49.9186784423493));
#6381=CARTESIAN_POINT('Ctrl Pts',(-93.5085438905167,-5.65560052474382,54.6853583408819));
#6382=CARTESIAN_POINT('Ctrl Pts',(-85.6111482145315,-1.431451970274,40.9907651881096));
#6383=CARTESIAN_POINT('Ctrl Pts',(-87.974052422838,-4.3223906372042,45.0881933934773));
#6384=CARTESIAN_POINT('Ctrl Pts',(-90.7392373890234,-5.88000008658649,49.8832023632346));
#6385=CARTESIAN_POINT('Ctrl Pts',(-93.5085438922677,-5.88000000000024,54.6853583439183));
#6386=CARTESIAN_POINT('',(-94.3748206657003,-4.88000000000023,54.1857939818874));
#6387=CARTESIAN_POINT('Origin',(-94.3748206735033,-5.88000000000024,54.1857939954183));
#6388=CARTESIAN_POINT('Ctrl Pts',(-86.7379507046381,-0.578204341115489,
40.942969406857));
#6389=CARTESIAN_POINT('Ctrl Pts',(-89.0229055056436,-3.37377433932627,44.9052282571281));
#6390=CARTESIAN_POINT('Ctrl Pts',(-91.6968702994521,-4.8800000837301,49.5420554998024));
#6391=CARTESIAN_POINT('Ctrl Pts',(-94.3748206657003,-4.88000000000023,54.1857939818874));
#6392=CARTESIAN_POINT('Origin',(-95.0861776327399,-5.88000000000083,55.419332815407));
#6393=CARTESIAN_POINT('',(-99.5623391743744,-4.88000000000078,63.1812854531828));
#6394=CARTESIAN_POINT('',(-95.0861776327399,-4.88000000000083,55.419332815407));
#6395=CARTESIAN_POINT('Ctrl Pts',(-99.562340084789,-4.88000000000078,63.1812862190901));
#6396=CARTESIAN_POINT('Ctrl Pts',(-99.5609454835882,-4.88000000000078,63.1821589875986));
#6397=CARTESIAN_POINT('Ctrl Pts',(-99.5595509585486,-4.88000433667658,63.1830316854855));
#6398=CARTESIAN_POINT('Ctrl Pts',(-99.5581565204483,-4.8800130010041,63.1839043062183));
#6399=CARTESIAN_POINT('Ctrl Pts',(-99.5212237721495,-4.88024248227504,63.2070163266656));
#6400=CARTESIAN_POINT('Ctrl Pts',(-99.484472247016,-4.88350248157727,63.229999036831));
#6401=CARTESIAN_POINT('Ctrl Pts',(-99.4480991037807,-4.88959503067523,63.2527332753436));
#6402=CARTESIAN_POINT('Ctrl Pts',(-99.4106271089922,-4.89587163884658,63.2761543270124));
#6403=CARTESIAN_POINT('Ctrl Pts',(-99.3735558512043,-4.90515479437115,63.2993122367757));
#6404=CARTESIAN_POINT('Ctrl Pts',(-99.3371035314489,-4.91728389523349,63.3220752469002));
#6405=CARTESIAN_POINT('Ctrl Pts',(-99.3007924479319,-4.9293660013204,63.3447500606645));
#6406=CARTESIAN_POINT('Ctrl Pts',(-99.2650946586616,-4.94427259128209,63.3670336149921));
#6407=CARTESIAN_POINT('Ctrl Pts',(-99.2302413102389,-4.96189288041998,63.3887855204057));
#6408=CARTESIAN_POINT('Ctrl Pts',(-99.1952857414091,-4.97956484760918,63.410601221372));
#6409=CARTESIAN_POINT('Ctrl Pts',(-99.1614091487579,-4.99985029206701,63.4317390331461));
#6410=CARTESIAN_POINT('Ctrl Pts',(-99.1288238088597,-5.02258033613867,63.4520696763921));
#6411=CARTESIAN_POINT('Ctrl Pts',(-99.0965359380976,-5.04510287933439,63.4722147227133));
#6412=CARTESIAN_POINT('Ctrl Pts',(-99.0655150487593,-5.07002620123127,63.4915678328259));
#6413=CARTESIAN_POINT('Ctrl Pts',(-99.0359854968352,-5.09723108748559,63.5099907133291));
#6414=CARTESIAN_POINT('Ctrl Pts',(-99.0087551097188,-5.12231780692069,63.5269791921652));
#6415=CARTESIAN_POINT('Ctrl Pts',(-98.9827925545893,-5.14934541262348,63.5431768758451));
#6416=CARTESIAN_POINT('Ctrl Pts',(-98.9582962970009,-5.1782485230217,63.5584595304044));
#6417=CARTESIAN_POINT('Ctrl Pts',(-98.9372787847048,-5.20304706524786,63.5715718753803));
#6418=CARTESIAN_POINT('Ctrl Pts',(-98.9174484689923,-5.2291002616935,63.5839434099987));
#6419=CARTESIAN_POINT('Ctrl Pts',(-98.8989092849584,-5.25634222233771,63.5955079437528));
#6420=CARTESIAN_POINT('Ctrl Pts',(-98.8756307147079,-5.29054836072307,63.6100288531367));
#6421=CARTESIAN_POINT('Ctrl Pts',(-98.854386278095,-5.32662802486139,63.6232783892799));
#6422=CARTESIAN_POINT('Ctrl Pts',(-98.8352351377572,-5.36427687499742,63.635223129329));
#6423=CARTESIAN_POINT('Ctrl Pts',(-98.8158641676662,-5.40235788412162,63.6473049791904));
#6424=CARTESIAN_POINT('Ctrl Pts',(-98.7986344266456,-5.44204540287274,63.6580521781807));
#6425=CARTESIAN_POINT('Ctrl Pts',(-98.7836453927701,-5.48304893069112,63.6674041627412));
#6426=CARTESIAN_POINT('Ctrl Pts',(-98.7815569455739,-5.48876202090199,63.6687071904144));
#6427=CARTESIAN_POINT('Ctrl Pts',(-98.7795120637234,-5.4945006820258,63.669983087689));
#6428=CARTESIAN_POINT('Ctrl Pts',(-98.7775110814528,-5.50026414640923,63.6712316465341));
#6429=CARTESIAN_POINT('Ctrl Pts',(-98.763170848689,-5.54156857073911,63.680179564124));
#6430=CARTESIAN_POINT('Ctrl Pts',(-98.7511750269339,-5.58387741790058,63.6876676202434));
#6431=CARTESIAN_POINT('Ctrl Pts',(-98.7415789135626,-5.62687939689911,63.6936602903405));
#6432=CARTESIAN_POINT('Ctrl Pts',(-98.732072640555,-5.6694787844231,63.699596856092));
#6433=CARTESIAN_POINT('Ctrl Pts',(-98.7249211090537,-5.71275953877751,63.7040660543465));
#6434=CARTESIAN_POINT('Ctrl Pts',(-98.7202170028857,-5.75643634165366,63.7070071809716));
#6435=CARTESIAN_POINT('Ctrl Pts',(-98.7158100958465,-5.79735370260833,63.7097624911547));
#6436=CARTESIAN_POINT('Ctrl Pts',(-98.7135512555797,-5.83861953729289,63.7111766164528));
#6437=CARTESIAN_POINT('Ctrl Pts',(-98.7135512555797,-5.88000000000078,63.7111766164528));
#6438=CARTESIAN_POINT('Ctrl Pts',(-99.5427723504231,-4.88000000000078,63.1522558923186));
#6439=CARTESIAN_POINT('Ctrl Pts',(-99.5688593601483,-4.88000000000078,63.1909588743901));
#6440=CARTESIAN_POINT('Ctrl Pts',(-99.5949583098929,-4.88000000000078,63.2296750018229));
#6441=CARTESIAN_POINT('Ctrl Pts',(-99.6980656684508,-4.88000000000078,63.3826789226851));
#6442=CARTESIAN_POINT('Ctrl Pts',(-99.8639464438177,-4.88000000000078,63.6045729613878));
#6443=CARTESIAN_POINT('Ctrl Pts',(-100.234560972797,-4.88000000000077,64.0134024554318));
#6444=CARTESIAN_POINT('Ctrl Pts',(-100.985947577758,-4.88000000000077,64.6356686035801));
#6445=CARTESIAN_POINT('Ctrl Pts',(-101.761674834456,-4.88000000000076,64.9773149065464));
#6446=CARTESIAN_POINT('Ctrl Pts',(-102.581960737095,-4.88000000000075,65.1602500714957));
#6447=CARTESIAN_POINT('Ctrl Pts',(-103.152424500796,-4.88000000000074,65.2276415182043));
#6448=CARTESIAN_POINT('Ctrl Pts',(-104.002227494452,-4.88000000000073,65.1646614279991));
#6449=CARTESIAN_POINT('Ctrl Pts',(-104.698374927562,-4.88000000000072,64.9760156835501));
#6450=CARTESIAN_POINT('Ctrl Pts',(-105.152425166606,-4.88000000000072,64.7773821755496));
#6451=CARTESIAN_POINT('Ctrl Pts',(-105.371763204641,-4.88000000000072,64.6618783093985));
#6452=CARTESIAN_POINT('Ctrl Pts',(-105.494486173314,-4.88000000000071,64.5912574379592));
#6453=CARTESIAN_POINT('Ctrl Pts',(-105.554929090691,-4.88000000000072,64.55447303349));
#6454=CARTESIAN_POINT('Ctrl Pts',(-105.589914269107,-4.88000000000072,64.5325800210749));
#6455=CARTESIAN_POINT('Ctrl Pts',(-105.594922700356,-4.88000000000072,64.5294460740189));
#6456=CARTESIAN_POINT('Ctrl Pts',(-105.599931118264,-4.88000000000072,64.5263120649939));
#6457=CARTESIAN_POINT('Ctrl Pts',(-99.2946699790172,-4.88000000000079,63.319484581926));
#6458=CARTESIAN_POINT('Ctrl Pts',(-99.3215886983093,-4.88000000000079,63.3594302191591));
#6459=CARTESIAN_POINT('Ctrl Pts',(-99.3456238181642,-4.88000000000079,63.3950632188528));
#6460=CARTESIAN_POINT('Ctrl Pts',(-99.4550442983949,-4.88000000000079,63.5574945120863));
#6461=CARTESIAN_POINT('Ctrl Pts',(-99.6328732544006,-4.88000000000078,63.7953266322527));
#6462=CARTESIAN_POINT('Ctrl Pts',(-100.028754554364,-4.88000000000078,64.2320504095728));
#6463=CARTESIAN_POINT('Ctrl Pts',(-100.831013192283,-4.88000000000077,64.8962600918829));
#6464=CARTESIAN_POINT('Ctrl Pts',(-101.65804606798,-4.88000000000076,65.2606373735555));
#6465=CARTESIAN_POINT('Ctrl Pts',(-102.536539678637,-4.88000000000075,65.4567033403406));
#6466=CARTESIAN_POINT('Ctrl Pts',(-103.146162916054,-4.88000000000074,65.5285832121928));
#6467=CARTESIAN_POINT('Ctrl Pts',(-104.05271006613,-4.88000000000073,65.4614148085763));
#6468=CARTESIAN_POINT('Ctrl Pts',(-104.795816500216,-4.88000000000072,65.2600988650618));
#6469=CARTESIAN_POINT('Ctrl Pts',(-105.281057312207,-4.88000000000072,65.0478139924914));
#6470=CARTESIAN_POINT('Ctrl Pts',(-105.515637232183,-4.88000000000072,64.9243038442112));
#6471=CARTESIAN_POINT('Ctrl Pts',(-105.646871507784,-4.88000000000071,64.8487734508151));
#6472=CARTESIAN_POINT('Ctrl Pts',(-105.71158607462,-4.88000000000071,64.8093973009746));
#6473=CARTESIAN_POINT('Ctrl Pts',(-105.748898195715,-4.88000000000071,64.7860440774387));
#6474=CARTESIAN_POINT('Ctrl Pts',(-105.753446259455,-4.88000000000071,64.7831996956633));
#6475=CARTESIAN_POINT('Ctrl Pts',(-105.758642890521,-4.88000000000071,64.7799472255534));
#6476=CARTESIAN_POINT('Ctrl Pts',(-98.8653012496198,-5.13129835410961,63.6088924161543));
#6477=CARTESIAN_POINT('Ctrl Pts',(-98.8917943961077,-5.13129835410961,63.6482022061364));
#6478=CARTESIAN_POINT('Ctrl Pts',(-98.9143808012172,-5.13129835410961,63.6816933268729));
#6479=CARTESIAN_POINT('Ctrl Pts',(-99.0315224484492,-5.13129835410961,63.8555300559974));
#6480=CARTESIAN_POINT('Ctrl Pts',(-99.2315765559877,-5.13129835410961,64.1232738284704));
#6481=CARTESIAN_POINT('Ctrl Pts',(-99.6706267588579,-5.1312983541096,64.6071152454084));
#6482=CARTESIAN_POINT('Ctrl Pts',(-100.561971666799,-5.1312983541096,65.3454192959376));
#6483=CARTESIAN_POINT('Ctrl Pts',(-101.478228682896,-5.13129835410958,65.7489634906178));
#6484=CARTESIAN_POINT('Ctrl Pts',(-102.458354342761,-5.13129835410957,65.9682039493068));
#6485=CARTESIAN_POINT('Ctrl Pts',(-103.136127256578,-5.13129835410956,66.0479326304889));
#6486=CARTESIAN_POINT('Ctrl Pts',(-104.140816607024,-5.13129835410956,65.9737580875643));
#6487=CARTESIAN_POINT('Ctrl Pts',(-104.96645128713,-5.13129835410954,65.7502652662008));
#6488=CARTESIAN_POINT('Ctrl Pts',(-105.50501425838,-5.13129835410954,65.5149569482117));
#6489=CARTESIAN_POINT('Ctrl Pts',(-105.767133547736,-5.13129835410954,65.3768574930375));
#6490=CARTESIAN_POINT('Ctrl Pts',(-105.911444088332,-5.13129835410953,65.2939039671057));
#6491=CARTESIAN_POINT('Ctrl Pts',(-105.986489097087,-5.13129835410954,65.2481911048281));
#6492=CARTESIAN_POINT('Ctrl Pts',(-106.023514506438,-5.13129835410954,65.225020858586));
#6493=CARTESIAN_POINT('Ctrl Pts',(-106.02821092732,-5.13129835410954,65.222082916952));
#6494=CARTESIAN_POINT('Ctrl Pts',(-106.03331125265,-5.13129835410953,65.2188910615304));
#6495=CARTESIAN_POINT('Ctrl Pts',(-98.7135512555794,-5.65560052474437,63.7111766164523));
#6496=CARTESIAN_POINT('Ctrl Pts',(-98.7396382653049,-5.65560052474437,63.7498795985242));
#6497=CARTESIAN_POINT('Ctrl Pts',(-98.7620037682385,-5.65560052474437,63.7830516736569));
#6498=CARTESIAN_POINT('Ctrl Pts',(-98.881434875358,-5.65560052474437,63.9602461420328));
#6499=CARTESIAN_POINT('Ctrl Pts',(-99.0895561246222,-5.65560052474437,64.2388808313167));
#6500=CARTESIAN_POINT('Ctrl Pts',(-99.5437868097242,-5.65560052474436,64.7392162518629));
#6501=CARTESIAN_POINT('Ctrl Pts',(-100.466760614594,-5.65560052474436,65.50391373183));
#6502=CARTESIAN_POINT('Ctrl Pts',(-101.414611266168,-5.65560052474434,65.9212769980449));
#6503=CARTESIAN_POINT('Ctrl Pts',(-102.430779335861,-5.65560052474433,66.1487696510587));
#6504=CARTESIAN_POINT('Ctrl Pts',(-103.132690192046,-5.65560052474433,66.2312834236011));
#6505=CARTESIAN_POINT('Ctrl Pts',(-104.172057320328,-5.65560052474432,66.1546659420161));
#6506=CARTESIAN_POINT('Ctrl Pts',(-105.027032455001,-5.65560052474431,65.9233010009024));
#6507=CARTESIAN_POINT('Ctrl Pts',(-105.584350818995,-5.6556005247443,65.6799381185648));
#6508=CARTESIAN_POINT('Ctrl Pts',(-105.856362515835,-5.6556005247443,65.5365818387496));
#6509=CARTESIAN_POINT('Ctrl Pts',(-106.00506781142,-5.6556005247443,65.4511519672183));
#6510=CARTESIAN_POINT('Ctrl Pts',(-106.084166719387,-5.6556005247443,65.4029456740656));
#6511=CARTESIAN_POINT('Ctrl Pts',(-106.120499278325,-5.6556005247443,65.3802117082783));
#6512=CARTESIAN_POINT('Ctrl Pts',(-106.125377725071,-5.6556005247443,65.3771591544627));
#6513=CARTESIAN_POINT('Ctrl Pts',(-106.130386142978,-5.6556005247443,65.3740251454377));
#6514=CARTESIAN_POINT('Ctrl Pts',(-98.7135512555794,-5.88000000000078,63.7111766164523));
#6515=CARTESIAN_POINT('Ctrl Pts',(-98.7396382653049,-5.88000000000078,63.7498795985242));
#6516=CARTESIAN_POINT('Ctrl Pts',(-98.7620037682385,-5.88000000000078,63.7830516736569));
#6517=CARTESIAN_POINT('Ctrl Pts',(-98.881434875358,-5.88000000000078,63.9602461420328));
#6518=CARTESIAN_POINT('Ctrl Pts',(-99.0895561246222,-5.88000000000078,64.2388808313167));
#6519=CARTESIAN_POINT('Ctrl Pts',(-99.5437868097242,-5.88000000000077,64.7392162518629));
#6520=CARTESIAN_POINT('Ctrl Pts',(-100.466760614594,-5.88000000000077,65.50391373183));
#6521=CARTESIAN_POINT('Ctrl Pts',(-101.414611266168,-5.88000000000076,65.9212769980449));
#6522=CARTESIAN_POINT('Ctrl Pts',(-102.430779335861,-5.88000000000075,66.1487696510587));
#6523=CARTESIAN_POINT('Ctrl Pts',(-103.132690192046,-5.88000000000074,66.2312834236011));
#6524=CARTESIAN_POINT('Ctrl Pts',(-104.172057320328,-5.88000000000073,66.1546659420161));
#6525=CARTESIAN_POINT('Ctrl Pts',(-105.027032455001,-5.88000000000072,65.9233010009024));
#6526=CARTESIAN_POINT('Ctrl Pts',(-105.584350818995,-5.88000000000072,65.6799381185648));
#6527=CARTESIAN_POINT('Ctrl Pts',(-105.856362515835,-5.88000000000072,65.5365818387496));
#6528=CARTESIAN_POINT('Ctrl Pts',(-106.00506781142,-5.88000000000071,65.4511519672183));
#6529=CARTESIAN_POINT('Ctrl Pts',(-106.084166719387,-5.88000000000072,65.4029456740656));
#6530=CARTESIAN_POINT('Ctrl Pts',(-106.120499278325,-5.88000000000071,65.3802117082783));
#6531=CARTESIAN_POINT('Ctrl Pts',(-106.125377725071,-5.88000000000071,65.3771591544627));
#6532=CARTESIAN_POINT('Ctrl Pts',(-106.130386142978,-5.88000000000071,65.3740251454377));
#6533=CARTESIAN_POINT('Ctrl Pts',(-99.5623394451934,-4.88000000000078,63.1812852702082));
#6534=CARTESIAN_POINT('Ctrl Pts',(-99.5819075744631,-4.88000000000078,63.2103158700664));
#6535=CARTESIAN_POINT('Ctrl Pts',(-99.6014777238495,-4.88000000000078,63.2393493442854));
#6536=CARTESIAN_POINT('Ctrl Pts',(-99.6980656684508,-4.88000000000078,63.3826789226851));
#6537=CARTESIAN_POINT('Ctrl Pts',(-99.8639464438177,-4.88000000000078,63.6045729613878));
#6538=CARTESIAN_POINT('Ctrl Pts',(-100.234560972797,-4.88000000000077,64.0134024554318));
#6539=CARTESIAN_POINT('Ctrl Pts',(-100.985947577758,-4.88000000000077,64.6356686035801));
#6540=CARTESIAN_POINT('Ctrl Pts',(-101.761674834456,-4.88000000000076,64.9773149065464));
#6541=CARTESIAN_POINT('Ctrl Pts',(-102.581960737095,-4.88000000000075,65.1602500714957));
#6542=CARTESIAN_POINT('Ctrl Pts',(-103.152424500796,-4.88000000000074,65.2276415182043));
#6543=CARTESIAN_POINT('Ctrl Pts',(-104.002227494452,-4.88000000000073,65.1646614279991));
#6544=CARTESIAN_POINT('Ctrl Pts',(-104.698374927562,-4.88000000000072,64.9760156835501));
#6545=CARTESIAN_POINT('Ctrl Pts',(-105.152425166606,-4.88000000000072,64.7773821755496));
#6546=CARTESIAN_POINT('Ctrl Pts',(-105.371763204641,-4.88000000000072,64.6618783093985));
#6547=CARTESIAN_POINT('Ctrl Pts',(-105.494486173314,-4.88000000000071,64.5912574379592));
#6548=CARTESIAN_POINT('Ctrl Pts',(-105.554929090691,-4.88000000000072,64.55447303349));
#6549=CARTESIAN_POINT('Ctrl Pts',(-105.589914269107,-4.88000000000072,64.5325800210749));
#6550=CARTESIAN_POINT('Ctrl Pts',(-105.594922700356,-4.88000000000072,64.5294460740189));
#6551=CARTESIAN_POINT('Ctrl Pts',(-105.599931118264,-4.88000000000072,64.5263120649939));
#6552=CARTESIAN_POINT('Origin',(-169.368604797713,-3.94000000000001,37.1336539506136));
#6553=CARTESIAN_POINT('',(-165.370434254841,-0.578178813502119,36.7609736316644));
#6554=CARTESIAN_POINT('',(-168.157936788249,-0.578178813502146,38.7937868612188));
#6555=CARTESIAN_POINT('',(-166.581102264305,-1.25687100680626E-14,35.100840721059));
#6556=CARTESIAN_POINT('Origin',(-166.581102264305,-3.93999999999998,35.100840721059));
#6557=CARTESIAN_POINT('',(-169.368604797713,-1.38777878078145E-14,37.1336539506136));
#6558=CARTESIAN_POINT('Origin',(-159.150209124587,24.4347640124279,51.1456661768682));
#6559=CARTESIAN_POINT('',(-156.330087562126,-4.88000000000047,49.0890652043434));
#6560=CARTESIAN_POINT('',(-156.36270659118,-4.88000000000014,49.1128529473114));
#6561=CARTESIAN_POINT('',(-156.528437184116,-4.87865059535957,48.8855942690643));
#6562=CARTESIAN_POINT('Ctrl Pts',(-156.528437184116,-4.87865059535957,48.8855942690642));
#6563=CARTESIAN_POINT('Ctrl Pts',(-156.474372039882,-4.87953102949569,48.9597312947035));
#6564=CARTESIAN_POINT('Ctrl Pts',(-156.40706273643,-4.87999999999974,49.0298672309477));
#6565=CARTESIAN_POINT('Ctrl Pts',(-156.330087562126,-4.87999999999974,49.0890652043434));
#6566=CARTESIAN_POINT('Origin',(-156.362706591178,24.4347640124279,49.1128529473137));
#6567=CARTESIAN_POINT('Origin',(-126.329376504526,-4.88000000000048,57.7419346782433));
#6568=CARTESIAN_POINT('',(-96.4972004464911,-4.88000000000081,52.9618603668729));
#6569=CARTESIAN_POINT('',(-96.4972004464911,-4.88000000000081,52.9618603668729));
#6570=CARTESIAN_POINT('',(-101.641869571349,-4.88000000000076,61.8830520971274));
#6571=CARTESIAN_POINT('',(-97.2087770933624,-4.88000000000081,54.195780672231));
#6572=CARTESIAN_POINT('',(-104.323946632813,-4.88000000000073,62.4339930399996));
#6573=CARTESIAN_POINT('Ctrl Pts',(-104.323946632813,-4.88000000000073,62.4339930399996));
#6574=CARTESIAN_POINT('Ctrl Pts',(-103.443937989856,-4.88000000000073,63.0137869697595));
#6575=CARTESIAN_POINT('Ctrl Pts',(-102.242981463574,-4.88000000000073,62.7748684851611));
#6576=CARTESIAN_POINT('Ctrl Pts',(-101.652631353283,-4.88000000000073,61.8990183982719));
#6577=CARTESIAN_POINT('Ctrl Pts',(-101.649044092638,-4.88000000000073,61.8936962978905));
#6578=CARTESIAN_POINT('Ctrl Pts',(-101.645456831994,-4.88000000000073,61.8883741975092));
#6579=CARTESIAN_POINT('Ctrl Pts',(-101.641869571349,-4.88000000000073,61.8830520971274));
#6580=CARTESIAN_POINT('',(-118.42684647933,-4.88000000000057,54.2897172009849));
#6581=CARTESIAN_POINT('',(-113.590971049807,-4.88000000000062,57.082384230445));
#6582=CARTESIAN_POINT('',(-118.717251963746,-4.88000000000048,54.1779213997597));
#6583=CARTESIAN_POINT('Origin',(-118.926936870053,-4.88000000000048,55.1556904113708));
#6584=CARTESIAN_POINT('',(-119.033565268688,-4.88000000000048,54.1283847248743));
#6585=CARTESIAN_POINT('Origin',(-119.317965686372,-4.88000000000048,56.9790732479186));
#6586=CARTESIAN_POINT('',(-119.063293277582,-4.88000000000056,54.1249689611321));
#6587=CARTESIAN_POINT('Origin',(-118.934292565752,-4.88000000000048,53.1333244601406));
#6588=CARTESIAN_POINT('',(-155.667845578069,-4.88000000000014,49.3631684385952));
#6589=CARTESIAN_POINT('',(-122.396556826232,-4.88000000000052,53.6913525088007));
#6590=CARTESIAN_POINT('',(-155.921186040676,-4.88000000000014,49.2955451637289));
#6591=CARTESIAN_POINT('Origin',(-155.538844866239,-4.88000000000047,48.3715239376034));
#6592=CARTESIAN_POINT('',(-156.102806609739,-4.88000000000014,49.220394269232));
#6593=CARTESIAN_POINT('',(-141.735099662652,-4.8800000000003,55.1654589417673));
#6594=CARTESIAN_POINT('Origin',(-155.720465435302,-4.88000000000047,48.2963730431066));
#6595=CARTESIAN_POINT('Origin',(-96.4972004464901,24.4332958208283,52.9618603668724));
#6596=CARTESIAN_POINT('',(-88.8603332734246,-0.578204341115516,39.7190347126004));
#6597=CARTESIAN_POINT('',(-88.8603332734233,-0.578204341115516,39.7190347126011));
#6598=CARTESIAN_POINT('Origin',(-96.497200446491,24.4332958208283,52.9618603668719));
#6599=CARTESIAN_POINT('Origin',(-87.8338619804716,-3.94000000000001,37.9390665576468));
#6600=CARTESIAN_POINT('',(-88.1061043271016,-2.39087156593688E-14,37.7820699547785));
#6601=CARTESIAN_POINT('',(-87.8338619804716,-2.44249065417534E-14,37.9390665576468));
#6602=CARTESIAN_POINT('',(-88.1061043271043,-1.0167449790076E-14,37.782186172964));
#6603=CARTESIAN_POINT('Origin',(-88.1061043271016,-3.94000000000001,37.7820699547785));
#6604=CARTESIAN_POINT('',(-88.4066760496732,-0.170537808068256,38.9323635050506));
#6605=CARTESIAN_POINT('Ctrl Pts',(-88.1061043232739,-1.28624264830648E-9,
37.78218617292));
#6606=CARTESIAN_POINT('Ctrl Pts',(-88.1048199131281,-2.4664894519092E-6,
37.8942972781639));
#6607=CARTESIAN_POINT('Ctrl Pts',(-88.1119717195192,-0.00359010788523298,
38.0071667636129));
#6608=CARTESIAN_POINT('Ctrl Pts',(-88.1685325605995,-0.0328345688267635,
38.4136625182484));
#6609=CARTESIAN_POINT('Ctrl Pts',(-88.2712661919435,-0.0880256584861958,
38.6973262815712));
#6610=CARTESIAN_POINT('Ctrl Pts',(-88.4066760496732,-0.170537808068257,
38.9323635050506));
#6611=CARTESIAN_POINT('Origin',(-87.8338619804725,-3.94000000000001,37.9390665576463));
#6612=CARTESIAN_POINT('Ctrl Pts',(-188.405891830489,2.98029887112772E-14,
-26.4408738333295));
#6613=CARTESIAN_POINT('Ctrl Pts',(-188.405891830489,-14.08,-26.4408738333295));
#6614=CARTESIAN_POINT('Ctrl Pts',(-188.405598359689,3.05603199918846E-14,
-27.6149526781241));
#6615=CARTESIAN_POINT('Ctrl Pts',(-188.405598359689,-14.08,-27.6149526781241));
#6616=CARTESIAN_POINT('Ctrl Pts',(-187.933403382803,3.12219871521215E-14,
-28.7303206164261));
#6617=CARTESIAN_POINT('Ctrl Pts',(-187.933403382803,-14.08,-28.7303206164261));
#6618=CARTESIAN_POINT('Ctrl Pts',(-187.17523427415,3.16462180804094E-14,
-29.5319034084839));
#6619=CARTESIAN_POINT('Ctrl Pts',(-187.17523427415,-14.08,-29.5319034084839));
#6620=CARTESIAN_POINT('Ctrl Pts',(-186.359657024019,3.2102571537659E-14,
-30.394181601881));
#6621=CARTESIAN_POINT('Ctrl Pts',(-186.359657024019,-14.08,-30.394181601881));
#6622=CARTESIAN_POINT('Ctrl Pts',(-185.170008657237,3.23086054116027E-14,
-30.9394276049285));
#6623=CARTESIAN_POINT('Ctrl Pts',(-185.170008657237,-14.08,-30.9394276049285));
#6624=CARTESIAN_POINT('Ctrl Pts',(-183.90703327911,3.21541421316087E-14,
-30.939747871393));
#6625=CARTESIAN_POINT('Ctrl Pts',(-183.90703327911,-14.08,-30.939747871393));
#6626=CARTESIAN_POINT('',(-183.90703327911,3.21541421316087E-14,-30.939747871393));
#6627=CARTESIAN_POINT('Origin',(-183.90703327911,3.21541421316087E-14,-30.939747871393));
#6628=CARTESIAN_POINT('Ctrl Pts',(-170.666720152536,-13.08,-30.9397479841345));
#6629=CARTESIAN_POINT('Ctrl Pts',(-170.666720152536,-9.0533333333333,-30.9397479841345));
#6630=CARTESIAN_POINT('Ctrl Pts',(-170.666720152536,-5.02666666666664,-30.9397479841345));
#6631=CARTESIAN_POINT('Ctrl Pts',(-170.666720152536,-0.999999999999968,
-30.9397479841345));
#6632=CARTESIAN_POINT('Ctrl Pts',(-170.666720152536,-0.999999999999968,
-30.9397479841345));
#6633=CARTESIAN_POINT('Ctrl Pts',(-170.666720152536,-5.02666666666664,-30.9397479841345));
#6634=CARTESIAN_POINT('Ctrl Pts',(-170.666720152536,-9.0533333333333,-30.9397479841345));
#6635=CARTESIAN_POINT('Ctrl Pts',(-170.666720152536,-13.08,-30.9397479841345));
#6636=CARTESIAN_POINT('Ctrl Pts',(-169.675328844366,-0.999999999999968,
-30.9397479925762));
#6637=CARTESIAN_POINT('Ctrl Pts',(-169.675328844366,-5.02666666666664,-30.9397479925762));
#6638=CARTESIAN_POINT('Ctrl Pts',(-169.675328844366,-9.0533333333333,-30.9397479925762));
#6639=CARTESIAN_POINT('Ctrl Pts',(-169.675328844366,-13.08,-30.9397479925762));
#6640=CARTESIAN_POINT('Ctrl Pts',(-168.688856428288,-0.999999999999968,
-31.3243764016428));
#6641=CARTESIAN_POINT('Ctrl Pts',(-168.688856428288,-5.02666666666663,-31.3243764016428));
#6642=CARTESIAN_POINT('Ctrl Pts',(-168.688856428288,-9.0533333333333,-31.3243764016428));
#6643=CARTESIAN_POINT('Ctrl Pts',(-168.688856428288,-13.08,-31.3243764016428));
#6644=CARTESIAN_POINT('Ctrl Pts',(-167.959118472363,-0.999999999999968,
-31.9954496030114));
#6645=CARTESIAN_POINT('Ctrl Pts',(-167.959118472363,-5.02666666666664,-31.9954496030114));
#6646=CARTESIAN_POINT('Ctrl Pts',(-167.959118472363,-9.0533333333333,-31.9954496030114));
#6647=CARTESIAN_POINT('Ctrl Pts',(-167.959118472363,-13.08,-31.9954496030114));
#6648=CARTESIAN_POINT('Ctrl Pts',(-167.959118472363,-0.999999999999968,
-31.9954496030114));
#6649=CARTESIAN_POINT('Ctrl Pts',(-167.959118472363,-5.02666666666664,-31.9954496030114));
#6650=CARTESIAN_POINT('Ctrl Pts',(-167.959118472363,-9.0533333333333,-31.9954496030114));
#6651=CARTESIAN_POINT('Ctrl Pts',(-167.959118472363,-13.08,-31.9954496030114));
#6652=CARTESIAN_POINT('Ctrl Pts',(-168.803516956753,3.03044949225648E-14,
-30.9397479999996));
#6653=CARTESIAN_POINT('Ctrl Pts',(-168.803516956753,-14.08,-30.9397479999996));
#6654=CARTESIAN_POINT('Ctrl Pts',(-168.625137597027,3.04819320460261E-14,
-31.2486775654576));
#6655=CARTESIAN_POINT('Ctrl Pts',(-168.625137597027,-14.08,-31.2486775654576));
#6656=CARTESIAN_POINT('Ctrl Pts',(-168.414291609689,3.06375991524274E-14,
-31.5300226769891));
#6657=CARTESIAN_POINT('Ctrl Pts',(-168.414291609689,-14.08,-31.5300226769891));
#6658=CARTESIAN_POINT('Ctrl Pts',(-168.173359667465,3.07721799315658E-14,
-31.784391236542));
#6659=CARTESIAN_POINT('Ctrl Pts',(-168.173359667465,-14.08,-31.784391236542));
#6660=CARTESIAN_POINT('Ctrl Pts',(-167.357517830504,3.12278963013367E-14,
-32.6457320408188));
#6661=CARTESIAN_POINT('Ctrl Pts',(-167.357517830504,-14.08,-32.6457320408188));
#6662=CARTESIAN_POINT('Ctrl Pts',(-166.168061004875,3.14333912431108E-14,
-33.1901062220613));
#6663=CARTESIAN_POINT('Ctrl Pts',(-166.168061004875,-14.08,-33.1901062220614));
#6664=CARTESIAN_POINT('Ctrl Pts',(-164.905565972319,3.12786677886314E-14,
-33.1899319715101));
#6665=CARTESIAN_POINT('Ctrl Pts',(-164.905565972319,-14.08,-33.1899319715101));
#6666=CARTESIAN_POINT('',(-164.905565972319,3.12786677886314E-14,-33.1899319715101));
#6667=CARTESIAN_POINT('Origin',(-164.905565972319,3.12786677886314E-14,
-33.1899319715101));
#6668=CARTESIAN_POINT('',(-147.904870480565,2.91966829947341E-14,-33.189931875131));
#6669=CARTESIAN_POINT('Ctrl Pts',(-147.904870480565,2.91966829947341E-14,
-33.189931875131));
#6670=CARTESIAN_POINT('Ctrl Pts',(-147.904870480565,-14.08,-33.189931875131));
#6671=CARTESIAN_POINT('Ctrl Pts',(-146.729649916124,2.90525705580698E-14,
-33.189638224263));
#6672=CARTESIAN_POINT('Ctrl Pts',(-146.729649916124,-14.08,-33.189638224263));
#6673=CARTESIAN_POINT('Ctrl Pts',(-145.613314014696,2.86106604864284E-14,
-32.7165164415599));
#6674=CARTESIAN_POINT('Ctrl Pts',(-145.613314014696,-14.08,-32.7165164415599));
#6675=CARTESIAN_POINT('Ctrl Pts',(-144.811537718905,2.80225870400548E-14,
-31.9570927120187));
#6676=CARTESIAN_POINT('Ctrl Pts',(-144.811537718905,-14.08,-31.9570927120187));
#6677=CARTESIAN_POINT('Ctrl Pts',(-144.500083619919,2.77941469048956E-14,
-31.6620906838039));
#6678=CARTESIAN_POINT('Ctrl Pts',(-144.500083619919,-14.08,-31.6620906838039));
#6679=CARTESIAN_POINT('Ctrl Pts',(-144.23007255966,2.75392703957527E-14,
-31.3182389051135));
#6680=CARTESIAN_POINT('Ctrl Pts',(-144.23007255966,-14.08,-31.3182389051135));
#6681=CARTESIAN_POINT('Ctrl Pts',(-144.012264101131,2.72684420635793E-14,
-30.9397479793255));
#6682=CARTESIAN_POINT('Ctrl Pts',(-144.012264101131,-14.08,-30.9397479793255));
#6683=CARTESIAN_POINT('Ctrl Pts',(-144.855222564449,-13.08,-31.9979002220647));
#6684=CARTESIAN_POINT('Ctrl Pts',(-144.855222564449,-9.05333333333331,-31.9979002220647));
#6685=CARTESIAN_POINT('Ctrl Pts',(-144.855222564449,-5.02666666666664,-31.9979002220647));
#6686=CARTESIAN_POINT('Ctrl Pts',(-144.855222564449,-0.999999999999971,
-31.9979002220647));
#6687=CARTESIAN_POINT('Ctrl Pts',(-144.855222564449,-0.999999999999971,
-31.9979002220647));
#6688=CARTESIAN_POINT('Ctrl Pts',(-144.855222564449,-5.02666666666664,-31.9979002220647));
#6689=CARTESIAN_POINT('Ctrl Pts',(-144.855222564449,-9.05333333333331,-31.9979002220647));
#6690=CARTESIAN_POINT('Ctrl Pts',(-144.855222564449,-13.08,-31.9979002220647));
#6691=CARTESIAN_POINT('Ctrl Pts',(-144.125204877789,-0.999999999999972,
-31.3253498560339));
#6692=CARTESIAN_POINT('Ctrl Pts',(-144.125204877789,-5.02666666666664,-31.3253498560339));
#6693=CARTESIAN_POINT('Ctrl Pts',(-144.125204877789,-9.05333333333332,-31.3253498560339));
#6694=CARTESIAN_POINT('Ctrl Pts',(-144.125204877789,-13.08,-31.3253498560339));
#6695=CARTESIAN_POINT('Ctrl Pts',(-143.137555937057,-0.999999999999972,
-30.9397479730763));
#6696=CARTESIAN_POINT('Ctrl Pts',(-143.137555937057,-5.02666666666663,-30.9397479730763));
#6697=CARTESIAN_POINT('Ctrl Pts',(-143.137555937057,-9.05333333333331,-30.9397479730763));
#6698=CARTESIAN_POINT('Ctrl Pts',(-143.137555937057,-13.08,-30.9397479730763));
#6699=CARTESIAN_POINT('Ctrl Pts',(-142.144958426641,-0.999999999999972,
-30.9397479659848));
#6700=CARTESIAN_POINT('Ctrl Pts',(-142.144958426641,-5.02666666666664,-30.9397479659848));
#6701=CARTESIAN_POINT('Ctrl Pts',(-142.144958426641,-9.05333333333331,-30.9397479659848));
#6702=CARTESIAN_POINT('Ctrl Pts',(-142.144958426641,-13.08,-30.9397479659848));
#6703=CARTESIAN_POINT('Ctrl Pts',(-142.144958426641,-0.999999999999972,
-30.9397479659848));
#6704=CARTESIAN_POINT('Ctrl Pts',(-142.144958426641,-5.02666666666664,-30.9397479659848));
#6705=CARTESIAN_POINT('Ctrl Pts',(-142.144958426641,-9.05333333333331,-30.9397479659848));
#6706=CARTESIAN_POINT('Ctrl Pts',(-142.144958426641,-13.08,-30.9397479659848));
#6707=CARTESIAN_POINT('Origin',(-144.012264101131,2.72684420635793E-14,
-30.9397479793255));
#6708=CARTESIAN_POINT('',(-128.90491063178,2.54183247869722E-14,-30.9397478713933));
#6709=CARTESIAN_POINT('Ctrl Pts',(-128.90491063178,2.54183247869722E-14,
-30.9397478713933));
#6710=CARTESIAN_POINT('Ctrl Pts',(-128.90491063178,-14.08,-30.9397478713933));
#6711=CARTESIAN_POINT('Ctrl Pts',(-127.730811082441,2.52743470042073E-14,
-30.9394501421436));
#6712=CARTESIAN_POINT('Ctrl Pts',(-127.730811082441,-14.08,-30.9394501421436));
#6713=CARTESIAN_POINT('Ctrl Pts',(-126.615427985707,2.48331392508764E-14,
-30.4672362146445));
#6714=CARTESIAN_POINT('Ctrl Pts',(-126.615427985707,-14.08,-30.4672362146445));
#6715=CARTESIAN_POINT('Ctrl Pts',(-125.813841492043,2.42458797402856E-14,
-29.7090382239567));
#6716=CARTESIAN_POINT('Ctrl Pts',(-125.813841492043,-14.08,-29.7090382239567));
#6717=CARTESIAN_POINT('Ctrl Pts',(-125.431866747009,2.39660368242694E-14,
-29.3477391171646));
#6718=CARTESIAN_POINT('Ctrl Pts',(-125.431866747009,-14.08,-29.3477391171646));
#6719=CARTESIAN_POINT('Ctrl Pts',(-125.113763744671,2.36519775493733E-14,
-28.9212716419944));
#6720=CARTESIAN_POINT('Ctrl Pts',(-125.113763744671,-14.08,-28.9212716419944));
#6721=CARTESIAN_POINT('Ctrl Pts',(-124.874863470107,2.33121870382722E-14,
-28.4398789999999));
#6722=CARTESIAN_POINT('Ctrl Pts',(-124.874863470107,-14.08,-28.4398789999999));
#6723=CARTESIAN_POINT('Ctrl Pts',(-125.718304951486,-13.08,-29.6159754872981));
#6724=CARTESIAN_POINT('Ctrl Pts',(-125.718304951486,-9.05333333333332,-29.6159754872981));
#6725=CARTESIAN_POINT('Ctrl Pts',(-125.718304951486,-5.02666666666664,-29.6159754872981));
#6726=CARTESIAN_POINT('Ctrl Pts',(-125.718304951486,-0.999999999999976,
-29.6159754872981));
#6727=CARTESIAN_POINT('Ctrl Pts',(-125.718304951486,-0.999999999999976,
-29.6159754872981));
#6728=CARTESIAN_POINT('Ctrl Pts',(-125.718304951486,-5.02666666666664,-29.6159754872981));
#6729=CARTESIAN_POINT('Ctrl Pts',(-125.718304951486,-9.05333333333332,-29.6159754872981));
#6730=CARTESIAN_POINT('Ctrl Pts',(-125.718304951486,-13.08,-29.6159754872981));
#6731=CARTESIAN_POINT('Ctrl Pts',(-124.977504490575,-0.999999999999977,
-28.8728035342157));
#6732=CARTESIAN_POINT('Ctrl Pts',(-124.977504490575,-5.02666666666665,-28.8728035342157));
#6733=CARTESIAN_POINT('Ctrl Pts',(-124.977504490575,-9.05333333333332,-28.8728035342157));
#6734=CARTESIAN_POINT('Ctrl Pts',(-124.977504490575,-13.08,-28.8728035342157));
#6735=CARTESIAN_POINT('Ctrl Pts',(-123.934689754216,-0.999999999999977,
-28.4398789909799));
#6736=CARTESIAN_POINT('Ctrl Pts',(-123.934689754216,-5.02666666666664,-28.4398789909799));
#6737=CARTESIAN_POINT('Ctrl Pts',(-123.934689754216,-9.05333333333332,-28.4398789909799));
#6738=CARTESIAN_POINT('Ctrl Pts',(-123.934689754216,-13.08,-28.4398789909799));
#6739=CARTESIAN_POINT('Ctrl Pts',(-122.885361457288,-0.999999999999977,
-28.4398789809128));
#6740=CARTESIAN_POINT('Ctrl Pts',(-122.885361457288,-5.02666666666665,-28.4398789809128));
#6741=CARTESIAN_POINT('Ctrl Pts',(-122.885361457288,-9.05333333333332,-28.4398789809128));
#6742=CARTESIAN_POINT('Ctrl Pts',(-122.885361457288,-13.08,-28.4398789809128));
#6743=CARTESIAN_POINT('Ctrl Pts',(-122.885361457288,-0.999999999999977,
-28.4398789809128));
#6744=CARTESIAN_POINT('Ctrl Pts',(-122.885361457288,-5.02666666666665,-28.4398789809128));
#6745=CARTESIAN_POINT('Ctrl Pts',(-122.885361457288,-9.05333333333332,-28.4398789809128));
#6746=CARTESIAN_POINT('Ctrl Pts',(-122.885361457288,-13.08,-28.4398789809128));
#6747=CARTESIAN_POINT('Origin',(-124.874863470107,2.33121870382722E-14,
-28.4398789999999));
#6748=CARTESIAN_POINT('',(-109.904908058735,2.1478896147835E-14,-28.4398788563796));
#6749=CARTESIAN_POINT('Ctrl Pts',(-127.2535161096,2.82000000000135,-28.4445278355273));
#6750=CARTESIAN_POINT('Ctrl Pts',(-127.2535161096,-21.179999999999,-28.4445278355273));
#6751=CARTESIAN_POINT('Ctrl Pts',(-121.470646759312,2.82000000000135,-28.4429781758114));
#6752=CARTESIAN_POINT('Ctrl Pts',(-121.470646759312,-21.179999999999,-28.4429781758114));
#6753=CARTESIAN_POINT('Ctrl Pts',(-115.687777409024,2.82000000000135,-28.4414285160955));
#6754=CARTESIAN_POINT('Ctrl Pts',(-115.687777409024,-21.179999999999,-28.4414285160955));
#6755=CARTESIAN_POINT('Ctrl Pts',(-109.904908058735,2.82000000000135,-28.4398788563796));
#6756=CARTESIAN_POINT('Ctrl Pts',(-109.904908058735,-21.179999999999,-28.4398788563796));
#6757=CARTESIAN_POINT('Ctrl Pts',(-108.730186723172,2.82000000000135,-28.4395640613841));
#6758=CARTESIAN_POINT('Ctrl Pts',(-108.730186723172,-21.179999999999,-28.4395640613841));
#6759=CARTESIAN_POINT('Ctrl Pts',(-107.61421177103,2.82000000000135,-27.9667898752139));
#6760=CARTESIAN_POINT('Ctrl Pts',(-107.61421177103,-21.179999999999,-27.966789875214));
#6761=CARTESIAN_POINT('Ctrl Pts',(-106.812543823985,2.82000000000135,-27.2078794483416));
#6762=CARTESIAN_POINT('Ctrl Pts',(-106.812543823985,-21.179999999999,-27.2078794483416));
#6763=CARTESIAN_POINT('Ctrl Pts',(-105.950658908729,2.82000000000135,-26.3919637673381));
#6764=CARTESIAN_POINT('Ctrl Pts',(-105.950658908729,-21.179999999999,-26.3919637673381));
#6765=CARTESIAN_POINT('Ctrl Pts',(-105.405969060504,2.82000000000134,-25.2021771732223));
#6766=CARTESIAN_POINT('Ctrl Pts',(-105.405969060504,-21.179999999999,-25.2021771732223));
#6767=CARTESIAN_POINT('Ctrl Pts',(-105.406115975687,2.82000000000134,-23.9393306771043));
#6768=CARTESIAN_POINT('Ctrl Pts',(-105.406115975687,-21.179999999999,-23.9393306771043));
#6769=CARTESIAN_POINT('Ctrl Pts',(-105.407110254862,2.82000000000134,-15.3927533501957));
#6770=CARTESIAN_POINT('Ctrl Pts',(-105.407110254862,-21.179999999999,-15.3927533501957));
#6771=CARTESIAN_POINT('Ctrl Pts',(-105.408104534037,2.82000000000133,-6.84617602328707));
#6772=CARTESIAN_POINT('Ctrl Pts',(-105.408104534037,-21.179999999999,-6.84617602328709));
#6773=CARTESIAN_POINT('Ctrl Pts',(-105.409098813212,2.82000000000133,1.70040130362155));
#6774=CARTESIAN_POINT('Ctrl Pts',(-105.409098813212,-21.179999999999,1.70040130362153));
#6775=CARTESIAN_POINT('',(-106.855360014428,-7.5022373520885,-27.2478649101185));
#6776=CARTESIAN_POINT('Ctrl Pts',(-106.855360014428,-7.50223735208857,-27.2478649101185));
#6777=CARTESIAN_POINT('Ctrl Pts',(-106.855360014428,-5.33482490139237,-27.2478649101185));
#6778=CARTESIAN_POINT('Ctrl Pts',(-106.855360014428,-3.16741245069618,-27.2478649101185));
#6779=CARTESIAN_POINT('Ctrl Pts',(-106.855360014428,-0.99999999999998,-27.2478649101185));
#6780=CARTESIAN_POINT('',(-106.856115964536,-7.57999999999878,-27.2485611928041));
#6781=CARTESIAN_POINT('Ctrl Pts',(-106.856115964536,-7.57999999999878,-27.2485611928041));
#6782=CARTESIAN_POINT('Ctrl Pts',(-106.856115964536,-7.55408564981157,-27.2485611928041));
#6783=CARTESIAN_POINT('Ctrl Pts',(-106.855864106598,-7.52816223590446,-27.24832932463));
#6784=CARTESIAN_POINT('Ctrl Pts',(-106.855360014428,-7.5022373520885,-27.2478649101185));
#6785=CARTESIAN_POINT('',(-106.855360014428,-7.65776264790793,-27.2478649101185));
#6786=CARTESIAN_POINT('Ctrl Pts',(-106.855360014428,-7.65776264790793,-27.2478649101185));
#6787=CARTESIAN_POINT('Ctrl Pts',(-106.855863753196,-7.63185593915345,-27.2483289990446));
#6788=CARTESIAN_POINT('Ctrl Pts',(-106.856115964536,-7.60593251282683,-27.2485611928041));
#6789=CARTESIAN_POINT('Ctrl Pts',(-106.856115964536,-7.57999999999878,-27.2485611928041));
#6790=CARTESIAN_POINT('Ctrl Pts',(-106.855360014428,-13.08,-27.2478649101185));
#6791=CARTESIAN_POINT('Ctrl Pts',(-106.855360014428,-11.2725875493026,-27.2478649101185));
#6792=CARTESIAN_POINT('Ctrl Pts',(-106.855360014428,-9.46517509860528,-27.2478649101185));
#6793=CARTESIAN_POINT('Ctrl Pts',(-106.855360014428,-7.65776264790793,-27.2478649101185));
#6794=CARTESIAN_POINT('Ctrl Pts',(-106.855360014428,-0.99999999999998,-27.2478649101185));
#6795=CARTESIAN_POINT('Ctrl Pts',(-106.855360014428,-3.16741245069618,-27.2478649101185));
#6796=CARTESIAN_POINT('Ctrl Pts',(-106.855360014428,-5.33482490139237,-27.2478649101185));
#6797=CARTESIAN_POINT('Ctrl Pts',(-106.855360014428,-7.50223735208857,-27.2478649101185));
#6798=CARTESIAN_POINT('Ctrl Pts',(-106.125340771188,-0.99999999999998,-26.5753062978365));
#6799=CARTESIAN_POINT('Ctrl Pts',(-106.125340771188,-3.16741245069617,-26.5753062978365));
#6800=CARTESIAN_POINT('Ctrl Pts',(-106.125340771188,-5.33482490139237,-26.5753062978365));
#6801=CARTESIAN_POINT('Ctrl Pts',(-106.125340771188,-7.50223735208857,-26.5753062978365));
#6802=CARTESIAN_POINT('Ctrl Pts',(-105.137685263641,-0.99999999999998,-26.1896989794882));
#6803=CARTESIAN_POINT('Ctrl Pts',(-105.137685263641,-3.16741245069618,-26.1896989794882));
#6804=CARTESIAN_POINT('Ctrl Pts',(-105.137685263641,-5.33482490139237,-26.1896989794882));
#6805=CARTESIAN_POINT('Ctrl Pts',(-105.137685263641,-7.50223735208857,-26.1896989794882));
#6806=CARTESIAN_POINT('Ctrl Pts',(-104.145081021027,-0.999999999999981,
-26.1896989740855));
#6807=CARTESIAN_POINT('Ctrl Pts',(-104.145081021027,-3.16741245069618,-26.1896989740855));
#6808=CARTESIAN_POINT('Ctrl Pts',(-104.145081021027,-5.33482490139237,-26.1896989740855));
#6809=CARTESIAN_POINT('Ctrl Pts',(-104.145081021027,-7.50223735208857,-26.1896989740855));
#6810=CARTESIAN_POINT('',(-104.145081021027,-3.79336969256352,-26.1896989740855));
#6811=CARTESIAN_POINT('Ctrl Pts',(-104.145081021027,-0.999999999999981,
-26.1896989740855));
#6812=CARTESIAN_POINT('Ctrl Pts',(-104.145081021027,-1.93112323085449,-26.1896989740855));
#6813=CARTESIAN_POINT('Ctrl Pts',(-104.145081021027,-2.862246461709,-26.1896989740855));
#6814=CARTESIAN_POINT('Ctrl Pts',(-104.145081021027,-3.79336969256352,-26.1896989740855));
#6815=CARTESIAN_POINT('Ctrl Pts',(-104.145081021027,-3.79336969256353,-26.1896989740855));
#6816=CARTESIAN_POINT('Ctrl Pts',(-104.537637272563,-3.92699543617849,-26.1896989762222));
#6817=CARTESIAN_POINT('Ctrl Pts',(-104.902011783294,-4.11903066686981,-26.2473904180995));
#6818=CARTESIAN_POINT('Ctrl Pts',(-105.599132094272,-4.63242507420283,-26.4434615011668));
#6819=CARTESIAN_POINT('Ctrl Pts',(-105.914824942025,-4.96368497148673,-26.5906731446949));
#6820=CARTESIAN_POINT('Ctrl Pts',(-106.435364769917,-5.73106248603169,-26.8954974867761));
#6821=CARTESIAN_POINT('Ctrl Pts',(-106.635168453652,-6.17897290400886,-27.0557106473342));
#6822=CARTESIAN_POINT('Ctrl Pts',(-106.787283907286,-6.82246630475298,-27.1861461522506));
#6823=CARTESIAN_POINT('Ctrl Pts',(-106.815746435458,-6.98829646341402,-27.211757853415));
#6824=CARTESIAN_POINT('Ctrl Pts',(-106.840576302504,-7.2217838996143,-27.2342985581672));
#6825=CARTESIAN_POINT('Ctrl Pts',(-106.845890089372,-7.28678854837007,-27.2391641392837));
#6826=CARTESIAN_POINT('Ctrl Pts',(-106.852468912488,-7.40203485672528,-27.2452014453495));
#6827=CARTESIAN_POINT('Ctrl Pts',(-106.854385156652,-7.45210153153866,-27.2469667844886));
#6828=CARTESIAN_POINT('Ctrl Pts',(-106.855360014428,-7.50223735208857,-27.2478649101185));
#6829=CARTESIAN_POINT('Origin',(-106.012388885608,1.9550668491939E-14,-26.1896989842492));
#6830=CARTESIAN_POINT('',(-104.145081021027,-11.3666303074341,-26.1896989740855));
#6831=CARTESIAN_POINT('Ctrl Pts',(-104.145081021027,-11.3666303074341,-26.1896989740855));
#6832=CARTESIAN_POINT('Ctrl Pts',(-104.145081021027,-11.9377535382894,-26.1896989740855));
#6833=CARTESIAN_POINT('Ctrl Pts',(-104.145081021027,-12.5088767691447,-26.1896989740855));
#6834=CARTESIAN_POINT('Ctrl Pts',(-104.145081021027,-13.08,-26.1896989740855));
#6835=CARTESIAN_POINT('',(-102.856115965329,-11.5799999999988,-26.1896989670697));
#6836=CARTESIAN_POINT('Origin',(-102.856115965329,-7.57999999999883,-26.1896989670697));
#6837=CARTESIAN_POINT('',(-95.155858437889,-11.5799999999989,-26.1896989251575));
#6838=CARTESIAN_POINT('',(-98.5841236536503,-11.5799999999989,-26.1896989438174));
#6839=CARTESIAN_POINT('',(-95.1558584378889,-3.57999999999891,-26.1896989251575));
#6840=CARTESIAN_POINT('Origin',(-95.1558584378889,-7.57999999999891,-26.1896989251575));
#6841=CARTESIAN_POINT('',(-102.856115965328,-3.57999999999883,-26.1896989670697));
#6842=CARTESIAN_POINT('',(-106.43425241737,-3.57999999999879,-26.1896989865454));
#6843=CARTESIAN_POINT('Origin',(-102.856115965329,-7.57999999999883,-26.1896989670697));
#6844=CARTESIAN_POINT('',(-89.1550585738036,1.74862408718989E-14,-26.1896988924954));
#6845=CARTESIAN_POINT('Ctrl Pts',(-89.1550585738036,1.74862408718989E-14,
-26.1896988924954));
#6846=CARTESIAN_POINT('Ctrl Pts',(-89.1550585738036,-14.08,-26.1896988924954));
#6847=CARTESIAN_POINT('Ctrl Pts',(-87.9804680504448,1.73422193507805E-14,
-26.1894265690657));
#6848=CARTESIAN_POINT('Ctrl Pts',(-87.9804680504448,-14.08,-26.1894265690657));
#6849=CARTESIAN_POINT('Ctrl Pts',(-86.8647292538837,1.69007502087513E-14,
-25.7168749621975));
#6850=CARTESIAN_POINT('Ctrl Pts',(-86.8647292538837,-14.08,-25.7168749621975));
#6851=CARTESIAN_POINT('Ctrl Pts',(-86.063035227063,1.63131565446228E-14,
-24.9581793778337));
#6852=CARTESIAN_POINT('Ctrl Pts',(-86.063035227063,-14.08,-24.9581793778337));
#6853=CARTESIAN_POINT('Ctrl Pts',(-85.2013026146494,1.56815581962665E-14,
-24.142665346211));
#6854=CARTESIAN_POINT('Ctrl Pts',(-85.2013026146494,-14.08,-24.142665346211));
#6855=CARTESIAN_POINT('Ctrl Pts',(-84.656372916267,1.48476157418241E-14,
-22.953331507962));
#6856=CARTESIAN_POINT('Ctrl Pts',(-84.656372916267,-14.08,-22.953331507962));
#6857=CARTESIAN_POINT('Ctrl Pts',(-84.6561030468101,1.40330801888536E-14,
-21.6906809302666));
#6858=CARTESIAN_POINT('Ctrl Pts',(-84.6561030468101,-14.08,-21.6906809302666));
#6859=CARTESIAN_POINT('',(-84.6561030468101,1.40330801888536E-14,-21.6906809302666));
#6860=CARTESIAN_POINT('Origin',(-84.6561030468101,1.40330801888536E-14,
-21.6906809302666));
#6861=CARTESIAN_POINT('',(-84.6561035273765,-3.57999999999996,26.4121444339056));
#6862=CARTESIAN_POINT('',(-84.6561035273765,-11.58,26.4121444339056));
#6863=CARTESIAN_POINT('Origin',(-84.6561035273765,-7.57999999999996,26.4121444339056));
#6864=CARTESIAN_POINT('',(-84.6561035073957,-3.57999999999996,24.4121444339056));
#6865=CARTESIAN_POINT('',(-84.6561032571221,-3.57999999999996,-0.639268270367869));
#6866=CARTESIAN_POINT('',(-84.6561035073957,-11.58,24.4121444339056));
#6867=CARTESIAN_POINT('Origin',(-84.6561035073957,-7.57999999999996,24.4121444339056));
#6868=CARTESIAN_POINT('',(-84.6561033070741,-11.58,4.36073172963214));
#6869=CARTESIAN_POINT('Origin',(-155.531078444573,-1.98138734003707E-15,
16.590455093557));
#6870=CARTESIAN_POINT('',(-166.639434979722,-1.25099676151809E-14,35.0208517729144));
#6871=CARTESIAN_POINT('',(-163.959879288998,-1.52083448942084E-14,38.6952022580981));
#6872=CARTESIAN_POINT('',(-167.447406726319,-1.21460370876109E-14,34.6100729988719));
#6873=CARTESIAN_POINT('Origin',(-167.447406728536,-1.59655050341122E-14,
35.6100729988719));
#6874=CARTESIAN_POINT('',(-221.905537818169,-8.19526795516925E-15,34.6100728781296));
#6875=CARTESIAN_POINT('',(-161.235038932139,-1.2906832729923E-14,34.6100730126458));
#6876=CARTESIAN_POINT('',(-222.956030953157,-7.54249249962005E-15,33.56013028945));
#6877=CARTESIAN_POINT('Ctrl Pts',(-221.905537818169,-8.19526795516925E-15,
34.6100728781296));
#6878=CARTESIAN_POINT('Ctrl Pts',(-222.479154537178,-8.19550536648824E-15,
34.6104547372401));
#6879=CARTESIAN_POINT('Ctrl Pts',(-222.956137623905,-7.89895826418443E-15,
34.1334799527082));
#6880=CARTESIAN_POINT('Ctrl Pts',(-222.956030953157,-7.54249249962005E-15,
33.56013028945));
#6881=CARTESIAN_POINT('',(-222.956030937776,2.68078710821577E-14,-21.6899704221233));
#6882=CARTESIAN_POINT('',(-222.956030952733,8.02443496794852E-16,25.0752926806146));
#6883=CARTESIAN_POINT('',(-221.905834244898,2.74605134804366E-14,-22.739698997709));
#6884=CARTESIAN_POINT('Ctrl Pts',(-222.956030937776,2.68078710821577E-14,
-21.6899704221233));
#6885=CARTESIAN_POINT('Ctrl Pts',(-222.955885593213,2.71643454713631E-14,
-22.2633339574991));
#6886=CARTESIAN_POINT('Ctrl Pts',(-222.479183886021,2.74605798260657E-14,
-22.7398057099037));
#6887=CARTESIAN_POINT('Ctrl Pts',(-221.905834244898,2.74605134804366E-14,
-22.739698997709));
#6888=CARTESIAN_POINT('',(-185.955891950804,2.71154202334111E-14,-22.7396989999991));
#6889=CARTESIAN_POINT('',(-188.718456344629,2.74537367976448E-14,-22.7396989999991));
#6890=CARTESIAN_POINT('',(-184.955891950804,2.76380291107417E-14,-23.7396989953558));
#6891=CARTESIAN_POINT('Origin',(-185.955891950804,2.76712389257553E-14,
-23.7396989999991));
#6892=CARTESIAN_POINT('',(-184.955891938265,2.97610899028435E-14,-26.4400114770818));
#6893=CARTESIAN_POINT('',(-184.955892046758,1.43075343463444E-14,-3.07462202153559));
#6894=CARTESIAN_POINT('',(-183.906158424945,3.0413737231182E-14,-27.4897479823156));
#6895=CARTESIAN_POINT('Ctrl Pts',(-184.955891938265,2.97610899028435E-14,
-26.4400114770818));
#6896=CARTESIAN_POINT('Ctrl Pts',(-184.955748665847,3.01174534096971E-14,
-27.0131966661328));
#6897=CARTESIAN_POINT('Ctrl Pts',(-184.479342536508,3.04136468643642E-14,
-27.4896026337584));
#6898=CARTESIAN_POINT('Ctrl Pts',(-183.906158424945,3.0413737231182E-14,
-27.4897479823156));
#6899=CARTESIAN_POINT('',(-166.956157770165,2.78527548876257E-14,-27.4897479990136));
#6900=CARTESIAN_POINT('',(-169.718618456471,2.81910587495957E-14,-27.4897479962922));
#6901=CARTESIAN_POINT('',(-165.956157792261,2.83754963206762E-14,-28.4899534794841));
#6902=CARTESIAN_POINT('Origin',(-166.95615777115,3.11636983739697E-14,-28.4897479990136));
#6903=CARTESIAN_POINT('',(-165.956198938277,3.11600859261586E-14,-28.6901964277952));
#6904=CARTESIAN_POINT('',(-165.951423239146,1.35115333143748E-14,-5.44857632983685));
#6905=CARTESIAN_POINT('',(-164.906003244646,3.18127326729853E-14,-29.7399319977087));
#6906=CARTESIAN_POINT('Ctrl Pts',(-165.956198938277,3.11600859261586E-14,
-28.6901964277952));
#6907=CARTESIAN_POINT('Ctrl Pts',(-165.956055672154,3.15165615736975E-14,
-29.2635619871105));
#6908=CARTESIAN_POINT('Ctrl Pts',(-165.479352962751,3.18127990186195E-14,
-29.7400387099117));
#6909=CARTESIAN_POINT('Ctrl Pts',(-164.906003244646,3.18127326729853E-14,
-29.7399319977087));
#6910=CARTESIAN_POINT('',(-147.905732527651,3.18127326637345E-14,-29.7399319828295));
#6911=CARTESIAN_POINT('',(-160.218540821107,2.84791689862293E-14,-29.7399319952648));
#6912=CARTESIAN_POINT('',(-146.855996957737,3.11597998465333E-14,-28.689736289198));
#6913=CARTESIAN_POINT('Ctrl Pts',(-147.905732527651,3.18127326637345E-14,
-29.7399319828295));
#6914=CARTESIAN_POINT('Ctrl Pts',(-147.332366968335,3.18126435916178E-14,
-29.7397887167063));
#6915=CARTESIAN_POINT('Ctrl Pts',(-146.855890245534,3.15162656451971E-14,
-29.2630860073027));
#6916=CARTESIAN_POINT('Ctrl Pts',(-146.855996957737,3.11597998465333E-14,
-28.689736289198));
#6917=CARTESIAN_POINT('',(-146.855996958194,2.60362686966244E-14,-28.4897480127035));
#6918=CARTESIAN_POINT('',(-146.855997266433,1.15607487135699E-14,-6.04964053813329));
#6919=CARTESIAN_POINT('',(-145.855996959176,2.52687304477286E-14,-27.4897479989674));
#6920=CARTESIAN_POINT('Origin',(-145.855996958194,3.11636983739357E-14,
-28.4897479989674));
#6921=CARTESIAN_POINT('',(-128.905785485943,3.04137372311822E-14,-27.4897479823156));
#6922=CARTESIAN_POINT('',(-151.193537686599,2.59223906678268E-14,-27.489748004211));
#6923=CARTESIAN_POINT('',(-127.856051972629,2.97610899028143E-14,-26.4400114770346));
#6924=CARTESIAN_POINT('Ctrl Pts',(-128.905785485943,3.04137372311822E-14,
-27.4897479823156));
#6925=CARTESIAN_POINT('Ctrl Pts',(-128.332601374386,3.04136468643644E-14,
-27.4896026337584));
#6926=CARTESIAN_POINT('Ctrl Pts',(-127.856195245047,3.01174534096972E-14,
-27.0131966661328));
#6927=CARTESIAN_POINT('Ctrl Pts',(-127.856051972629,2.97610899028143E-14,
-26.4400114770346));
#6928=CARTESIAN_POINT('',(-127.856051967295,2.20968471024031E-14,-25.9898789870505));
#6929=CARTESIAN_POINT('',(-127.856051717707,8.50830761073995E-15,-4.92477835569145));
#6930=CARTESIAN_POINT('',(-126.856051968395,2.13293088700256E-14,-24.9898789988989));
#6931=CARTESIAN_POINT('Origin',(-126.856051967295,2.9325677100808E-14,-25.9898789988989));
#6932=CARTESIAN_POINT('',(-109.905832569649,2.88595064149163E-14,-24.9898789802513));
#6933=CARTESIAN_POINT('',(-141.693565177138,2.31463801863947E-14,-24.9898790152223));
#6934=CARTESIAN_POINT('',(-108.856115957074,2.82065835179824E-14,-23.9396992426597));
#6935=CARTESIAN_POINT('Ctrl Pts',(-109.905832569649,2.88595064149163E-14,
-24.9898789802513));
#6936=CARTESIAN_POINT('Ctrl Pts',(-109.332475452301,2.88594108900507E-14,
-24.9897253353436));
#6937=CARTESIAN_POINT('Ctrl Pts',(-108.856026018819,2.85630278955821E-14,
-24.5130145065162));
#6938=CARTESIAN_POINT('Ctrl Pts',(-108.856115957074,2.82065835179824E-14,
-23.9396992426597));
#6939=CARTESIAN_POINT('',(-108.856115957524,1.83184944113295E-14,-23.7396990095996));
#6940=CARTESIAN_POINT('',(-108.856116165928,5.37504366544905E-15,-3.67462183208396));
#6941=CARTESIAN_POINT('',(-107.856115958273,1.75509561645659E-14,-22.7396989992132));
#6942=CARTESIAN_POINT('Origin',(-107.856115957524,2.76712389251775E-14,
-23.7396989992132));
#6943=CARTESIAN_POINT('',(-89.1558584404709,2.74605134726705E-14,-22.7396989852172));
#6944=CARTESIAN_POINT('',(-132.193597191523,2.0531438025477E-14,-22.7396990174283));
#6945=CARTESIAN_POINT('',(-88.1061029680093,2.68078543769413E-14,-21.6899435529781));
#6946=CARTESIAN_POINT('Ctrl Pts',(-89.1558584404709,2.74605134726705E-14,
-22.7396989852172));
#6947=CARTESIAN_POINT('Ctrl Pts',(-88.5826612288798,2.74604308496917E-14,
-22.7395660920707));
#6948=CARTESIAN_POINT('Ctrl Pts',(-88.1062254842897,2.71642410979996E-14,
-22.2631660804154));
#6949=CARTESIAN_POINT('Ctrl Pts',(-88.1061029680093,2.68078543769413E-14,
-21.6899435529781));
#6950=CARTESIAN_POINT('',(-88.1061034054134,2.10827069769538E-15,-2.54974345923631));
#6951=CARTESIAN_POINT('Origin',(-156.36270659118,-1.72120075068963E-14,
49.1128529473114));
#6952=CARTESIAN_POINT('',(-156.528437184116,-11.08,48.8855942690641));
#6953=CARTESIAN_POINT('',(-156.528437184116,-1.70316764022972E-14,48.8855942690642));
#6954=CARTESIAN_POINT('',(-166.639434979722,-11.08,35.0208517729144));
#6955=CARTESIAN_POINT('',(-163.948824392737,-11.08,38.7103613247975));
#6956=CARTESIAN_POINT('',(-166.639434979722,-7.67409865794302E-15,35.0208517729144));
#6957=CARTESIAN_POINT('Origin',(-88.4066760496732,-1.08825436818853E-14,
38.9323635050506));
#6958=CARTESIAN_POINT('',(-88.4066760496732,-11.08,38.9323635050506));
#6959=CARTESIAN_POINT('',(-88.4066760496732,-1.08825436818853E-14,38.9323635050506));
#6960=CARTESIAN_POINT('',(-101.641869571349,-11.08,61.8830520971274));
#6961=CARTESIAN_POINT('',(-91.9582939035092,-11.08,45.0911004534717));
#6962=CARTESIAN_POINT('',(-101.641869571349,-2.51515583522036E-14,61.8830520971275));
#6963=CARTESIAN_POINT('Origin',(-90.3583059755419,-1.01834918682969E-14,
37.8079887073452));
#6964=CARTESIAN_POINT('',(-88.1061043271043,-11.08,37.7821861729639));
#6965=CARTESIAN_POINT('',(-88.1061043271043,-1.0167449790076E-14,37.782186172964));
#6966=CARTESIAN_POINT('Origin',(-90.3583059755419,-11.08,37.8079887073452));
#6967=CARTESIAN_POINT('Origin',(-88.1061029680093,2.68078543768729E-14,
-21.6899435528681));
#6968=CARTESIAN_POINT('',(-88.1061029680093,-11.08,-21.6899435529781));
#6969=CARTESIAN_POINT('',(-88.1061029680093,2.68078543769413E-14,-21.6899435529781));
#6970=CARTESIAN_POINT('',(-88.1061039773097,-11.08,22.4756526819603));
#6971=CARTESIAN_POINT('',(-88.1061034059438,-11.08,-2.52653394105323));
#6972=CARTESIAN_POINT('',(-88.1061040215636,-3.57999999999999,24.412144355064));
#6973=CARTESIAN_POINT('Origin',(-88.1061040215636,-7.57999999999999,24.412144355064));
#6974=CARTESIAN_POINT('',(-88.1061040672689,-3.57999999999999,26.412144355064));
#6975=CARTESIAN_POINT('',(-88.1061034490812,-3.58,-0.638899598902062));
#6976=CARTESIAN_POINT('',(-88.1061041115228,-11.08,28.3486360281676));
#6977=CARTESIAN_POINT('Origin',(-88.1061040672689,-7.58,26.412144355064));
#6978=CARTESIAN_POINT('',(-88.1061034059438,-11.08,-2.52653394105323));
#6979=CARTESIAN_POINT('Origin',(-161.080205359845,-11.08,46.0786217626324));
#6980=CARTESIAN_POINT('',(-155.921186040676,-11.08,49.2955451637289));
#6981=CARTESIAN_POINT('',(-155.538844866239,-12.08,48.3715239376034));
#6982=CARTESIAN_POINT('Origin',(-155.538844866239,-11.08,48.3715239376034));
#6983=CARTESIAN_POINT('',(-155.720465435302,-12.08,48.2963730431066));
#6984=CARTESIAN_POINT('',(-161.080205359845,-12.08,46.0786217626324));
#6985=CARTESIAN_POINT('',(-156.102806609739,-11.08,49.220394269232));
#6986=CARTESIAN_POINT('Origin',(-155.720465435302,-11.08,48.2963730431066));
#6987=CARTESIAN_POINT('',(-161.462546534282,-11.08,47.0026429887578));
#6988=CARTESIAN_POINT('Origin',(-139.254554393248,-11.08,50.4899091659456));
#6989=CARTESIAN_POINT('',(-119.063293277582,-11.08,54.1249689611321));
#6990=CARTESIAN_POINT('',(-118.934292565752,-12.08,53.1333244601404));
#6991=CARTESIAN_POINT('Origin',(-118.934292565752,-11.08,53.1333244601404));
#6992=CARTESIAN_POINT('',(-139.254554393248,-12.08,50.4899091659456));
#6993=CARTESIAN_POINT('',(-155.667845578069,-11.08,49.3631684385952));
#6994=CARTESIAN_POINT('Origin',(-155.538844866239,-11.08,48.3715239376034));
#6995=CARTESIAN_POINT('',(-139.383555105078,-11.08,51.4815536669374));
#6996=CARTESIAN_POINT('Origin',(-90.3583059755419,-11.08,37.8079887073452));
#6997=CARTESIAN_POINT('',(-89.1061174161333,-12.08,37.7879148128023));
#6998=CARTESIAN_POINT('Ctrl Pts',(-88.1061043232739,-11.08,37.7821861729201));
#6999=CARTESIAN_POINT('Ctrl Pts',(-88.1061076543481,-11.1243388357436,37.7818954165689));
#7000=CARTESIAN_POINT('Ctrl Pts',(-88.1090640869611,-11.1686774403396,37.7816384960339));
#7001=CARTESIAN_POINT('Ctrl Pts',(-88.1149475251722,-11.2126246019151,37.7814185237406));
#7002=CARTESIAN_POINT('Ctrl Pts',(-88.1208307324018,-11.2565700381424,37.7811985600834));
#7003=CARTESIAN_POINT('Ctrl Pts',(-88.1296406536875,-11.3001236039811,37.7810155477033));
#7004=CARTESIAN_POINT('Ctrl Pts',(-88.1412995510604,-11.3429010442674,37.7808719065348));
#7005=CARTESIAN_POINT('Ctrl Pts',(-88.1529580296654,-11.3856769480598,37.7807282705256));
#7006=CARTESIAN_POINT('Ctrl Pts',(-88.1674651578208,-11.4276763362456,37.7806240078977));
#7007=CARTESIAN_POINT('Ctrl Pts',(-88.184692942023,-11.4685286920777,37.7805607640911));
#7008=CARTESIAN_POINT('Ctrl Pts',(-88.2019201652832,-11.5093797177444,37.7804975223438));
#7009=CARTESIAN_POINT('Ctrl Pts',(-88.2218676875562,-11.5490833600941,37.7804753006726));
#7010=CARTESIAN_POINT('Ctrl Pts',(-88.2443595318603,-11.5872893780969,37.7804949031128));
#7011=CARTESIAN_POINT('Ctrl Pts',(-88.2668578276745,-11.625506355028,37.7805145111756));
#7012=CARTESIAN_POINT('Ctrl Pts',(-88.2919016727846,-11.6622244484972,37.780575970138));
#7013=CARTESIAN_POINT('Ctrl Pts',(-88.3192700078168,-11.6971195687935,37.7806791924269));
#7014=CARTESIAN_POINT('Ctrl Pts',(-88.3466355626122,-11.7320111442379,37.78078240423));
#7015=CARTESIAN_POINT('Ctrl Pts',(-88.3763248488751,-11.7650797534487,37.7809273723327));
#7016=CARTESIAN_POINT('Ctrl Pts',(-88.4080758589905,-11.7960335777766,37.7811130853411));
#7017=CARTESIAN_POINT('Ctrl Pts',(-88.4398240833909,-11.8269846863316,37.7812987820557));
#7018=CARTESIAN_POINT('Ctrl Pts',(-88.4736333382464,-11.8558210588801,37.7815252166475));
#7019=CARTESIAN_POINT('Ctrl Pts',(-88.5092053129099,-11.8822882692802,37.7817904423678));
#7020=CARTESIAN_POINT('Ctrl Pts',(-88.5447746598949,-11.9087535245648,37.782055648496));
#7021=CARTESIAN_POINT('Ctrl Pts',(-88.5821060950635,-11.9328496923429,37.7823596387719));
#7022=CARTESIAN_POINT('Ctrl Pts',(-88.6208702824377,-11.9543642010893,37.7826995398001));
#7023=CARTESIAN_POINT('Ctrl Pts',(-88.6596438039296,-11.9758838903636,37.7830395226739));
#7024=CARTESIAN_POINT('Ctrl Pts',(-88.6998503642901,-11.9948204509117,37.7834154310122));
#7025=CARTESIAN_POINT('Ctrl Pts',(-88.7411350967178,-12.0110067479737,37.7838234904752));
#7026=CARTESIAN_POINT('Ctrl Pts',(-88.7824122612478,-12.0271900779282,37.7842314751369));
#7027=CARTESIAN_POINT('Ctrl Pts',(-88.8247667715366,-12.0406239853215,37.784671595135));
#7028=CARTESIAN_POINT('Ctrl Pts',(-88.867824943536,-12.0511899453574,37.7851392293026));
#7029=CARTESIAN_POINT('Ctrl Pts',(-88.9108892962353,-12.061757422063,37.7856069305959));
#7030=CARTESIAN_POINT('Ctrl Pts',(-88.9546570638155,-12.0694560165876,37.7861021486954));
#7031=CARTESIAN_POINT('Ctrl Pts',(-88.9987419872921,-12.0742177862541,37.7866194807053));
#7032=CARTESIAN_POINT('Ctrl Pts',(-89.0343957502045,-12.0780688762264,37.7870378739195));
#7033=CARTESIAN_POINT('Ctrl Pts',(-89.0702566231204,-12.08,37.7874707151351));
#7034=CARTESIAN_POINT('Ctrl Pts',(-89.1061174161333,-12.08,37.7879148128023));
#7035=CARTESIAN_POINT('',(-89.273162342137,-12.08,38.4331626386928));
#7036=CARTESIAN_POINT('Origin',(-90.3583059755419,-12.08,37.8079887073452));
#7037=CARTESIAN_POINT('Origin',(-89.273162342137,-11.08,38.4331626386928));
#7038=CARTESIAN_POINT('Origin',(-163.140852643924,-11.08,38.1211400988399));
#7039=CARTESIAN_POINT('Origin',(-155.720465435302,-11.08,48.2963730431066));
#7040=CARTESIAN_POINT('',(-165.831463230908,-12.08,34.4316305469568));
#7041=CARTESIAN_POINT('',(-163.140852643924,-12.08,38.1211400988399));
#7042=CARTESIAN_POINT('Origin',(-165.831463230908,-11.08,34.4316305469568));
#7043=CARTESIAN_POINT('Origin',(-167.447406728536,-11.08,35.6100729988719));
#7044=CARTESIAN_POINT('',(-167.447406724102,-12.08,33.6100729988719));
#7045=CARTESIAN_POINT('',(-167.447406726319,-11.08,34.6100729988719));
#7046=CARTESIAN_POINT('Origin',(-167.447406724102,-11.08,33.6100729988719));
#7047=CARTESIAN_POINT('Origin',(-167.447406728536,-11.08,35.6100729988719));
#7048=CARTESIAN_POINT('Origin',(-167.447406728536,-12.08,35.6100729988719));
#7049=CARTESIAN_POINT('Origin',(-161.235023244482,-11.08,33.6100730126458));
#7050=CARTESIAN_POINT('',(-221.905537815952,-12.08,33.6100728781296));
#7051=CARTESIAN_POINT('',(-221.905537818169,-11.08,34.6100728781296));
#7052=CARTESIAN_POINT('Origin',(-221.905537815952,-11.08,33.6100728781296));
#7053=CARTESIAN_POINT('',(-161.235023246699,-11.08,34.6100730126458));
#7054=CARTESIAN_POINT('',(-161.235023244482,-12.08,33.6100730126458));
#7055=CARTESIAN_POINT('Ctrl Pts',(-221.904872111958,-11.08,34.6100724349661));
#7056=CARTESIAN_POINT('Ctrl Pts',(-221.905779887777,-11.08,34.6100730392764));
#7057=CARTESIAN_POINT('Ctrl Pts',(-221.945288536788,-11.0799999997919,34.6099345594913));
#7058=CARTESIAN_POINT('Ctrl Pts',(-221.978884609475,-11.079999999786,34.6076422980307));
#7059=CARTESIAN_POINT('Ctrl Pts',(-221.979150298828,-11.079999999786,34.6076244832371));
#7060=CARTESIAN_POINT('Ctrl Pts',(-221.979612787261,-11.079999999786,34.6075930976437));
#7061=CARTESIAN_POINT('Ctrl Pts',(-221.980541061668,-11.079999999786,34.6075297499842));
#7062=CARTESIAN_POINT('Ctrl Pts',(-221.981869102756,-11.079999999786,34.6074374509271));
#7063=CARTESIAN_POINT('Ctrl Pts',(-221.983468669703,-11.079999999786,34.6073238451713));
#7064=CARTESIAN_POINT('Ctrl Pts',(-221.985607778524,-11.079999999786,34.6071685211492));
#7065=CARTESIAN_POINT('Ctrl Pts',(-221.988294213993,-11.079999999786,34.6069671233376));
#7066=CARTESIAN_POINT('Ctrl Pts',(-221.992618014166,-11.079999999786,34.6066292322073));
#7067=CARTESIAN_POINT('Ctrl Pts',(-221.996978265479,-11.079999999786,34.6062676199398));
#7068=CARTESIAN_POINT('Ctrl Pts',(-222.001372100602,-11.079999999786,34.6058818338));
#7069=CARTESIAN_POINT('Ctrl Pts',(-222.005786869641,-11.079999999786,34.6054798319269));
#7070=CARTESIAN_POINT('Ctrl Pts',(-222.010230721517,-11.0799999997861,34.6050533647831));
#7071=CARTESIAN_POINT('Ctrl Pts',(-222.014700257463,-11.0799999997861,34.6046022207187));
#7072=CARTESIAN_POINT('Ctrl Pts',(-222.019185098507,-11.0799999997861,34.6041346176194));
#7073=CARTESIAN_POINT('Ctrl Pts',(-222.024816836793,-11.0799999997861,34.6035192205087));
#7074=CARTESIAN_POINT('Ctrl Pts',(-222.03387107683,-11.0799999997862,34.6024689221279));
#7075=CARTESIAN_POINT('Ctrl Pts',(-222.042968967461,-11.0799999997863,34.6013209632967));
#7076=CARTESIAN_POINT('Ctrl Pts',(-222.052073650673,-11.0799999997863,34.6000787261597));
#7077=CARTESIAN_POINT('Ctrl Pts',(-222.061169182756,-11.0799999997863,34.5987755028615));
#7078=CARTESIAN_POINT('Ctrl Pts',(-222.07249268849,-11.0799999997864,34.5970355958103));
#7079=CARTESIAN_POINT('Ctrl Pts',(-222.099406092742,-11.0799999997866,34.5925336971227));
#7080=CARTESIAN_POINT('Ctrl Pts',(-222.133821172389,-11.0799999997885,34.585552571842));
#7081=CARTESIAN_POINT('Ctrl Pts',(-222.164994706089,-11.0799999997891,34.5778448262999));
#7082=CARTESIAN_POINT('Ctrl Pts',(-222.209028698199,-11.0799999997895,34.5659301817838));
#7083=CARTESIAN_POINT('Ctrl Pts',(-222.262603413543,-11.0799999997973,34.5483140752401));
#7084=CARTESIAN_POINT('Ctrl Pts',(-222.31345704572,-11.0799999998006,34.5276977835631));
#7085=CARTESIAN_POINT('Ctrl Pts',(-222.344861992917,-11.0799999998022,34.513413901811));
#7086=CARTESIAN_POINT('Ctrl Pts',(-222.361803933518,-11.0799999998025,34.5052947996524));
#7087=CARTESIAN_POINT('Ctrl Pts',(-222.378132681089,-11.079999999803,34.4972019489777));
#7088=CARTESIAN_POINT('Ctrl Pts',(-222.397476107934,-11.0799999998048,34.4871331054861));
#7089=CARTESIAN_POINT('Ctrl Pts',(-222.415656169611,-11.0799999998054,34.4771133670449));
#7090=CARTESIAN_POINT('Ctrl Pts',(-222.429590386614,-11.0799999998061,34.4691194913832));
#7091=CARTESIAN_POINT('Ctrl Pts',(-222.443149615434,-11.0799999998068,34.4611373093954));
#7092=CARTESIAN_POINT('Ctrl Pts',(-222.465954912,-11.0799999998081,34.4471921819627));
#7093=CARTESIAN_POINT('Ctrl Pts',(-222.487077235576,-11.0799999998149,34.433267739654));
#7094=CARTESIAN_POINT('Ctrl Pts',(-222.5029401864,-11.0799999998156,34.4222984777667));
#7095=CARTESIAN_POINT('Ctrl Pts',(-222.508626884912,-11.0799999998157,34.418305670742));
#7096=CARTESIAN_POINT('Ctrl Pts',(-222.514259298573,-11.0799999998158,34.4143099167165));
#7097=CARTESIAN_POINT('Ctrl Pts',(-222.521196062415,-11.0799999998163,34.4093091835486));
#7098=CARTESIAN_POINT('Ctrl Pts',(-222.532100788579,-11.0799999998167,34.4012918684209));
#7099=CARTESIAN_POINT('Ctrl Pts',(-222.545361693366,-11.0799999998185,34.3912353988457));
#7100=CARTESIAN_POINT('Ctrl Pts',(-222.560778613848,-11.0799999998201,34.379093769849));
#7101=CARTESIAN_POINT('Ctrl Pts',(-222.575746115508,-11.0799999998218,34.366860074932));
#7102=CARTESIAN_POINT('Ctrl Pts',(-222.604855598041,-11.0799999998257,34.342174146066));
#7103=CARTESIAN_POINT('Ctrl Pts',(-222.64552037452,-11.0799999998515,34.3041761288163));
#7104=CARTESIAN_POINT('Ctrl Pts',(-222.696308683009,-11.0799999998665,34.2500588163541));
#7105=CARTESIAN_POINT('Ctrl Pts',(-222.74486549205,-11.0799999998867,34.1904412425306));
#7106=CARTESIAN_POINT('Ctrl Pts',(-222.792124295289,-11.0799999999107,34.1227466892675));
#7107=CARTESIAN_POINT('Ctrl Pts',(-222.839686833302,-11.0799999999424,34.0413081201591));
#7108=CARTESIAN_POINT('Ctrl Pts',(-222.887873216244,-11.0799999999523,33.9375457830027));
#7109=CARTESIAN_POINT('Ctrl Pts',(-222.930670188094,-11.0799999999877,33.8076113111853));
#7110=CARTESIAN_POINT('Ctrl Pts',(-222.954237158916,-11.0799999999924,33.6539440575062));
#7111=CARTESIAN_POINT('Ctrl Pts',(-222.956036150631,-11.08,33.588066438803));
#7112=CARTESIAN_POINT('Ctrl Pts',(-222.956030953157,-11.08,33.56013028945));
#7113=CARTESIAN_POINT('Ctrl Pts',(-221.904872111958,-11.1173999125427,34.6100724349661));
#7114=CARTESIAN_POINT('Ctrl Pts',(-221.905779887777,-11.1173999125427,34.6100730392764));
#7115=CARTESIAN_POINT('Ctrl Pts',(-221.945288536788,-11.1173999123347,34.6099345594913));
#7116=CARTESIAN_POINT('Ctrl Pts',(-221.978884609475,-11.1173999123287,34.6076422980307));
#7117=CARTESIAN_POINT('Ctrl Pts',(-221.979150298828,-11.1173999123287,34.6076244832371));
#7118=CARTESIAN_POINT('Ctrl Pts',(-221.979612787261,-11.1173999123287,34.6075930976437));
#7119=CARTESIAN_POINT('Ctrl Pts',(-221.980541061668,-11.1173999123287,34.6075297499842));
#7120=CARTESIAN_POINT('Ctrl Pts',(-221.981869102756,-11.1173999123287,34.6074374509271));
#7121=CARTESIAN_POINT('Ctrl Pts',(-221.983468669703,-11.1173999123287,34.6073238451713));
#7122=CARTESIAN_POINT('Ctrl Pts',(-221.985607778524,-11.1173999123287,34.6071685211492));
#7123=CARTESIAN_POINT('Ctrl Pts',(-221.988294213993,-11.1173999123287,34.6069671233376));
#7124=CARTESIAN_POINT('Ctrl Pts',(-221.992618014166,-11.1173999123287,34.6066292322073));
#7125=CARTESIAN_POINT('Ctrl Pts',(-221.996978265479,-11.1173999123288,34.6062676199398));
#7126=CARTESIAN_POINT('Ctrl Pts',(-222.001372100602,-11.1173999123288,34.6058818338));
#7127=CARTESIAN_POINT('Ctrl Pts',(-222.005786869641,-11.1173999123288,34.6054798319269));
#7128=CARTESIAN_POINT('Ctrl Pts',(-222.010230721517,-11.1173999123288,34.6050533647831));
#7129=CARTESIAN_POINT('Ctrl Pts',(-222.014700257463,-11.1173999123288,34.6046022207187));
#7130=CARTESIAN_POINT('Ctrl Pts',(-222.019185098507,-11.1173999123288,34.6041346176194));
#7131=CARTESIAN_POINT('Ctrl Pts',(-222.024816836793,-11.1173999123289,34.6035192205087));
#7132=CARTESIAN_POINT('Ctrl Pts',(-222.03387107683,-11.1173999123289,34.6024689221279));
#7133=CARTESIAN_POINT('Ctrl Pts',(-222.042968967461,-11.117399912329,34.6013209632967));
#7134=CARTESIAN_POINT('Ctrl Pts',(-222.052073650673,-11.117399912329,34.6000787261597));
#7135=CARTESIAN_POINT('Ctrl Pts',(-222.061169182756,-11.117399912329,34.5987755028615));
#7136=CARTESIAN_POINT('Ctrl Pts',(-222.07249268849,-11.1173999123292,34.5970355958103));
#7137=CARTESIAN_POINT('Ctrl Pts',(-222.099406092742,-11.1173999123293,34.5925336971227));
#7138=CARTESIAN_POINT('Ctrl Pts',(-222.133821172389,-11.1173999123312,34.585552571842));
#7139=CARTESIAN_POINT('Ctrl Pts',(-222.164994706089,-11.1173999123318,34.5778448262999));
#7140=CARTESIAN_POINT('Ctrl Pts',(-222.209028698199,-11.1173999123323,34.5659301817838));
#7141=CARTESIAN_POINT('Ctrl Pts',(-222.262603413543,-11.11739991234,34.5483140752401));
#7142=CARTESIAN_POINT('Ctrl Pts',(-222.31345704572,-11.1173999123433,34.5276977835631));
#7143=CARTESIAN_POINT('Ctrl Pts',(-222.344861992917,-11.117399912345,34.513413901811));
#7144=CARTESIAN_POINT('Ctrl Pts',(-222.361803933518,-11.1173999123452,34.5052947996524));
#7145=CARTESIAN_POINT('Ctrl Pts',(-222.378132681089,-11.1173999123458,34.4972019489777));
#7146=CARTESIAN_POINT('Ctrl Pts',(-222.397476107934,-11.1173999123475,34.4871331054861));
#7147=CARTESIAN_POINT('Ctrl Pts',(-222.415656169611,-11.1173999123482,34.4771133670449));
#7148=CARTESIAN_POINT('Ctrl Pts',(-222.429590386614,-11.1173999123489,34.4691194913832));
#7149=CARTESIAN_POINT('Ctrl Pts',(-222.443149615434,-11.1173999123495,34.4611373093954));
#7150=CARTESIAN_POINT('Ctrl Pts',(-222.465954912,-11.1173999123508,34.4471921819627));
#7151=CARTESIAN_POINT('Ctrl Pts',(-222.487077235576,-11.1173999123577,34.433267739654));
#7152=CARTESIAN_POINT('Ctrl Pts',(-222.5029401864,-11.1173999123583,34.4222984777667));
#7153=CARTESIAN_POINT('Ctrl Pts',(-222.508626884912,-11.1173999123584,34.418305670742));
#7154=CARTESIAN_POINT('Ctrl Pts',(-222.514259298573,-11.1173999123585,34.4143099167165));
#7155=CARTESIAN_POINT('Ctrl Pts',(-222.521196062415,-11.117399912359,34.4093091835486));
#7156=CARTESIAN_POINT('Ctrl Pts',(-222.532100788579,-11.1173999123595,34.4012918684209));
#7157=CARTESIAN_POINT('Ctrl Pts',(-222.545361693366,-11.1173999123612,34.3912353988457));
#7158=CARTESIAN_POINT('Ctrl Pts',(-222.560778613848,-11.1173999123629,34.379093769849));
#7159=CARTESIAN_POINT('Ctrl Pts',(-222.575746115508,-11.1173999123645,34.366860074932));
#7160=CARTESIAN_POINT('Ctrl Pts',(-222.604855598041,-11.1173999123684,34.342174146066));
#7161=CARTESIAN_POINT('Ctrl Pts',(-222.64552037452,-11.1173999123943,34.3041761288163));
#7162=CARTESIAN_POINT('Ctrl Pts',(-222.696308683009,-11.1173999124092,34.2500588163541));
#7163=CARTESIAN_POINT('Ctrl Pts',(-222.74486549205,-11.1173999124294,34.1904412425306));
#7164=CARTESIAN_POINT('Ctrl Pts',(-222.792124295289,-11.1173999124534,34.1227466892675));
#7165=CARTESIAN_POINT('Ctrl Pts',(-222.839686833302,-11.1173999124851,34.0413081201591));
#7166=CARTESIAN_POINT('Ctrl Pts',(-222.887873216244,-11.117399912495,33.9375457830027));
#7167=CARTESIAN_POINT('Ctrl Pts',(-222.930670188094,-11.1173999125304,33.8076113111853));
#7168=CARTESIAN_POINT('Ctrl Pts',(-222.954237158916,-11.1173999125351,33.6539440575062));
#7169=CARTESIAN_POINT('Ctrl Pts',(-222.956036150631,-11.1173999125427,33.588066438803));
#7170=CARTESIAN_POINT('Ctrl Pts',(-222.956030953157,-11.1173999125427,33.56013028945));
#7171=CARTESIAN_POINT('Ctrl Pts',(-221.904874916457,-11.1921781195852,34.6058596040083));
#7172=CARTESIAN_POINT('Ctrl Pts',(-221.905699286732,-11.1921781195852,34.6058664772572));
#7173=CARTESIAN_POINT('Ctrl Pts',(-221.945071412676,-11.1921781193763,34.6057260119534));
#7174=CARTESIAN_POINT('Ctrl Pts',(-221.978476734513,-11.1921781193703,34.6034426607018));
#7175=CARTESIAN_POINT('Ctrl Pts',(-221.978741656862,-11.1921781193704,34.6034249222348));
#7176=CARTESIAN_POINT('Ctrl Pts',(-221.979202048746,-11.1921781193703,34.6033936633055));
#7177=CARTESIAN_POINT('Ctrl Pts',(-221.980126648833,-11.1921781193704,34.6033305766919));
#7178=CARTESIAN_POINT('Ctrl Pts',(-221.981449161633,-11.1921781193703,34.6032386552937));
#7179=CARTESIAN_POINT('Ctrl Pts',(-221.983042209692,-11.1921781193704,34.6031255157984));
#7180=CARTESIAN_POINT('Ctrl Pts',(-221.985172525894,-11.1921781193704,34.6029708286024));
#7181=CARTESIAN_POINT('Ctrl Pts',(-221.987847958005,-11.1921781193704,34.6027702569151));
#7182=CARTESIAN_POINT('Ctrl Pts',(-221.992154014509,-11.1921781193704,34.6024337518474));
#7183=CARTESIAN_POINT('Ctrl Pts',(-221.996496392742,-11.1921781193704,34.602073623169));
#7184=CARTESIAN_POINT('Ctrl Pts',(-222.000872194274,-11.1921781193704,34.6016894202081));
#7185=CARTESIAN_POINT('Ctrl Pts',(-222.005268846793,-11.1921781193704,34.6012890686551));
#7186=CARTESIAN_POINT('Ctrl Pts',(-222.009694464566,-11.1921781193705,34.6008643516356));
#7187=CARTESIAN_POINT('Ctrl Pts',(-222.014145653155,-11.1921781193705,34.6004150605535));
#7188=CARTESIAN_POINT('Ctrl Pts',(-222.018612072559,-11.1921781193705,34.5999493767395));
#7189=CARTESIAN_POINT('Ctrl Pts',(-222.02422071146,-11.1921781193705,34.5993365089552));
#7190=CARTESIAN_POINT('Ctrl Pts',(-222.033237736158,-11.1921781193705,34.5982905200725));
#7191=CARTESIAN_POINT('Ctrl Pts',(-222.042298366833,-11.1921781193706,34.5971472851402));
#7192=CARTESIAN_POINT('Ctrl Pts',(-222.051365577552,-11.1921781193707,34.5959101393561));
#7193=CARTESIAN_POINT('Ctrl Pts',(-222.060423881709,-11.1921781193707,34.5946122918466));
#7194=CARTESIAN_POINT('Ctrl Pts',(-222.071700688824,-11.1921781193708,34.5928794865398));
#7195=CARTESIAN_POINT('Ctrl Pts',(-222.098504140571,-11.192178119371,34.5883961842071));
#7196=CARTESIAN_POINT('Ctrl Pts',(-222.132778689593,-11.1921781193728,34.5814434969013));
#7197=CARTESIAN_POINT('Ctrl Pts',(-222.1638249562,-11.1921781193734,34.5737675259995));
#7198=CARTESIAN_POINT('Ctrl Pts',(-222.207679657919,-11.1921781193739,34.561900893688));
#7199=CARTESIAN_POINT('Ctrl Pts',(-222.261040556981,-11.1921781193817,34.5443567550482));
#7200=CARTESIAN_POINT('Ctrl Pts',(-222.311689907439,-11.192178119385,34.5238234837345));
#7201=CARTESIAN_POINT('Ctrl Pts',(-222.342969917128,-11.1921781193867,34.5095970079726));
#7202=CARTESIAN_POINT('Ctrl Pts',(-222.359843903426,-11.1921781193869,34.5015104389251));
#7203=CARTESIAN_POINT('Ctrl Pts',(-222.376107683769,-11.1921781193875,34.4934499655469));
#7204=CARTESIAN_POINT('Ctrl Pts',(-222.395374698403,-11.1921781193892,34.4834212957676));
#7205=CARTESIAN_POINT('Ctrl Pts',(-222.413482782423,-11.1921781193899,34.4734414398101));
#7206=CARTESIAN_POINT('Ctrl Pts',(-222.427361960027,-11.1921781193906,34.4654793202315));
#7207=CARTESIAN_POINT('Ctrl Pts',(-222.440867711285,-11.1921781193912,34.4575288081756));
#7208=CARTESIAN_POINT('Ctrl Pts',(-222.463583312895,-11.1921781193925,34.443638912489));
#7209=CARTESIAN_POINT('Ctrl Pts',(-222.484625732118,-11.1921781193994,34.4297693519141));
#7210=CARTESIAN_POINT('Ctrl Pts',(-222.500426576414,-11.1921781194001,34.4188433088163));
#7211=CARTESIAN_POINT('Ctrl Pts',(-222.506090912967,-11.1921781194002,34.4148662197479));
#7212=CARTESIAN_POINT('Ctrl Pts',(-222.51170121161,-11.1921781194003,34.4108862063685));
#7213=CARTESIAN_POINT('Ctrl Pts',(-222.518610937828,-11.1921781194008,34.4059051101223));
#7214=CARTESIAN_POINT('Ctrl Pts',(-222.529472978554,-11.1921781194012,34.3979193681815));
#7215=CARTESIAN_POINT('Ctrl Pts',(-222.542682784219,-11.192178119403,34.387902248665));
#7216=CARTESIAN_POINT('Ctrl Pts',(-222.558039911377,-11.1921781194046,34.375808425493));
#7217=CARTESIAN_POINT('Ctrl Pts',(-222.572949831133,-11.1921781194063,34.3636223194861));
#7218=CARTESIAN_POINT('Ctrl Pts',(-222.601946782853,-11.1921781194102,34.3390337492426));
#7219=CARTESIAN_POINT('Ctrl Pts',(-222.642466447881,-11.1921781194362,34.3011824981835));
#7220=CARTESIAN_POINT('Ctrl Pts',(-222.693062982059,-11.1921781194512,34.2472786420509));
#7221=CARTESIAN_POINT('Ctrl Pts',(-222.741440377824,-11.1921781194714,34.1878919636032));
#7222=CARTESIAN_POINT('Ctrl Pts',(-222.788525040013,-11.1921781194955,34.1204665331442));
#7223=CARTESIAN_POINT('Ctrl Pts',(-222.835914751462,-11.1921781195274,34.0393451704187));
#7224=CARTESIAN_POINT('Ctrl Pts',(-222.883910579719,-11.1921781195373,33.936014193056));
#7225=CARTESIAN_POINT('Ctrl Pts',(-222.926545716173,-11.1921781195729,33.8065965377091));
#7226=CARTESIAN_POINT('Ctrl Pts',(-222.950034945419,-11.1921781195776,33.6535549169527));
#7227=CARTESIAN_POINT('Ctrl Pts',(-222.95181318885,-11.1921781195852,33.5879469391127));
#7228=CARTESIAN_POINT('Ctrl Pts',(-222.951818121338,-11.1921781195852,33.5601310732403));
#7229=CARTESIAN_POINT('Ctrl Pts',(-221.90488744101,-11.3029474784278,34.587045615936));
#7230=CARTESIAN_POINT('Ctrl Pts',(-221.905699101603,-11.3029474784278,34.5870534444717));
#7231=CARTESIAN_POINT('Ctrl Pts',(-221.944348994276,-11.3029474782184,34.5869150289462));
#7232=CARTESIAN_POINT('Ctrl Pts',(-221.977131259453,-11.3029474782124,34.5846735749806));
#7233=CARTESIAN_POINT('Ctrl Pts',(-221.977391365363,-11.3029474782124,34.5846561632222));
#7234=CARTESIAN_POINT('Ctrl Pts',(-221.977843258382,-11.3029474782124,34.5846254786906));
#7235=CARTESIAN_POINT('Ctrl Pts',(-221.978750879857,-11.3029474782124,34.5845635522898));
#7236=CARTESIAN_POINT('Ctrl Pts',(-221.980049059746,-11.3029474782124,34.5844733210472));
#7237=CARTESIAN_POINT('Ctrl Pts',(-221.981612818249,-11.3029474782124,34.5843622622703));
#7238=CARTESIAN_POINT('Ctrl Pts',(-221.983703950829,-11.3029474782124,34.5842104200145));
#7239=CARTESIAN_POINT('Ctrl Pts',(-221.986330173288,-11.3029474782124,34.5840135376798));
#7240=CARTESIAN_POINT('Ctrl Pts',(-221.990557009471,-11.3029474782124,34.5836832233379));
#7241=CARTESIAN_POINT('Ctrl Pts',(-221.994819484713,-11.3029474782124,34.5833297215016));
#7242=CARTESIAN_POINT('Ctrl Pts',(-221.999114747891,-11.3029474782124,34.5829525899111));
#7243=CARTESIAN_POINT('Ctrl Pts',(-222.003430468574,-11.3029474782124,34.5825596079799));
#7244=CARTESIAN_POINT('Ctrl Pts',(-222.00777460742,-11.3029474782125,34.582142710353));
#7245=CARTESIAN_POINT('Ctrl Pts',(-222.012143832347,-11.3029474782125,34.5817016926398));
#7246=CARTESIAN_POINT('Ctrl Pts',(-222.016527998125,-11.3029474782125,34.5812445846224));
#7247=CARTESIAN_POINT('Ctrl Pts',(-222.022033341172,-11.3029474782125,34.5806430050847));
#7248=CARTESIAN_POINT('Ctrl Pts',(-222.03088426136,-11.3029474782126,34.5796162832807));
#7249=CARTESIAN_POINT('Ctrl Pts',(-222.03977798371,-11.3029474782127,34.5784941120808));
#7250=CARTESIAN_POINT('Ctrl Pts',(-222.048678125916,-11.3029474782127,34.5772797577887));
#7251=CARTESIAN_POINT('Ctrl Pts',(-222.057569562039,-11.3029474782127,34.5760058257843));
#7252=CARTESIAN_POINT('Ctrl Pts',(-222.068638587285,-11.3029474782128,34.574304936205));
#7253=CARTESIAN_POINT('Ctrl Pts',(-222.094948444055,-11.302947478213,34.5699042304685));
#7254=CARTESIAN_POINT('Ctrl Pts',(-222.128592415572,-11.3029474782149,34.5630794674499));
#7255=CARTESIAN_POINT('Ctrl Pts',(-222.159068892692,-11.3029474782155,34.5555444388299));
#7256=CARTESIAN_POINT('Ctrl Pts',(-222.202120093931,-11.302947478216,34.5438951448786));
#7257=CARTESIAN_POINT('Ctrl Pts',(-222.254508439236,-11.3029474782238,34.5266712306867));
#7258=CARTESIAN_POINT('Ctrl Pts',(-222.304241115316,-11.3029474782271,34.5065097409627));
#7259=CARTESIAN_POINT('Ctrl Pts',(-222.334957880145,-11.3029474782287,34.4925395556436));
#7260=CARTESIAN_POINT('Ctrl Pts',(-222.351528627807,-11.302947478229,34.4845983071833));
#7261=CARTESIAN_POINT('Ctrl Pts',(-222.367500668188,-11.3029474782295,34.4766824584268));
#7262=CARTESIAN_POINT('Ctrl Pts',(-222.386422950041,-11.3029474782313,34.4668333147984));
#7263=CARTESIAN_POINT('Ctrl Pts',(-222.404207865042,-11.302947478232,34.4570316144227));
#7264=CARTESIAN_POINT('Ctrl Pts',(-222.417839823937,-11.3029474782327,34.4492113561034));
#7265=CARTESIAN_POINT('Ctrl Pts',(-222.43110530652,-11.3029474782333,34.4414023235374));
#7266=CARTESIAN_POINT('Ctrl Pts',(-222.453417540877,-11.3029474782346,34.4277591607343));
#7267=CARTESIAN_POINT('Ctrl Pts',(-222.474088126935,-11.3029474782415,34.4141351615836));
#7268=CARTESIAN_POINT('Ctrl Pts',(-222.489609887047,-11.3029474782422,34.4034021562169));
#7269=CARTESIAN_POINT('Ctrl Pts',(-222.495174217298,-11.3029474782423,34.3994952886473));
#7270=CARTESIAN_POINT('Ctrl Pts',(-222.500685507936,-11.3029474782424,34.3955855230633));
#7271=CARTESIAN_POINT('Ctrl Pts',(-222.507473403598,-11.3029474782429,34.3906922835413));
#7272=CARTESIAN_POINT('Ctrl Pts',(-222.518144027138,-11.3029474782433,34.3828473100954));
#7273=CARTESIAN_POINT('Ctrl Pts',(-222.531121436374,-11.3029474782451,34.3730065482814));
#7274=CARTESIAN_POINT('Ctrl Pts',(-222.546208629547,-11.3029474782467,34.3611254485842));
#7275=CARTESIAN_POINT('Ctrl Pts',(-222.560856813921,-11.3029474782484,34.3491533797328));
#7276=CARTESIAN_POINT('Ctrl Pts',(-222.58934509012,-11.3029474782523,34.3249965498116));
#7277=CARTESIAN_POINT('Ctrl Pts',(-222.629157598719,-11.3029474782784,34.2878083133169));
#7278=CARTESIAN_POINT('Ctrl Pts',(-222.678869119836,-11.3029474782934,34.2348491598781));
#7279=CARTESIAN_POINT('Ctrl Pts',(-222.726399052213,-11.3029474783137,34.1765049642508));
#7280=CARTESIAN_POINT('Ctrl Pts',(-222.772655201164,-11.3029474783379,34.1102696822939));
#7281=CARTESIAN_POINT('Ctrl Pts',(-222.819204548767,-11.3029474783698,34.0305905893039));
#7282=CARTESIAN_POINT('Ctrl Pts',(-222.866337426998,-11.3029474783797,33.9291201545449));
#7283=CARTESIAN_POINT('Ctrl Pts',(-222.908194951303,-11.3029474784154,33.8020629640597));
#7284=CARTESIAN_POINT('Ctrl Pts',(-222.931253867455,-11.3029474784201,33.6518436612737));
#7285=CARTESIAN_POINT('Ctrl Pts',(-222.93299756191,-11.3029474784278,33.5874409498947));
#7286=CARTESIAN_POINT('Ctrl Pts',(-222.933004129423,-11.3029474784278,33.5601345735521));
#7287=CARTESIAN_POINT('Ctrl Pts',(-221.904908175356,-11.4109264950717,34.5558991350358));
#7288=CARTESIAN_POINT('Ctrl Pts',(-221.90573920615,-11.4109264950717,34.5559055076659));
#7289=CARTESIAN_POINT('Ctrl Pts',(-221.943180803768,-11.4109264948618,34.555771711775));
#7290=CARTESIAN_POINT('Ctrl Pts',(-221.974957302593,-11.4109264948557,34.5535998550829));
#7291=CARTESIAN_POINT('Ctrl Pts',(-221.975209278655,-11.4109264948558,34.5535829825992));
#7292=CARTESIAN_POINT('Ctrl Pts',(-221.975647198893,-11.4109264948557,34.5535532499613));
#7293=CARTESIAN_POINT('Ctrl Pts',(-221.97652664837,-11.4109264948558,34.5534932436605));
#7294=CARTESIAN_POINT('Ctrl Pts',(-221.977784585184,-11.4109264948558,34.5534058108655));
#7295=CARTESIAN_POINT('Ctrl Pts',(-221.979299835066,-11.4109264948558,34.5532981965361));
#7296=CARTESIAN_POINT('Ctrl Pts',(-221.981326108655,-11.4109264948558,34.5531510641743));
#7297=CARTESIAN_POINT('Ctrl Pts',(-221.983870856872,-11.4109264948558,34.5529602895457));
#7298=CARTESIAN_POINT('Ctrl Pts',(-221.987966546464,-11.4109264948558,34.5526402240085));
#7299=CARTESIAN_POINT('Ctrl Pts',(-221.992096733194,-11.4109264948558,34.5522976930299));
#7300=CARTESIAN_POINT('Ctrl Pts',(-221.996258665168,-11.4109264948558,34.5519322681866));
#7301=CARTESIAN_POINT('Ctrl Pts',(-222.000440400642,-11.4109264948558,34.5515514865776));
#7302=CARTESIAN_POINT('Ctrl Pts',(-222.004649646103,-11.4109264948559,34.5511475343223));
#7303=CARTESIAN_POINT('Ctrl Pts',(-222.008883177529,-11.4109264948559,34.5507202129327));
#7304=CARTESIAN_POINT('Ctrl Pts',(-222.013131174468,-11.4109264948559,34.5502773026177));
#7305=CARTESIAN_POINT('Ctrl Pts',(-222.01846549628,-11.4109264948559,34.5496944098936));
#7306=CARTESIAN_POINT('Ctrl Pts',(-222.027041441757,-11.4109264948559,34.5486995870623));
#7307=CARTESIAN_POINT('Ctrl Pts',(-222.035658790776,-11.410926494856,34.5476122831217));
#7308=CARTESIAN_POINT('Ctrl Pts',(-222.044282383081,-11.4109264948561,34.5464356661324));
#7309=CARTESIAN_POINT('Ctrl Pts',(-222.052897501034,-11.4109264948561,34.5452013158034));
#7310=CARTESIAN_POINT('Ctrl Pts',(-222.063622630555,-11.4109264948562,34.5435532850697));
#7311=CARTESIAN_POINT('Ctrl Pts',(-222.089115055231,-11.4109264948564,34.5392892668413));
#7312=CARTESIAN_POINT('Ctrl Pts',(-222.12171477297,-11.4109264948583,34.5326763857229));
#7313=CARTESIAN_POINT('Ctrl Pts',(-222.151247805258,-11.4109264948589,34.5253745787165));
#7314=CARTESIAN_POINT('Ctrl Pts',(-222.192968498909,-11.4109264948593,34.5140854157208));
#7315=CARTESIAN_POINT('Ctrl Pts',(-222.243744799923,-11.4109264948672,34.4973914997747));
#7316=CARTESIAN_POINT('Ctrl Pts',(-222.29195943362,-11.4109264948705,34.4778456078489));
#7317=CARTESIAN_POINT('Ctrl Pts',(-222.321743154761,-11.4109264948722,34.4642997015909));
#7318=CARTESIAN_POINT('Ctrl Pts',(-222.337811918707,-11.4109264948724,34.4565990343328));
#7319=CARTESIAN_POINT('Ctrl Pts',(-222.353300804568,-11.410926494873,34.448922614597));
#7320=CARTESIAN_POINT('Ctrl Pts',(-222.371651991227,-11.4109264948747,34.4393706887297));
#7321=CARTESIAN_POINT('Ctrl Pts',(-222.3889017074,-11.4109264948754,34.4298639292831));
#7322=CARTESIAN_POINT('Ctrl Pts',(-222.402124237284,-11.4109264948761,34.4222785264738));
#7323=CARTESIAN_POINT('Ctrl Pts',(-222.414991793808,-11.4109264948767,34.414703717734));
#7324=CARTESIAN_POINT('Ctrl Pts',(-222.43663594074,-11.410926494878,34.4014690286038));
#7325=CARTESIAN_POINT('Ctrl Pts',(-222.456689274745,-11.410926494885,34.3882516077726));
#7326=CARTESIAN_POINT('Ctrl Pts',(-222.471748818473,-11.4109264948856,34.3778381787201));
#7327=CARTESIAN_POINT('Ctrl Pts',(-222.477147572912,-11.4109264948857,34.3740475655929));
#7328=CARTESIAN_POINT('Ctrl Pts',(-222.482494928675,-11.4109264948859,34.3702540895568));
#7329=CARTESIAN_POINT('Ctrl Pts',(-222.489081012605,-11.4109264948863,34.365506314528));
#7330=CARTESIAN_POINT('Ctrl Pts',(-222.49943465712,-11.4109264948868,34.3578943565263));
#7331=CARTESIAN_POINT('Ctrl Pts',(-222.512026863919,-11.4109264948886,34.3483456243934));
#7332=CARTESIAN_POINT('Ctrl Pts',(-222.526666856249,-11.4109264948902,34.3368166008875));
#7333=CARTESIAN_POINT('Ctrl Pts',(-222.54088122413,-11.4109264948919,34.3251990393897));
#7334=CARTESIAN_POINT('Ctrl Pts',(-222.568526701891,-11.4109264948958,34.3017566110739));
#7335=CARTESIAN_POINT('Ctrl Pts',(-222.607161876774,-11.4109264949219,34.2656668433265));
#7336=CARTESIAN_POINT('Ctrl Pts',(-222.655405052965,-11.410926494937,34.2142706790559));
#7337=CARTESIAN_POINT('Ctrl Pts',(-222.701526820854,-11.4109264949573,34.1576535824057));
#7338=CARTESIAN_POINT('Ctrl Pts',(-222.746405661088,-11.4109264949816,34.0933872698995));
#7339=CARTESIAN_POINT('Ctrl Pts',(-222.791556090835,-11.4109264950136,34.0160987313988));
#7340=CARTESIAN_POINT('Ctrl Pts',(-222.837259015836,-11.4109264950235,33.9177010199357));
#7341=CARTESIAN_POINT('Ctrl Pts',(-222.877823042551,-11.4109264950593,33.7945574581561));
#7342=CARTESIAN_POINT('Ctrl Pts',(-222.900160239703,-11.410926495064,33.6490136721103));
#7343=CARTESIAN_POINT('Ctrl Pts',(-222.901853265699,-11.4109264950717,33.5866063961507));
#7344=CARTESIAN_POINT('Ctrl Pts',(-222.90185764216,-11.4109264950717,33.5601403683041));
#7345=CARTESIAN_POINT('Ctrl Pts',(-221.9049653602,-11.6184874147114,34.4699978644673));
#7346=CARTESIAN_POINT('Ctrl Pts',(-221.905827669637,-11.6184874147114,34.4700018861278));
#7347=CARTESIAN_POINT('Ctrl Pts',(-221.939943744321,-11.6184874145,34.469880159145));
#7348=CARTESIAN_POINT('Ctrl Pts',(-221.96893227938,-11.618487414494,34.4679001205293));
#7349=CARTESIAN_POINT('Ctrl Pts',(-221.96916191913,-11.618487414494,34.467884736224));
#7350=CARTESIAN_POINT('Ctrl Pts',(-221.96956124958,-11.618487414494,34.4678576283495));
#7351=CARTESIAN_POINT('Ctrl Pts',(-221.970363036396,-11.618487414494,34.4678029179836));
#7352=CARTESIAN_POINT('Ctrl Pts',(-221.971509961846,-11.618487414494,34.4677232030219));
#7353=CARTESIAN_POINT('Ctrl Pts',(-221.972891436972,-11.618487414494,34.4676250884934));
#7354=CARTESIAN_POINT('Ctrl Pts',(-221.974738825858,-11.618487414494,34.4674909458514));
#7355=CARTESIAN_POINT('Ctrl Pts',(-221.977058874316,-11.618487414494,34.4673170161355));
#7356=CARTESIAN_POINT('Ctrl Pts',(-221.980792863381,-11.618487414494,34.4670252165176));
#7357=CARTESIAN_POINT('Ctrl Pts',(-221.984558206641,-11.618487414494,34.466712942829));
#7358=CARTESIAN_POINT('Ctrl Pts',(-221.988352414407,-11.618487414494,34.4663798048557));
#7359=CARTESIAN_POINT('Ctrl Pts',(-221.992164623367,-11.6184874144941,34.4660326714828));
#7360=CARTESIAN_POINT('Ctrl Pts',(-221.99600183894,-11.6184874144941,34.465664422043));
#7361=CARTESIAN_POINT('Ctrl Pts',(-221.999861132486,-11.6184874144941,34.4652748749079));
#7362=CARTESIAN_POINT('Ctrl Pts',(-222.003733577994,-11.6184874144941,34.4648711212491));
#7363=CARTESIAN_POINT('Ctrl Pts',(-222.008596235636,-11.6184874144941,34.4643397667789));
#7364=CARTESIAN_POINT('Ctrl Pts',(-222.016413801422,-11.6184874144942,34.463432919257));
#7365=CARTESIAN_POINT('Ctrl Pts',(-222.024268950604,-11.6184874144943,34.4624417804149));
#7366=CARTESIAN_POINT('Ctrl Pts',(-222.032129807533,-11.6184874144943,34.4613692386982));
#7367=CARTESIAN_POINT('Ctrl Pts',(-222.039982884102,-11.6184874144943,34.4602440593795));
#7368=CARTESIAN_POINT('Ctrl Pts',(-222.049759509906,-11.6184874144944,34.4587417997908));
#7369=CARTESIAN_POINT('Ctrl Pts',(-222.072997633465,-11.6184874144946,34.4548547903821));
#7370=CARTESIAN_POINT('Ctrl Pts',(-222.102717507271,-11.6184874144965,34.448826217763));
#7371=CARTESIAN_POINT('Ctrl Pts',(-222.129648628665,-11.6184874144971,34.4421676895973));
#7372=CARTESIAN_POINT('Ctrl Pts',(-222.167699986357,-11.6184874144976,34.4318715795758));
#7373=CARTESIAN_POINT('Ctrl Pts',(-222.21403139466,-11.6184874145055,34.4166394588231));
#7374=CARTESIAN_POINT('Ctrl Pts',(-222.258059572161,-11.6184874145088,34.3987913083667));
#7375=CARTESIAN_POINT('Ctrl Pts',(-222.285270306042,-11.6184874145105,34.3864155586822));
#7376=CARTESIAN_POINT('Ctrl Pts',(-222.29995459598,-11.6184874145108,34.3793784068386));
#7377=CARTESIAN_POINT('Ctrl Pts',(-222.314111051645,-11.6184874145113,34.3723623248348));
#7378=CARTESIAN_POINT('Ctrl Pts',(-222.330887385543,-11.6184874145131,34.3636301115515));
#7379=CARTESIAN_POINT('Ctrl Pts',(-222.346661141998,-11.6184874145138,34.3549367895468));
#7380=CARTESIAN_POINT('Ctrl Pts',(-222.35875456355,-11.6184874145145,34.3479991101623));
#7381=CARTESIAN_POINT('Ctrl Pts',(-222.370524738153,-11.6184874145151,34.3410702824952));
#7382=CARTESIAN_POINT('Ctrl Pts',(-222.390326487868,-11.6184874145164,34.3289621496681));
#7383=CARTESIAN_POINT('Ctrl Pts',(-222.408678377697,-11.6184874145234,34.3168660336929));
#7384=CARTESIAN_POINT('Ctrl Pts',(-222.422463245493,-11.6184874145241,34.3073339869716));
#7385=CARTESIAN_POINT('Ctrl Pts',(-222.427405354341,-11.6184874145242,34.3038639992315));
#7386=CARTESIAN_POINT('Ctrl Pts',(-222.432300596612,-11.6184874145243,34.3003912500212));
#7387=CARTESIAN_POINT('Ctrl Pts',(-222.438330155185,-11.6184874145248,34.2960446527975));
#7388=CARTESIAN_POINT('Ctrl Pts',(-222.447809627488,-11.6184874145252,34.2890753603485));
#7389=CARTESIAN_POINT('Ctrl Pts',(-222.459339713062,-11.618487414527,34.2803320008116));
#7390=CARTESIAN_POINT('Ctrl Pts',(-222.472746514622,-11.6184874145287,34.2697740427456));
#7391=CARTESIAN_POINT('Ctrl Pts',(-222.485764708694,-11.6184874145303,34.2591341112951));
#7392=CARTESIAN_POINT('Ctrl Pts',(-222.511086145047,-11.6184874145343,34.2376621738198));
#7393=CARTESIAN_POINT('Ctrl Pts',(-222.546477898918,-11.6184874145606,34.2046014911271));
#7394=CARTESIAN_POINT('Ctrl Pts',(-222.590673172568,-11.6184874145758,34.1575165419763));
#7395=CARTESIAN_POINT('Ctrl Pts',(-222.632914100723,-11.6184874145963,34.1056620466653));
#7396=CARTESIAN_POINT('Ctrl Pts',(-222.673997483545,-11.6184874146207,34.0468268275853));
#7397=CARTESIAN_POINT('Ctrl Pts',(-222.715293949107,-11.6184874146529,33.9761298031388));
#7398=CARTESIAN_POINT('Ctrl Pts',(-222.75705383223,-11.6184874146629,33.8862106446762));
#7399=CARTESIAN_POINT('Ctrl Pts',(-222.794053800228,-11.6184874146989,33.7738575531067));
#7400=CARTESIAN_POINT('Ctrl Pts',(-222.814405629748,-11.6184874147037,33.6412069906136));
#7401=CARTESIAN_POINT('Ctrl Pts',(-222.815955336602,-11.6184874147114,33.5843030124937));
#7402=CARTESIAN_POINT('Ctrl Pts',(-222.815956354044,-11.6184874147114,33.5601563500955));
#7403=CARTESIAN_POINT('Ctrl Pts',(-221.905140300721,-11.9489288620506,34.2072077274025));
#7404=CARTESIAN_POINT('Ctrl Pts',(-221.906305498593,-11.9489288620506,34.2071889833221));
#7405=CARTESIAN_POINT('Ctrl Pts',(-221.930183282439,-11.948928861836,34.2071104649836));
#7406=CARTESIAN_POINT('Ctrl Pts',(-221.95077462678,-11.9489288618298,34.2057184509372));
#7407=CARTESIAN_POINT('Ctrl Pts',(-221.950935133869,-11.9489288618298,34.2057076111309));
#7408=CARTESIAN_POINT('Ctrl Pts',(-221.951216907644,-11.9489288618298,34.2056885379911));
#7409=CARTESIAN_POINT('Ctrl Pts',(-221.951780779951,-11.9489288618298,34.2056500257913));
#7410=CARTESIAN_POINT('Ctrl Pts',(-221.952588303065,-11.9489288618298,34.2055939233727));
#7411=CARTESIAN_POINT('Ctrl Pts',(-221.953560431012,-11.9489288618298,34.2055248698535));
#7412=CARTESIAN_POINT('Ctrl Pts',(-221.954860621674,-11.9489288618298,34.2054304660573));
#7413=CARTESIAN_POINT('Ctrl Pts',(-221.956493225776,-11.9489288618299,34.2053080684785));
#7414=CARTESIAN_POINT('Ctrl Pts',(-221.959120708445,-11.9489288618299,34.2051027407064));
#7415=CARTESIAN_POINT('Ctrl Pts',(-221.96176987006,-11.9489288618299,34.2048830312182));
#7416=CARTESIAN_POINT('Ctrl Pts',(-221.964439130317,-11.9489288618299,34.2046486662281));
#7417=CARTESIAN_POINT('Ctrl Pts',(-221.967120864808,-11.9489288618299,34.2044044696278));
#7418=CARTESIAN_POINT('Ctrl Pts',(-221.969819934902,-11.94892886183,34.2041454446895));
#7419=CARTESIAN_POINT('Ctrl Pts',(-221.97253434037,-11.94892886183,34.2038714559302));
#7420=CARTESIAN_POINT('Ctrl Pts',(-221.975257903435,-11.94892886183,34.2035874933496));
#7421=CARTESIAN_POINT('Ctrl Pts',(-221.978677561921,-11.94892886183,34.2032138010171));
#7422=CARTESIAN_POINT('Ctrl Pts',(-221.984175138502,-11.94892886183,34.2025761008721));
#7423=CARTESIAN_POINT('Ctrl Pts',(-221.98969826366,-11.9489288618301,34.2018791325975));
#7424=CARTESIAN_POINT('Ctrl Pts',(-221.995225912631,-11.9489288618302,34.2011250103061));
#7425=CARTESIAN_POINT('Ctrl Pts',(-222.000747390742,-11.9489288618302,34.2003337551265));
#7426=CARTESIAN_POINT('Ctrl Pts',(-222.007622785832,-11.9489288618303,34.1992775555744));
#7427=CARTESIAN_POINT('Ctrl Pts',(-222.02396305128,-11.9489288618305,34.1965436352263));
#7428=CARTESIAN_POINT('Ctrl Pts',(-222.044871154915,-11.9489288618324,34.1923031177887));
#7429=CARTESIAN_POINT('Ctrl Pts',(-222.06384165742,-11.948928861833,34.1876119629872));
#7430=CARTESIAN_POINT('Ctrl Pts',(-222.090666121885,-11.9489288618335,34.180355494536));
#7431=CARTESIAN_POINT('Ctrl Pts',(-222.123389483925,-11.9489288618415,34.1695946371968));
#7432=CARTESIAN_POINT('Ctrl Pts',(-222.154607886409,-11.9489288618449,34.156940825672));
#7433=CARTESIAN_POINT('Ctrl Pts',(-222.173944262407,-11.9489288618466,34.1481447874475));
#7434=CARTESIAN_POINT('Ctrl Pts',(-222.184393290302,-11.9489288618469,34.1431374877046));
#7435=CARTESIAN_POINT('Ctrl Pts',(-222.194472636528,-11.9489288618474,34.1381415365323));
#7436=CARTESIAN_POINT('Ctrl Pts',(-222.206429155867,-11.9489288618492,34.1319170636264));
#7437=CARTESIAN_POINT('Ctrl Pts',(-222.217686645859,-11.9489288618499,34.1257122447111));
#7438=CARTESIAN_POINT('Ctrl Pts',(-222.226325068937,-11.9489288618506,34.1207561126053));
#7439=CARTESIAN_POINT('Ctrl Pts',(-222.234737288499,-11.9489288618513,34.1158035037044));
#7440=CARTESIAN_POINT('Ctrl Pts',(-222.24890114293,-11.9489288618526,34.1071417876398));
#7441=CARTESIAN_POINT('Ctrl Pts',(-222.26203932234,-11.9489288618597,34.0984762487034));
#7442=CARTESIAN_POINT('Ctrl Pts',(-222.271923694217,-11.9489288618604,34.0916405528322));
#7443=CARTESIAN_POINT('Ctrl Pts',(-222.275468746784,-11.9489288618605,34.0891514414633));
#7444=CARTESIAN_POINT('Ctrl Pts',(-222.278980737229,-11.9489288618606,34.0866598357328));
#7445=CARTESIAN_POINT('Ctrl Pts',(-222.28330714294,-11.9489288618611,34.0835406186936));
#7446=CARTESIAN_POINT('Ctrl Pts',(-222.290111883196,-11.9489288618615,34.0785372414833));
#7447=CARTESIAN_POINT('Ctrl Pts',(-222.29839030009,-11.9489288618634,34.0722580469287));
#7448=CARTESIAN_POINT('Ctrl Pts',(-222.308022837852,-11.9489288618651,34.0646703388998));
#7449=CARTESIAN_POINT('Ctrl Pts',(-222.317379044814,-11.9489288618667,34.0570220544975));
#7450=CARTESIAN_POINT('Ctrl Pts',(-222.335587218938,-11.9489288618708,34.0415765074845));
#7451=CARTESIAN_POINT('Ctrl Pts',(-222.361022621699,-11.9489288618975,34.0177867984652));
#7452=CARTESIAN_POINT('Ctrl Pts',(-222.392818050575,-11.9489288619129,33.9838858332369));
#7453=CARTESIAN_POINT('Ctrl Pts',(-222.42316004745,-11.9489288619337,33.9466076682939));
#7454=CARTESIAN_POINT('Ctrl Pts',(-222.452603055192,-11.9489288619584,33.9043805611076));
#7455=CARTESIAN_POINT('Ctrl Pts',(-222.482069955148,-11.9489288619912,33.8538631519251));
#7456=CARTESIAN_POINT('Ctrl Pts',(-222.511760354199,-11.9489288620013,33.7898437495118));
#7457=CARTESIAN_POINT('Ctrl Pts',(-222.537825509555,-11.9489288620379,33.7105311795819));
#7458=CARTESIAN_POINT('Ctrl Pts',(-222.552055804009,-11.9489288620427,33.6173400211577));
#7459=CARTESIAN_POINT('Ctrl Pts',(-222.553200534565,-11.9489288620506,33.5772724178574));
#7460=CARTESIAN_POINT('Ctrl Pts',(-222.553166163298,-11.9489288620506,33.5602052417721));
#7461=CARTESIAN_POINT('Ctrl Pts',(-221.905388432439,-12.08,33.8344720820809));
#7462=CARTESIAN_POINT('Ctrl Pts',(-221.905710720075,-12.08,33.8345166929321));
#7463=CARTESIAN_POINT('Ctrl Pts',(-221.915464793323,-12.0799999997732,33.8344608473249));
#7464=CARTESIAN_POINT('Ctrl Pts',(-221.923336427235,-12.0799999997666,33.8338954273276));
#7465=CARTESIAN_POINT('Ctrl Pts',(-221.923403798457,-12.0799999997667,33.8338910834091));
#7466=CARTESIAN_POINT('Ctrl Pts',(-221.923515776231,-12.0799999997667,33.8338833756737));
#7467=CARTESIAN_POINT('Ctrl Pts',(-221.92374421045,-12.0799999997667,33.8338678583513));
#7468=CARTESIAN_POINT('Ctrl Pts',(-221.924069074608,-12.0799999997667,33.8338452347816));
#7469=CARTESIAN_POINT('Ctrl Pts',(-221.924461219724,-12.0799999997667,33.8338174062088));
#7470=CARTESIAN_POINT('Ctrl Pts',(-221.924984982607,-12.0799999997667,33.8337793637312));
#7471=CARTESIAN_POINT('Ctrl Pts',(-221.925642778632,-12.0799999997667,33.8337300582438));
#7472=CARTESIAN_POINT('Ctrl Pts',(-221.92670074407,-12.0799999997667,33.8336473775852));
#7473=CARTESIAN_POINT('Ctrl Pts',(-221.92776703575,-12.0799999997667,33.8335589544361));
#7474=CARTESIAN_POINT('Ctrl Pts',(-221.928840704637,-12.0799999997667,33.8334646829877));
#7475=CARTESIAN_POINT('Ctrl Pts',(-221.929919090262,-12.0799999997667,33.8333664913909));
#7476=CARTESIAN_POINT('Ctrl Pts',(-221.931004008841,-12.0799999997668,33.8332623754785));
#7477=CARTESIAN_POINT('Ctrl Pts',(-221.932094624816,-12.0799999997668,33.8331522985816));
#7478=CARTESIAN_POINT('Ctrl Pts',(-221.933188585117,-12.0799999997668,33.833038229056));
#7479=CARTESIAN_POINT('Ctrl Pts',(-221.934562009857,-12.0799999997668,33.8328881873985));
#7480=CARTESIAN_POINT('Ctrl Pts',(-221.93676863095,-12.0799999997669,33.8326321642195));
#7481=CARTESIAN_POINT('Ctrl Pts',(-221.938985869049,-12.079999999767,33.8323525562775));
#7482=CARTESIAN_POINT('Ctrl Pts',(-221.941203161051,-12.079999999767,33.8320498815002));
#7483=CARTESIAN_POINT('Ctrl Pts',(-221.943419719157,-12.079999999767,33.8317325826396));
#7484=CARTESIAN_POINT('Ctrl Pts',(-221.946177355527,-12.0799999997671,33.8313083565177));
#7485=CARTESIAN_POINT('Ctrl Pts',(-221.952742910214,-12.0799999997673,33.8302115522128));
#7486=CARTESIAN_POINT('Ctrl Pts',(-221.961163154135,-12.0799999997694,33.8285039047934));
#7487=CARTESIAN_POINT('Ctrl Pts',(-221.968847551809,-12.07999999977,33.8266066216759));
#7488=CARTESIAN_POINT('Ctrl Pts',(-221.979757986785,-12.0799999997705,33.8236511784844));
#7489=CARTESIAN_POINT('Ctrl Pts',(-221.993242522891,-12.079999999779,33.8192364185298));
#7490=CARTESIAN_POINT('Ctrl Pts',(-222.006307309704,-12.0799999997826,33.8139465233447));
#7491=CARTESIAN_POINT('Ctrl Pts',(-222.014493581044,-12.0799999997844,33.8102281424905));
#7492=CARTESIAN_POINT('Ctrl Pts',(-222.018934569918,-12.0799999997847,33.8080998274196));
#7493=CARTESIAN_POINT('Ctrl Pts',(-222.023236709762,-12.0799999997853,33.8059690729023));
#7494=CARTESIAN_POINT('Ctrl Pts',(-222.02836923934,-12.0799999997871,33.8033011150988));
#7495=CARTESIAN_POINT('Ctrl Pts',(-222.033227061663,-12.0799999997879,33.800625773062));
#7496=CARTESIAN_POINT('Ctrl Pts',(-222.036970013051,-12.0799999997886,33.7984800730064));
#7497=CARTESIAN_POINT('Ctrl Pts',(-222.040624493345,-12.0799999997893,33.7963303278035));
#7498=CARTESIAN_POINT('Ctrl Pts',(-222.046801589045,-12.0799999997907,33.7925566680288));
#7499=CARTESIAN_POINT('Ctrl Pts',(-222.052597778988,-12.0799999997982,33.7887553333783));
#7500=CARTESIAN_POINT('Ctrl Pts',(-222.056955872746,-12.079999999799,33.7857439824854));
#7501=CARTESIAN_POINT('Ctrl Pts',(-222.058519869016,-12.0799999997991,33.7846460285958));
#7502=CARTESIAN_POINT('Ctrl Pts',(-222.060070752759,-12.0799999997992,33.7835462246047));
#7503=CARTESIAN_POINT('Ctrl Pts',(-222.061985278142,-12.0799999997997,33.7821673279686));
#7504=CARTESIAN_POINT('Ctrl Pts',(-222.064999029956,-12.0799999998002,33.7799531868019));
#7505=CARTESIAN_POINT('Ctrl Pts',(-222.068680187174,-12.0799999998021,33.7771668974857));
#7506=CARTESIAN_POINT('Ctrl Pts',(-222.072969666349,-12.0799999998039,33.7737948544028));
#7507=CARTESIAN_POINT('Ctrl Pts',(-222.077147998277,-12.0799999998057,33.7703845110548));
#7508=CARTESIAN_POINT('Ctrl Pts',(-222.085288550855,-12.0799999998099,33.7634974541999));
#7509=CARTESIAN_POINT('Ctrl Pts',(-222.096811150291,-12.0799999998381,33.7528306945664));
#7510=CARTESIAN_POINT('Ctrl Pts',(-222.111119979025,-12.0799999998544,33.7376598993928));
#7511=CARTESIAN_POINT('Ctrl Pts',(-222.124748300423,-12.0799999998764,33.7210163921578));
#7512=CARTESIAN_POINT('Ctrl Pts',(-222.137860615602,-12.0799999999026,33.7023873168149));
#7513=CARTESIAN_POINT('Ctrl Pts',(-222.150791159175,-12.0799999999372,33.6804014444176));
#7514=CARTESIAN_POINT('Ctrl Pts',(-222.16340476156,-12.0799999999479,33.6533506169739));
#7515=CARTESIAN_POINT('Ctrl Pts',(-222.174154319119,-12.0799999999866,33.6207165509737));
#7516=CARTESIAN_POINT('Ctrl Pts',(-222.179995995399,-12.0799999999917,33.5833935661917));
#7517=CARTESIAN_POINT('Ctrl Pts',(-222.180360777791,-12.08,33.5672024681125));
#7518=CARTESIAN_POINT('Ctrl Pts',(-222.180430441836,-12.08,33.5602745886312));
#7519=CARTESIAN_POINT('Ctrl Pts',(-221.905537816099,-12.08,33.6100726565471));
#7520=CARTESIAN_POINT('Ctrl Pts',(-221.906445591918,-12.08,33.6100732608574));
#7521=CARTESIAN_POINT('Ctrl Pts',(-221.907354834478,-12.0799999997732,33.6100642295011));
#7522=CARTESIAN_POINT('Ctrl Pts',(-221.908263889305,-12.0799999997666,33.6100028429617));
#7523=CARTESIAN_POINT('Ctrl Pts',(-221.90827096358,-12.0799999997667,33.6100023667805));
#7524=CARTESIAN_POINT('Ctrl Pts',(-221.908283343399,-12.0799999997667,33.6100015279269));
#7525=CARTESIAN_POINT('Ctrl Pts',(-221.908308102337,-12.0799999997667,33.6099998373234));
#7526=CARTESIAN_POINT('Ctrl Pts',(-221.908343470251,-12.0799999997667,33.6099973800173));
#7527=CARTESIAN_POINT('Ctrl Pts',(-221.90838590845,-12.0799999997667,33.6099943655612));
#7528=CARTESIAN_POINT('Ctrl Pts',(-221.908442488207,-12.0799999997667,33.6099902573925));
#7529=CARTESIAN_POINT('Ctrl Pts',(-221.908513204241,-12.0799999997667,33.6099849557551));
#7530=CARTESIAN_POINT('Ctrl Pts',(-221.90862633038,-12.0799999997667,33.6099761150407));
#7531=CARTESIAN_POINT('Ctrl Pts',(-221.908739425805,-12.0799999997667,33.6099667346877));
#7532=CARTESIAN_POINT('Ctrl Pts',(-221.908852487173,-12.0799999997667,33.609956807578));
#7533=CARTESIAN_POINT('Ctrl Pts',(-221.908965524732,-12.0799999997667,33.609946514378));
#7534=CARTESIAN_POINT('Ctrl Pts',(-221.909078524918,-12.0799999997668,33.6099356697106));
#7535=CARTESIAN_POINT('Ctrl Pts',(-221.909191484035,-12.0799999997668,33.6099242677414));
#7536=CARTESIAN_POINT('Ctrl Pts',(-221.909304414594,-12.0799999997668,33.6099124932429));
#7537=CARTESIAN_POINT('Ctrl Pts',(-221.90944552198,-12.0799999997668,33.6098970743041));
#7538=CARTESIAN_POINT('Ctrl Pts',(-221.909671164427,-12.0799999997669,33.6098708984984));
#7539=CARTESIAN_POINT('Ctrl Pts',(-221.909896597979,-12.079999999767,33.6098424564435));
#7540=CARTESIAN_POINT('Ctrl Pts',(-221.910121791239,-12.079999999767,33.6098117327395));
#7541=CARTESIAN_POINT('Ctrl Pts',(-221.910346814843,-12.079999999767,33.6097794917395));
#7542=CARTESIAN_POINT('Ctrl Pts',(-221.91062775612,-12.0799999997671,33.6097363431377));
#7543=CARTESIAN_POINT('Ctrl Pts',(-221.911300826697,-12.0799999997673,33.609623763377));
#7544=CARTESIAN_POINT('Ctrl Pts',(-221.912193890133,-12.0799999997694,33.609443795434));
#7545=CARTESIAN_POINT('Ctrl Pts',(-221.913079327317,-12.07999999977,33.6092256027595));
#7546=CARTESIAN_POINT('Ctrl Pts',(-221.914400438856,-12.0799999997705,33.6088683977366));
#7547=CARTESIAN_POINT('Ctrl Pts',(-221.91624885378,-12.079999999779,33.6082706315644));
#7548=CARTESIAN_POINT('Ctrl Pts',(-221.918371254344,-12.0799999997826,33.6074171694624));
#7549=CARTESIAN_POINT('Ctrl Pts',(-221.919828718539,-12.0799999997844,33.6067554735188));
#7550=CARTESIAN_POINT('Ctrl Pts',(-221.920653385264,-12.0799999997847,33.6063605005598));
#7551=CARTESIAN_POINT('Ctrl Pts',(-221.921472578477,-12.0799999997853,33.605954786948));
#7552=CARTESIAN_POINT('Ctrl Pts',(-221.922486248435,-12.0799999997871,33.6054283213045));
#7553=CARTESIAN_POINT('Ctrl Pts',(-221.923486012813,-12.0799999997879,33.6048779809189));
#7554=CARTESIAN_POINT('Ctrl Pts',(-221.924277412922,-12.0799999997886,33.6044243847467));
#7555=CARTESIAN_POINT('Ctrl Pts',(-221.925063185756,-12.0799999997893,33.6039621960505));
#7556=CARTESIAN_POINT('Ctrl Pts',(-221.926423475581,-12.0799999997907,33.6031315377679));
#7557=CARTESIAN_POINT('Ctrl Pts',(-221.927754001704,-12.0799999997982,33.6022600347076));
#7558=CARTESIAN_POINT('Ctrl Pts',(-221.928779852283,-12.079999999799,33.6015511531901));
#7559=CARTESIAN_POINT('Ctrl Pts',(-221.929150758964,-12.0799999997991,33.6012908051156));
#7560=CARTESIAN_POINT('Ctrl Pts',(-221.929520245947,-12.0799999997992,33.6010287668585));
#7561=CARTESIAN_POINT('Ctrl Pts',(-221.929979445477,-12.0799999997997,33.6006980897686));
#7562=CARTESIAN_POINT('Ctrl Pts',(-221.930708496776,-12.0799999998002,33.6001624533925));
#7563=CARTESIAN_POINT('Ctrl Pts',(-221.931609207661,-12.0799999998021,33.599480909952));
#7564=CARTESIAN_POINT('Ctrl Pts',(-221.932673162388,-12.0799999998039,33.5986444955662));
#7565=CARTESIAN_POINT('Ctrl Pts',(-221.933720320333,-12.0799999998057,33.5977901256037));
#7566=CARTESIAN_POINT('Ctrl Pts',(-221.935781213009,-12.0799999998099,33.5960462985335));
#7567=CARTESIAN_POINT('Ctrl Pts',(-221.938748275464,-12.0799999998381,33.5933030081692));
#7568=CARTESIAN_POINT('Ctrl Pts',(-221.942442780717,-12.0799999998544,33.5893823805017));
#7569=CARTESIAN_POINT('Ctrl Pts',(-221.945868476412,-12.0799999998764,33.5851960594776));
#7570=CARTESIAN_POINT('Ctrl Pts',(-221.94899477541,-12.0799999999026,33.5807381873938));
#7571=CARTESIAN_POINT('Ctrl Pts',(-221.951761651529,-12.0799999999372,33.5760072296038));
#7572=CARTESIAN_POINT('Ctrl Pts',(-221.954058124966,-12.0799999999479,33.5710126612018));
#7573=CARTESIAN_POINT('Ctrl Pts',(-221.955420470516,-12.0799999999866,33.5666398931402));
#7574=CARTESIAN_POINT('Ctrl Pts',(-221.955959377837,-12.0799999999917,33.563037459649));
#7575=CARTESIAN_POINT('Ctrl Pts',(-221.956031139354,-12.08,33.5612241137832));
#7576=CARTESIAN_POINT('Ctrl Pts',(-221.956030970464,-12.08,33.5603163377785));
#7577=CARTESIAN_POINT('',(-221.956030970464,-12.08,33.5603163377785));
#7578=CARTESIAN_POINT('Ctrl Pts',(-221.905537816099,-12.08,33.6100726565471));
#7579=CARTESIAN_POINT('Ctrl Pts',(-221.906445591918,-12.08,33.6100732608574));
#7580=CARTESIAN_POINT('Ctrl Pts',(-221.907354834478,-12.0799999997732,33.6100642295011));
#7581=CARTESIAN_POINT('Ctrl Pts',(-221.908263889305,-12.0799999997666,33.6100028429617));
#7582=CARTESIAN_POINT('Ctrl Pts',(-221.90827096358,-12.0799999997667,33.6100023667805));
#7583=CARTESIAN_POINT('Ctrl Pts',(-221.908283343399,-12.0799999997667,33.6100015279269));
#7584=CARTESIAN_POINT('Ctrl Pts',(-221.908308102337,-12.0799999997667,33.6099998373234));
#7585=CARTESIAN_POINT('Ctrl Pts',(-221.908343470251,-12.0799999997667,33.6099973800173));
#7586=CARTESIAN_POINT('Ctrl Pts',(-221.90838590845,-12.0799999997667,33.6099943655612));
#7587=CARTESIAN_POINT('Ctrl Pts',(-221.908442488207,-12.0799999997667,33.6099902573925));
#7588=CARTESIAN_POINT('Ctrl Pts',(-221.908513204241,-12.0799999997667,33.6099849557551));
#7589=CARTESIAN_POINT('Ctrl Pts',(-221.90862633038,-12.0799999997667,33.6099761150407));
#7590=CARTESIAN_POINT('Ctrl Pts',(-221.908739425805,-12.0799999997667,33.6099667346877));
#7591=CARTESIAN_POINT('Ctrl Pts',(-221.908852487173,-12.0799999997667,33.609956807578));
#7592=CARTESIAN_POINT('Ctrl Pts',(-221.908965524732,-12.0799999997667,33.609946514378));
#7593=CARTESIAN_POINT('Ctrl Pts',(-221.909078524918,-12.0799999997668,33.6099356697106));
#7594=CARTESIAN_POINT('Ctrl Pts',(-221.909191484035,-12.0799999997668,33.6099242677414));
#7595=CARTESIAN_POINT('Ctrl Pts',(-221.909304414594,-12.0799999997668,33.6099124932429));
#7596=CARTESIAN_POINT('Ctrl Pts',(-221.90944552198,-12.0799999997668,33.6098970743041));
#7597=CARTESIAN_POINT('Ctrl Pts',(-221.909671164427,-12.0799999997669,33.6098708984984));
#7598=CARTESIAN_POINT('Ctrl Pts',(-221.909896597979,-12.079999999767,33.6098424564435));
#7599=CARTESIAN_POINT('Ctrl Pts',(-221.910121791239,-12.079999999767,33.6098117327395));
#7600=CARTESIAN_POINT('Ctrl Pts',(-221.910346814843,-12.079999999767,33.6097794917395));
#7601=CARTESIAN_POINT('Ctrl Pts',(-221.91062775612,-12.0799999997671,33.6097363431377));
#7602=CARTESIAN_POINT('Ctrl Pts',(-221.911300826697,-12.0799999997673,33.609623763377));
#7603=CARTESIAN_POINT('Ctrl Pts',(-221.912193890133,-12.0799999997694,33.609443795434));
#7604=CARTESIAN_POINT('Ctrl Pts',(-221.913079327317,-12.07999999977,33.6092256027595));
#7605=CARTESIAN_POINT('Ctrl Pts',(-221.914400438856,-12.0799999997705,33.6088683977366));
#7606=CARTESIAN_POINT('Ctrl Pts',(-221.91624885378,-12.079999999779,33.6082706315644));
#7607=CARTESIAN_POINT('Ctrl Pts',(-221.918371254344,-12.0799999997826,33.6074171694624));
#7608=CARTESIAN_POINT('Ctrl Pts',(-221.919828718539,-12.0799999997844,33.6067554735188));
#7609=CARTESIAN_POINT('Ctrl Pts',(-221.920653385264,-12.0799999997847,33.6063605005598));
#7610=CARTESIAN_POINT('Ctrl Pts',(-221.921472578477,-12.0799999997853,33.605954786948));
#7611=CARTESIAN_POINT('Ctrl Pts',(-221.922486248435,-12.0799999997871,33.6054283213045));
#7612=CARTESIAN_POINT('Ctrl Pts',(-221.923486012813,-12.0799999997879,33.6048779809189));
#7613=CARTESIAN_POINT('Ctrl Pts',(-221.924277412922,-12.0799999997886,33.6044243847467));
#7614=CARTESIAN_POINT('Ctrl Pts',(-221.925063185756,-12.0799999997893,33.6039621960505));
#7615=CARTESIAN_POINT('Ctrl Pts',(-221.926423475581,-12.0799999997907,33.6031315377679));
#7616=CARTESIAN_POINT('Ctrl Pts',(-221.927754001704,-12.0799999997982,33.6022600347076));
#7617=CARTESIAN_POINT('Ctrl Pts',(-221.928779852283,-12.079999999799,33.6015511531901));
#7618=CARTESIAN_POINT('Ctrl Pts',(-221.929150758964,-12.0799999997991,33.6012908051156));
#7619=CARTESIAN_POINT('Ctrl Pts',(-221.929520245947,-12.0799999997992,33.6010287668585));
#7620=CARTESIAN_POINT('Ctrl Pts',(-221.929979445477,-12.0799999997997,33.6006980897686));
#7621=CARTESIAN_POINT('Ctrl Pts',(-221.930708496776,-12.0799999998002,33.6001624533925));
#7622=CARTESIAN_POINT('Ctrl Pts',(-221.931609207661,-12.0799999998021,33.599480909952));
#7623=CARTESIAN_POINT('Ctrl Pts',(-221.932673162388,-12.0799999998039,33.5986444955662));
#7624=CARTESIAN_POINT('Ctrl Pts',(-221.933720320333,-12.0799999998057,33.5977901256037));
#7625=CARTESIAN_POINT('Ctrl Pts',(-221.935781213009,-12.0799999998099,33.5960462985335));
#7626=CARTESIAN_POINT('Ctrl Pts',(-221.938748275464,-12.0799999998381,33.5933030081692));
#7627=CARTESIAN_POINT('Ctrl Pts',(-221.942442780717,-12.0799999998544,33.5893823805017));
#7628=CARTESIAN_POINT('Ctrl Pts',(-221.945868476412,-12.0799999998764,33.5851960594776));
#7629=CARTESIAN_POINT('Ctrl Pts',(-221.94899477541,-12.0799999999026,33.5807381873938));
#7630=CARTESIAN_POINT('Ctrl Pts',(-221.951761651529,-12.0799999999372,33.5760072296038));
#7631=CARTESIAN_POINT('Ctrl Pts',(-221.954058124966,-12.0799999999479,33.5710126612018));
#7632=CARTESIAN_POINT('Ctrl Pts',(-221.955420470516,-12.0799999999866,33.5666398931402));
#7633=CARTESIAN_POINT('Ctrl Pts',(-221.955959377837,-12.0799999999917,33.563037459649));
#7634=CARTESIAN_POINT('Ctrl Pts',(-221.956031139354,-12.08,33.5612241137832));
#7635=CARTESIAN_POINT('Ctrl Pts',(-221.956030970464,-12.08,33.5603163377785));
#7636=CARTESIAN_POINT('',(-222.956030953157,-11.08,33.56013028945));
#7637=CARTESIAN_POINT('Origin',(-221.956030970464,-11.08,33.5603163377785));
#7638=CARTESIAN_POINT('Ctrl Pts',(-222.956030953157,-11.08,33.56013028945));
#7639=CARTESIAN_POINT('Ctrl Pts',(-222.956036150631,-11.08,33.588066438803));
#7640=CARTESIAN_POINT('Ctrl Pts',(-222.954237158916,-11.0799999999924,33.6539440575062));
#7641=CARTESIAN_POINT('Ctrl Pts',(-222.930670188094,-11.0799999999877,33.8076113111853));
#7642=CARTESIAN_POINT('Ctrl Pts',(-222.887873216244,-11.0799999999523,33.9375457830027));
#7643=CARTESIAN_POINT('Ctrl Pts',(-222.839686833302,-11.0799999999424,34.0413081201591));
#7644=CARTESIAN_POINT('Ctrl Pts',(-222.792124295289,-11.0799999999107,34.1227466892675));
#7645=CARTESIAN_POINT('Ctrl Pts',(-222.74486549205,-11.0799999998867,34.1904412425306));
#7646=CARTESIAN_POINT('Ctrl Pts',(-222.696308683009,-11.0799999998665,34.2500588163541));
#7647=CARTESIAN_POINT('Ctrl Pts',(-222.64552037452,-11.0799999998515,34.3041761288163));
#7648=CARTESIAN_POINT('Ctrl Pts',(-222.604855598041,-11.0799999998257,34.342174146066));
#7649=CARTESIAN_POINT('Ctrl Pts',(-222.575746115508,-11.0799999998218,34.366860074932));
#7650=CARTESIAN_POINT('Ctrl Pts',(-222.560778613848,-11.0799999998201,34.379093769849));
#7651=CARTESIAN_POINT('Ctrl Pts',(-222.545361693366,-11.0799999998185,34.3912353988457));
#7652=CARTESIAN_POINT('Ctrl Pts',(-222.532100788579,-11.0799999998167,34.4012918684209));
#7653=CARTESIAN_POINT('Ctrl Pts',(-222.521196062415,-11.0799999998163,34.4093091835486));
#7654=CARTESIAN_POINT('Ctrl Pts',(-222.514259298573,-11.0799999998158,34.4143099167165));
#7655=CARTESIAN_POINT('Ctrl Pts',(-222.508626884912,-11.0799999998157,34.418305670742));
#7656=CARTESIAN_POINT('Ctrl Pts',(-222.5029401864,-11.0799999998156,34.4222984777667));
#7657=CARTESIAN_POINT('Ctrl Pts',(-222.487077235576,-11.0799999998149,34.433267739654));
#7658=CARTESIAN_POINT('Ctrl Pts',(-222.465954912,-11.0799999998081,34.4471921819627));
#7659=CARTESIAN_POINT('Ctrl Pts',(-222.443149615434,-11.0799999998068,34.4611373093954));
#7660=CARTESIAN_POINT('Ctrl Pts',(-222.429590386614,-11.0799999998061,34.4691194913832));
#7661=CARTESIAN_POINT('Ctrl Pts',(-222.415656169611,-11.0799999998054,34.4771133670449));
#7662=CARTESIAN_POINT('Ctrl Pts',(-222.397476107934,-11.0799999998048,34.4871331054861));
#7663=CARTESIAN_POINT('Ctrl Pts',(-222.378132681089,-11.079999999803,34.4972019489777));
#7664=CARTESIAN_POINT('Ctrl Pts',(-222.361803933518,-11.0799999998025,34.5052947996524));
#7665=CARTESIAN_POINT('Ctrl Pts',(-222.344861992917,-11.0799999998022,34.513413901811));
#7666=CARTESIAN_POINT('Ctrl Pts',(-222.31345704572,-11.0799999998006,34.5276977835631));
#7667=CARTESIAN_POINT('Ctrl Pts',(-222.262603413543,-11.0799999997973,34.5483140752401));
#7668=CARTESIAN_POINT('Ctrl Pts',(-222.209028698199,-11.0799999997895,34.5659301817838));
#7669=CARTESIAN_POINT('Ctrl Pts',(-222.164994706089,-11.0799999997891,34.5778448262999));
#7670=CARTESIAN_POINT('Ctrl Pts',(-222.133821172389,-11.0799999997885,34.585552571842));
#7671=CARTESIAN_POINT('Ctrl Pts',(-222.099406092742,-11.0799999997866,34.5925336971227));
#7672=CARTESIAN_POINT('Ctrl Pts',(-222.07249268849,-11.0799999997864,34.5970355958103));
#7673=CARTESIAN_POINT('Ctrl Pts',(-222.061169182756,-11.0799999997863,34.5987755028615));
#7674=CARTESIAN_POINT('Ctrl Pts',(-222.052073650673,-11.0799999997863,34.6000787261597));
#7675=CARTESIAN_POINT('Ctrl Pts',(-222.042968967461,-11.0799999997863,34.6013209632967));
#7676=CARTESIAN_POINT('Ctrl Pts',(-222.03387107683,-11.0799999997862,34.6024689221279));
#7677=CARTESIAN_POINT('Ctrl Pts',(-222.024816836793,-11.0799999997861,34.6035192205087));
#7678=CARTESIAN_POINT('Ctrl Pts',(-222.019185098507,-11.0799999997861,34.6041346176194));
#7679=CARTESIAN_POINT('Ctrl Pts',(-222.014700257463,-11.0799999997861,34.6046022207187));
#7680=CARTESIAN_POINT('Ctrl Pts',(-222.010230721517,-11.0799999997861,34.6050533647831));
#7681=CARTESIAN_POINT('Ctrl Pts',(-222.005786869641,-11.079999999786,34.6054798319269));
#7682=CARTESIAN_POINT('Ctrl Pts',(-222.001372100602,-11.079999999786,34.6058818338));
#7683=CARTESIAN_POINT('Ctrl Pts',(-221.996978265479,-11.079999999786,34.6062676199398));
#7684=CARTESIAN_POINT('Ctrl Pts',(-221.992618014166,-11.079999999786,34.6066292322073));
#7685=CARTESIAN_POINT('Ctrl Pts',(-221.988294213993,-11.079999999786,34.6069671233376));
#7686=CARTESIAN_POINT('Ctrl Pts',(-221.985607778524,-11.079999999786,34.6071685211492));
#7687=CARTESIAN_POINT('Ctrl Pts',(-221.983468669703,-11.079999999786,34.6073238451713));
#7688=CARTESIAN_POINT('Ctrl Pts',(-221.981869102756,-11.079999999786,34.6074374509271));
#7689=CARTESIAN_POINT('Ctrl Pts',(-221.980541061668,-11.079999999786,34.6075297499842));
#7690=CARTESIAN_POINT('Ctrl Pts',(-221.979612787261,-11.079999999786,34.6075930976437));
#7691=CARTESIAN_POINT('Ctrl Pts',(-221.979150298828,-11.079999999786,34.6076244832371));
#7692=CARTESIAN_POINT('Ctrl Pts',(-221.978884609475,-11.079999999786,34.6076422980307));
#7693=CARTESIAN_POINT('Ctrl Pts',(-221.947488217087,-11.0799999997915,34.6097844752114));
#7694=CARTESIAN_POINT('Ctrl Pts',(-221.910937850547,-11.0799999999736,34.6100456203273));
#7695=CARTESIAN_POINT('Ctrl Pts',(-221.905537805925,-11.0799999999974,34.6100701863405));
#7696=CARTESIAN_POINT('Origin',(-221.956030952741,-11.08,25.0985021991179));
#7697=CARTESIAN_POINT('',(-221.956030937776,-12.08,-21.6899704218034));
#7698=CARTESIAN_POINT('',(-222.956030937776,-11.08,-21.6899704221233));
#7699=CARTESIAN_POINT('Origin',(-221.956030937776,-11.08,-21.6899704218034));
#7700=CARTESIAN_POINT('',(-222.956030952741,-11.08,25.0985021987981));
#7701=CARTESIAN_POINT('',(-221.956030952741,-12.08,25.0985021991179));
#7702=CARTESIAN_POINT('Ctrl Pts',(-222.956030937776,-11.08,-21.6899704220173));
#7703=CARTESIAN_POINT('Ctrl Pts',(-222.956030083447,-11.08,-21.6933406279694));
#7704=CARTESIAN_POINT('Ctrl Pts',(-222.955992289842,-11.08,-21.7002056109197));
#7705=CARTESIAN_POINT('Ctrl Pts',(-222.955786807919,-11.08,-21.7144214734139));
#7706=CARTESIAN_POINT('Ctrl Pts',(-222.954929009733,-11.08,-21.7406892345627));
#7707=CARTESIAN_POINT('Ctrl Pts',(-222.951465828321,-11.08,-21.798254965821));
#7708=CARTESIAN_POINT('Ctrl Pts',(-222.932382949894,-11.08,-21.9287870453722));
#7709=CARTESIAN_POINT('Ctrl Pts',(-222.872628064777,-11.08,-22.1128611491593));
#7710=CARTESIAN_POINT('Ctrl Pts',(-222.821736263732,-11.08,-22.2009647279019));
#7711=CARTESIAN_POINT('Ctrl Pts',(-222.781967311528,-11.08,-22.2628045551647));
#7712=CARTESIAN_POINT('Ctrl Pts',(-222.770051122185,-11.08,-22.280300115959));
#7713=CARTESIAN_POINT('Ctrl Pts',(-222.758099772116,-11.08,-22.2972372633808));
#7714=CARTESIAN_POINT('Ctrl Pts',(-222.74207722657,-11.08,-22.3189534551416));
#7715=CARTESIAN_POINT('Ctrl Pts',(-222.72200001114,-11.08,-22.3448385574384));
#7716=CARTESIAN_POINT('Ctrl Pts',(-222.639423453507,-11.08,-22.4422706430954));
#7717=CARTESIAN_POINT('Ctrl Pts',(-222.544908255023,-11.08,-22.5290911612086));
#7718=CARTESIAN_POINT('Ctrl Pts',(-222.396244293839,-11.08,-22.6168403758206));
#7719=CARTESIAN_POINT('Ctrl Pts',(-222.337962207395,-11.08,-22.6449867453204));
#7720=CARTESIAN_POINT('Ctrl Pts',(-222.300199058386,-11.08,-22.6613249990006));
#7721=CARTESIAN_POINT('Ctrl Pts',(-222.238583649662,-11.08,-22.6855467945382));
#7722=CARTESIAN_POINT('Ctrl Pts',(-222.144281198197,-11.08,-22.716429930146));
#7723=CARTESIAN_POINT('Ctrl Pts',(-221.995705882863,-11.08,-22.7378184288948));
#7724=CARTESIAN_POINT('Ctrl Pts',(-221.932800248401,-11.08,-22.7397040166385));
#7725=CARTESIAN_POINT('Ctrl Pts',(-221.905834244898,-11.08,-22.739698997709));
#7726=CARTESIAN_POINT('Ctrl Pts',(-222.956030937776,-11.3791993003419,-21.6899704220173));
#7727=CARTESIAN_POINT('Ctrl Pts',(-222.956030080808,-11.3791993003419,-21.6933510374027));
#7728=CARTESIAN_POINT('Ctrl Pts',(-222.955993074097,-11.3791993003419,-21.7002363328003));
#7729=CARTESIAN_POINT('Ctrl Pts',(-222.955787721875,-11.3791993003419,-21.7144954178716));
#7730=CARTESIAN_POINT('Ctrl Pts',(-222.954932568598,-11.3791993003419,-21.7408392896439));
#7731=CARTESIAN_POINT('Ctrl Pts',(-222.951463838015,-11.3791993003419,-21.7985787485689));
#7732=CARTESIAN_POINT('Ctrl Pts',(-222.932387345634,-11.3791993003419,-21.9294519636243));
#7733=CARTESIAN_POINT('Ctrl Pts',(-222.872640084564,-11.3791993003419,-22.1139019848534));
#7734=CARTESIAN_POINT('Ctrl Pts',(-222.822045942402,-11.3791993003419,-22.2018187090918));
#7735=CARTESIAN_POINT('Ctrl Pts',(-222.782260572236,-11.3791993003419,-22.2637411729175));
#7736=CARTESIAN_POINT('Ctrl Pts',(-222.770316817233,-11.3791993003419,-22.2812809784299));
#7737=CARTESIAN_POINT('Ctrl Pts',(-222.758339371056,-11.3791993003419,-22.2982591175569));
#7738=CARTESIAN_POINT('Ctrl Pts',(-222.742286406475,-11.3791993003419,-22.3200227075561));
#7739=CARTESIAN_POINT('Ctrl Pts',(-222.722195472792,-11.3791993003419,-22.3459388493309));
#7740=CARTESIAN_POINT('Ctrl Pts',(-222.63961124994,-11.3791993003419,-22.4434227276413));
#7741=CARTESIAN_POINT('Ctrl Pts',(-222.546184153956,-11.3791993003419,-22.529134290467));
#7742=CARTESIAN_POINT('Ctrl Pts',(-222.397463826639,-11.3791993003419,-22.6167572388854));
#7743=CARTESIAN_POINT('Ctrl Pts',(-222.339058527723,-11.3791993003419,-22.6449353290204));
#7744=CARTESIAN_POINT('Ctrl Pts',(-222.301191096906,-11.3791993003419,-22.6613124525758));
#7745=CARTESIAN_POINT('Ctrl Pts',(-222.239423677273,-11.3791993003419,-22.6855717242627));
#7746=CARTESIAN_POINT('Ctrl Pts',(-222.14496920789,-11.3791993003419,-22.716411221477));
#7747=CARTESIAN_POINT('Ctrl Pts',(-221.995949771389,-11.3791993003419,-22.7378472466288));
#7748=CARTESIAN_POINT('Ctrl Pts',(-221.932883537788,-11.3791993003419,-22.7397040321403));
#7749=CARTESIAN_POINT('Ctrl Pts',(-221.905834244898,-11.3791993003419,-22.739698997709));
#7750=CARTESIAN_POINT('Ctrl Pts',(-222.704716124372,-11.8969771859808,-21.6899067150939));
#7751=CARTESIAN_POINT('Ctrl Pts',(-222.704715478162,-11.8969771859808,-21.6924559244084));
#7752=CARTESIAN_POINT('Ctrl Pts',(-222.704686705796,-11.8969771859808,-21.6976477117546));
#7753=CARTESIAN_POINT('Ctrl Pts',(-222.704531107375,-11.8969771859808,-21.7083944177595));
#7754=CARTESIAN_POINT('Ctrl Pts',(-222.703882063328,-11.8969771859808,-21.7282416163505));
#7755=CARTESIAN_POINT('Ctrl Pts',(-222.701264886475,-11.8969771859808,-21.7716965535454));
#7756=CARTESIAN_POINT('Ctrl Pts',(-222.686863413762,-11.8969771859808,-21.8701344465677));
#7757=CARTESIAN_POINT('Ctrl Pts',(-222.641656686205,-11.8969771859808,-22.0093970015432));
#7758=CARTESIAN_POINT('Ctrl Pts',(-222.602783631877,-11.8969771859808,-22.0767256485252));
#7759=CARTESIAN_POINT('Ctrl Pts',(-222.572394177892,-11.8969771859808,-22.1239593931681));
#7760=CARTESIAN_POINT('Ctrl Pts',(-222.563287725749,-11.8969771859808,-22.1373298462845));
#7761=CARTESIAN_POINT('Ctrl Pts',(-222.5541495407,-11.8969771859807,-22.1502787889465));
#7762=CARTESIAN_POINT('Ctrl Pts',(-222.541892125242,-11.8969771859807,-22.1668910762629));
#7763=CARTESIAN_POINT('Ctrl Pts',(-222.526516280691,-11.8969771859808,-22.1867095374789));
#7764=CARTESIAN_POINT('Ctrl Pts',(-222.463243359744,-11.8969771859807,-22.2613665523434));
#7765=CARTESIAN_POINT('Ctrl Pts',(-222.390360486647,-11.8969771859807,-22.32827320922));
#7766=CARTESIAN_POINT('Ctrl Pts',(-222.27689360422,-11.8969771859807,-22.395261822565));
#7767=CARTESIAN_POINT('Ctrl Pts',(-222.232565492946,-11.8969771859807,-22.416674470305));
#7768=CARTESIAN_POINT('Ctrl Pts',(-222.203896514369,-11.8969771859807,-22.4290788643478));
#7769=CARTESIAN_POINT('Ctrl Pts',(-222.157162751164,-11.8969771859807,-22.4474563847892));
#7770=CARTESIAN_POINT('Ctrl Pts',(-222.085826666852,-11.8969771859807,-22.4708212317715));
#7771=CARTESIAN_POINT('Ctrl Pts',(-221.973791169301,-11.8969771859807,-22.4869521379072));
#7772=CARTESIAN_POINT('Ctrl Pts',(-221.926277952241,-11.8969771859807,-22.4883879768738));
#7773=CARTESIAN_POINT('Ctrl Pts',(-221.90588101977,-11.8969771859807,-22.4883841805839));
#7774=CARTESIAN_POINT('Ctrl Pts',(-222.180430437952,-12.08,-21.6897738115551));
#7775=CARTESIAN_POINT('Ctrl Pts',(-222.180430224398,-12.08,-21.6906162524616));
#7776=CARTESIAN_POINT('Ctrl Pts',(-222.180420723252,-12.08,-21.6923291191074));
#7777=CARTESIAN_POINT('Ctrl Pts',(-222.180369264747,-12.08,-21.6958633644056));
#7778=CARTESIAN_POINT('Ctrl Pts',(-222.180157234697,-12.08,-21.7023598294801));
#7779=CARTESIAN_POINT('Ctrl Pts',(-222.179301784974,-12.08,-21.7164768894477));
#7780=CARTESIAN_POINT('Ctrl Pts',(-222.174670188433,-12.08,-21.7481565002198));
#7781=CARTESIAN_POINT('Ctrl Pts',(-222.159817779173,-12.08,-21.7941501314372));
#7782=CARTESIAN_POINT('Ctrl Pts',(-222.146188627729,-12.08,-21.818031534869));
#7783=CARTESIAN_POINT('Ctrl Pts',(-222.135356993743,-12.08,-21.8348418944441));
#7784=CARTESIAN_POINT('Ctrl Pts',(-222.132096321915,-12.08,-21.8396320467938));
#7785=CARTESIAN_POINT('Ctrl Pts',(-222.128811911161,-12.08,-21.8442844256162));
#7786=CARTESIAN_POINT('Ctrl Pts',(-222.124391752263,-12.08,-21.8502762836001));
#7787=CARTESIAN_POINT('Ctrl Pts',(-222.118815902509,-12.08,-21.8574564985653));
#7788=CARTESIAN_POINT('Ctrl Pts',(-222.095809272559,-12.08,-21.8846305292654));
#7789=CARTESIAN_POINT('Ctrl Pts',(-222.068679281864,-12.08,-21.909357352426));
#7790=CARTESIAN_POINT('Ctrl Pts',(-222.028607193496,-12.08,-21.9329633724266));
#7791=CARTESIAN_POINT('Ctrl Pts',(-222.013318784678,-12.08,-21.9403465202416));
#7792=CARTESIAN_POINT('Ctrl Pts',(-222.003561983537,-12.08,-21.9445665065527));
#7793=CARTESIAN_POINT('Ctrl Pts',(-221.987786682598,-12.08,-21.9507733663904));
#7794=CARTESIAN_POINT('Ctrl Pts',(-221.964275168694,-12.08,-21.958428745725));
#7795=CARTESIAN_POINT('Ctrl Pts',(-221.928213226494,-12.08,-21.963618676238));
#7796=CARTESIAN_POINT('Ctrl Pts',(-221.912719102874,-12.08,-21.9640997409457));
#7797=CARTESIAN_POINT('Ctrl Pts',(-221.905978600152,-12.08,-21.9640984863991));
#7798=CARTESIAN_POINT('Ctrl Pts',(-221.956030969905,-12.08,-21.6897169275237));
#7799=CARTESIAN_POINT('Ctrl Pts',(-221.956030941254,-12.08,-21.6898299542459));
#7800=CARTESIAN_POINT('Ctrl Pts',(-221.956029771505,-12.08,-21.6900559540767));
#7801=CARTESIAN_POINT('Ctrl Pts',(-221.956022899617,-12.08,-21.6905077605665));
#7802=CARTESIAN_POINT('Ctrl Pts',(-221.955998195284,-12.08,-21.6912980193951));
#7803=CARTESIAN_POINT('Ctrl Pts',(-221.955896196037,-12.08,-21.692876529025));
#7804=CARTESIAN_POINT('Ctrl Pts',(-221.955446877883,-12.08,-21.6960189695521));
#7805=CARTESIAN_POINT('Ctrl Pts',(-221.953587222952,-12.08,-21.7021322875108));
#7806=CARTESIAN_POINT('Ctrl Pts',(-221.950794155329,-12.08,-21.7073981018255));
#7807=CARTESIAN_POINT('Ctrl Pts',(-221.94833172775,-12.08,-21.7111956805163));
#7808=CARTESIAN_POINT('Ctrl Pts',(-221.947570195907,-12.08,-21.7123180529344));
#7809=CARTESIAN_POINT('Ctrl Pts',(-221.946788501876,-12.08,-21.7134237504082));
#7810=CARTESIAN_POINT('Ctrl Pts',(-221.945719553107,-12.08,-21.7148749663453));
#7811=CARTESIAN_POINT('Ctrl Pts',(-221.944336749086,-12.08,-21.7166491655688));
#7812=CARTESIAN_POINT('Ctrl Pts',(-221.938563680895,-12.08,-21.7235054797509));
#7813=CARTESIAN_POINT('Ctrl Pts',(-221.931131319195,-12.08,-21.730061771363));
#7814=CARTESIAN_POINT('Ctrl Pts',(-221.922466975576,-12.08,-21.7350862734398));
#7815=CARTESIAN_POINT('Ctrl Pts',(-221.919594831527,-12.08,-21.7364680071113));
#7816=CARTESIAN_POINT('Ctrl Pts',(-221.917921613856,-12.08,-21.737189091859));
#7817=CARTESIAN_POINT('Ctrl Pts',(-221.915380783764,-12.08,-21.7381907471843));
#7818=CARTESIAN_POINT('Ctrl Pts',(-221.912322601348,-12.08,-21.7391177089722));
#7819=CARTESIAN_POINT('Ctrl Pts',(-221.908731178656,-12.08,-21.7396298139891));
#7820=CARTESIAN_POINT('Ctrl Pts',(-221.906924579313,-12.08,-21.7396991833223));
#7821=CARTESIAN_POINT('Ctrl Pts',(-221.906020365522,-12.08,-21.7396990150294));
#7822=CARTESIAN_POINT('',(-221.906020365522,-12.08,-21.7396990150294));
#7823=CARTESIAN_POINT('Ctrl Pts',(-221.956029968436,-12.08,-21.6899704147483));
#7824=CARTESIAN_POINT('Ctrl Pts',(-221.956029749895,-12.08,-21.6899989213744));
#7825=CARTESIAN_POINT('Ctrl Pts',(-221.956028486973,-12.08,-21.6901404082819));
#7826=CARTESIAN_POINT('Ctrl Pts',(-221.956022899617,-12.08,-21.6905077605665));
#7827=CARTESIAN_POINT('Ctrl Pts',(-221.955998195284,-12.08,-21.6912980193951));
#7828=CARTESIAN_POINT('Ctrl Pts',(-221.955896196037,-12.08,-21.692876529025));
#7829=CARTESIAN_POINT('Ctrl Pts',(-221.955446877883,-12.08,-21.6960189695521));
#7830=CARTESIAN_POINT('Ctrl Pts',(-221.953587222952,-12.08,-21.7021322875108));
#7831=CARTESIAN_POINT('Ctrl Pts',(-221.950794155329,-12.08,-21.7073981018255));
#7832=CARTESIAN_POINT('Ctrl Pts',(-221.94833172775,-12.08,-21.7111956805163));
#7833=CARTESIAN_POINT('Ctrl Pts',(-221.947570195907,-12.08,-21.7123180529344));
#7834=CARTESIAN_POINT('Ctrl Pts',(-221.946788501876,-12.08,-21.7134237504082));
#7835=CARTESIAN_POINT('Ctrl Pts',(-221.945719553107,-12.08,-21.7148749663453));
#7836=CARTESIAN_POINT('Ctrl Pts',(-221.944336749086,-12.08,-21.7166491655688));
#7837=CARTESIAN_POINT('Ctrl Pts',(-221.938563680895,-12.08,-21.7235054797509));
#7838=CARTESIAN_POINT('Ctrl Pts',(-221.931131319195,-12.08,-21.730061771363));
#7839=CARTESIAN_POINT('Ctrl Pts',(-221.922466975576,-12.08,-21.7350862734398));
#7840=CARTESIAN_POINT('Ctrl Pts',(-221.919594831527,-12.08,-21.7364680071113));
#7841=CARTESIAN_POINT('Ctrl Pts',(-221.917921613856,-12.08,-21.737189091859));
#7842=CARTESIAN_POINT('Ctrl Pts',(-221.915380783764,-12.08,-21.7381907471843));
#7843=CARTESIAN_POINT('Ctrl Pts',(-221.912322601348,-12.08,-21.7391177089722));
#7844=CARTESIAN_POINT('Ctrl Pts',(-221.908731178656,-12.08,-21.7396298139891));
#7845=CARTESIAN_POINT('Ctrl Pts',(-221.906924579313,-12.08,-21.7396991833223));
#7846=CARTESIAN_POINT('Ctrl Pts',(-221.906020365522,-12.08,-21.7396990150294));
#7847=CARTESIAN_POINT('',(-221.905834244898,-11.08,-22.739698997709));
#7848=CARTESIAN_POINT('Origin',(-221.906020365522,-11.08,-21.7396990150294));
#7849=CARTESIAN_POINT('Ctrl Pts',(-221.905834244898,-11.08,-22.739698997709));
#7850=CARTESIAN_POINT('Ctrl Pts',(-221.932800248401,-11.08,-22.7397040166385));
#7851=CARTESIAN_POINT('Ctrl Pts',(-221.995705882863,-11.08,-22.7378184288948));
#7852=CARTESIAN_POINT('Ctrl Pts',(-222.144281198197,-11.08,-22.716429930146));
#7853=CARTESIAN_POINT('Ctrl Pts',(-222.238583649662,-11.08,-22.6855467945382));
#7854=CARTESIAN_POINT('Ctrl Pts',(-222.300199058386,-11.08,-22.6613249990006));
#7855=CARTESIAN_POINT('Ctrl Pts',(-222.337962207395,-11.08,-22.6449867453204));
#7856=CARTESIAN_POINT('Ctrl Pts',(-222.396244293839,-11.08,-22.6168403758206));
#7857=CARTESIAN_POINT('Ctrl Pts',(-222.544908255023,-11.08,-22.5290911612086));
#7858=CARTESIAN_POINT('Ctrl Pts',(-222.639423453507,-11.08,-22.4422706430954));
#7859=CARTESIAN_POINT('Ctrl Pts',(-222.72200001114,-11.08,-22.3448385574384));
#7860=CARTESIAN_POINT('Ctrl Pts',(-222.74207722657,-11.08,-22.3189534551416));
#7861=CARTESIAN_POINT('Ctrl Pts',(-222.758099772116,-11.08,-22.2972372633808));
#7862=CARTESIAN_POINT('Ctrl Pts',(-222.770051122185,-11.08,-22.280300115959));
#7863=CARTESIAN_POINT('Ctrl Pts',(-222.781967311528,-11.08,-22.2628045551647));
#7864=CARTESIAN_POINT('Ctrl Pts',(-222.821736263732,-11.08,-22.2009647279019));
#7865=CARTESIAN_POINT('Ctrl Pts',(-222.872628064777,-11.08,-22.1128611491593));
#7866=CARTESIAN_POINT('Ctrl Pts',(-222.932382949894,-11.08,-21.9287870453722));
#7867=CARTESIAN_POINT('Ctrl Pts',(-222.951465828321,-11.08,-21.798254965821));
#7868=CARTESIAN_POINT('Ctrl Pts',(-222.954929009733,-11.08,-21.7406892345627));
#7869=CARTESIAN_POINT('Ctrl Pts',(-222.955786807919,-11.08,-21.7144214734139));
#7870=CARTESIAN_POINT('Ctrl Pts',(-222.955992289842,-11.08,-21.7002056109197));
#7871=CARTESIAN_POINT('Ctrl Pts',(-222.956030083447,-11.08,-21.6933406279694));
#7872=CARTESIAN_POINT('Ctrl Pts',(-222.956030937776,-11.08,-21.6899704220173));
#7873=CARTESIAN_POINT('Origin',(-188.718440659241,-11.08,-21.7396989999991));
#7874=CARTESIAN_POINT('',(-185.955891950804,-12.08,-21.7396989999991));
#7875=CARTESIAN_POINT('',(-185.955891950804,-11.08,-22.7396989999991));
#7876=CARTESIAN_POINT('Origin',(-185.955891950804,-11.08,-21.7396989999991));
#7877=CARTESIAN_POINT('',(-188.718440659241,-11.08,-22.7396989999991));
#7878=CARTESIAN_POINT('',(-188.718440659241,-12.08,-21.7396989999991));
#7879=CARTESIAN_POINT('Origin',(-185.955891950804,-11.08,-23.7396989999991));
#7880=CARTESIAN_POINT('',(-183.955891950804,-12.08,-23.7396989907125));
#7881=CARTESIAN_POINT('',(-184.955891950804,-11.08,-23.7396989953558));
#7882=CARTESIAN_POINT('Origin',(-183.955891950804,-11.08,-23.7396989907125));
#7883=CARTESIAN_POINT('Origin',(-185.955891950804,-11.08,-23.7396989999991));
#7884=CARTESIAN_POINT('Origin',(-185.955891950804,-12.08,-23.7396989999991));
#7885=CARTESIAN_POINT('Origin',(-183.955892046866,-11.08,-3.05141249870889));
#7886=CARTESIAN_POINT('',(-183.955891938265,-12.08,-26.4400114724385));
#7887=CARTESIAN_POINT('',(-184.955891938265,-11.08,-26.4400114770818));
#7888=CARTESIAN_POINT('Origin',(-183.955891938265,-11.08,-26.4400114724385));
#7889=CARTESIAN_POINT('',(-184.955892046866,-11.08,-3.05141250335222));
#7890=CARTESIAN_POINT('',(-183.955892046866,-12.08,-3.05141249870889));
#7891=CARTESIAN_POINT('Ctrl Pts',(-184.955891938265,-11.08,-26.4400114769304));
#7892=CARTESIAN_POINT('Ctrl Pts',(-184.955888568814,-11.08,-26.4534915370244));
#7893=CARTESIAN_POINT('Ctrl Pts',(-184.955267158529,-11.08,-26.482511885819));
#7894=CARTESIAN_POINT('Ctrl Pts',(-184.951281154871,-11.08,-26.548296632632));
#7895=CARTESIAN_POINT('Ctrl Pts',(-184.932204881919,-11.08,-26.6786673480183));
#7896=CARTESIAN_POINT('Ctrl Pts',(-184.872375943227,-11.08,-26.8627072090842));
#7897=CARTESIAN_POINT('Ctrl Pts',(-184.821191519053,-11.0800000000001,-26.9509036043186));
#7898=CARTESIAN_POINT('Ctrl Pts',(-184.781361646894,-11.0800000000001,-27.0127686180404));
#7899=CARTESIAN_POINT('Ctrl Pts',(-184.769451786885,-11.0800000000001,-27.0302695966194));
#7900=CARTESIAN_POINT('Ctrl Pts',(-184.757482741481,-11.0800000000001,-27.0472088861205));
#7901=CARTESIAN_POINT('Ctrl Pts',(-184.733513270518,-11.0800000000001,-27.079805528925));
#7902=CARTESIAN_POINT('Ctrl Pts',(-184.680180293823,-11.0800000000001,-27.1449425741432));
#7903=CARTESIAN_POINT('Ctrl Pts',(-184.595062694831,-11.08,-27.2313413294943));
#7904=CARTESIAN_POINT('Ctrl Pts',(-184.466853321456,-11.08,-27.3272765141497));
#7905=CARTESIAN_POINT('Ctrl Pts',(-184.327897795556,-11.08,-27.4063478875705));
#7906=CARTESIAN_POINT('Ctrl Pts',(-184.144943087994,-11.08,-27.4660480214956));
#7907=CARTESIAN_POINT('Ctrl Pts',(-184.014417562452,-11.08,-27.4851397125402));
#7908=CARTESIAN_POINT('Ctrl Pts',(-183.948673107248,-11.08,-27.489121623021));
#7909=CARTESIAN_POINT('Ctrl Pts',(-183.919638404921,-11.08,-27.4897445640498));
#7910=CARTESIAN_POINT('Ctrl Pts',(-183.906158424945,-11.08,-27.4897479823156));
#7911=CARTESIAN_POINT('Ctrl Pts',(-184.955891938265,-11.3791993003419,-26.4400114769304));
#7912=CARTESIAN_POINT('Ctrl Pts',(-184.955888558407,-11.3791993003419,-26.4535331726226));
#7913=CARTESIAN_POINT('Ctrl Pts',(-184.955281132987,-11.3791993003419,-26.4826274479442));
#7914=CARTESIAN_POINT('Ctrl Pts',(-184.951284030779,-11.3791993003419,-26.5486153977876));
#7915=CARTESIAN_POINT('Ctrl Pts',(-184.932218144579,-11.3791993003419,-26.6793227274131));
#7916=CARTESIAN_POINT('Ctrl Pts',(-184.872394567935,-11.3791993003419,-26.8637403595432));
#7917=CARTESIAN_POINT('Ctrl Pts',(-184.821511171481,-11.379199300342,-26.9517457271916));
#7918=CARTESIAN_POINT('Ctrl Pts',(-184.781665323438,-11.379199300342,-27.013692781304));
#7919=CARTESIAN_POINT('Ctrl Pts',(-184.769727615724,-11.379199300342,-27.031238318866));
#7920=CARTESIAN_POINT('Ctrl Pts',(-184.757733389142,-11.379199300342,-27.0482176321096));
#7921=CARTESIAN_POINT('Ctrl Pts',(-184.733713653563,-11.379199300342,-27.0808902647567));
#7922=CARTESIAN_POINT('Ctrl Pts',(-184.680597429405,-11.379199300342,-27.1458455383036));
#7923=CARTESIAN_POINT('Ctrl Pts',(-184.595628583938,-11.3791993003419,-27.2320995909891));
#7924=CARTESIAN_POINT('Ctrl Pts',(-184.467636663016,-11.3791993003419,-27.3277212439715));
#7925=CARTESIAN_POINT('Ctrl Pts',(-184.328927470735,-11.3791993003419,-27.4063674051474));
#7926=CARTESIAN_POINT('Ctrl Pts',(-184.145598864398,-11.3791993003419,-27.4660612875702));
#7927=CARTESIAN_POINT('Ctrl Pts',(-184.014736262663,-11.3791993003419,-27.4851425845646));
#7928=CARTESIAN_POINT('Ctrl Pts',(-183.948788714704,-11.3791993003419,-27.4891355982596));
#7929=CARTESIAN_POINT('Ctrl Pts',(-183.919680040263,-11.3791993003419,-27.4897445534919));
#7930=CARTESIAN_POINT('Ctrl Pts',(-183.906158424945,-11.3791993003419,-27.4897479823156));
#7931=CARTESIAN_POINT('Ctrl Pts',(-184.704582693615,-11.8969838679672,-26.4399486601255));
#7932=CARTESIAN_POINT('Ctrl Pts',(-184.70458014498,-11.8969838679672,-26.450144902047));
#7933=CARTESIAN_POINT('Ctrl Pts',(-184.704107080046,-11.8969838679672,-26.472081861372));
#7934=CARTESIAN_POINT('Ctrl Pts',(-184.701096090219,-11.8969838679672,-26.5217399922263));
#7935=CARTESIAN_POINT('Ctrl Pts',(-184.686698616726,-11.8969838679672,-26.6200580681032));
#7936=CARTESIAN_POINT('Ctrl Pts',(-184.641437090978,-11.8969838679672,-26.7592946313706));
#7937=CARTESIAN_POINT('Ctrl Pts',(-184.602343916188,-11.8969838679673,-26.8266943823781));
#7938=CARTESIAN_POINT('Ctrl Pts',(-184.571908975758,-11.8969838679673,-26.873947248199));
#7939=CARTESIAN_POINT('Ctrl Pts',(-184.562807446031,-11.8969838679673,-26.8873217107087));
#7940=CARTESIAN_POINT('Ctrl Pts',(-184.553655890763,-11.8969838679673,-26.9002724533538));
#7941=CARTESIAN_POINT('Ctrl Pts',(-184.535319301367,-11.8969838679673,-26.9252067253267));
#7942=CARTESIAN_POINT('Ctrl Pts',(-184.494414602969,-11.8969838679673,-26.9751561603959));
#7943=CARTESIAN_POINT('Ctrl Pts',(-184.429064210883,-11.8969838679672,-27.0414662202815));
#7944=CARTESIAN_POINT('Ctrl Pts',(-184.33085362733,-11.8969838679672,-27.1150028001009));
#7945=CARTESIAN_POINT('Ctrl Pts',(-184.2247252939,-11.8969838679672,-27.1753791282241));
#7946=CARTESIAN_POINT('Ctrl Pts',(-184.086300431069,-11.8969838679671,-27.2205450985768));
#7947=CARTESIAN_POINT('Ctrl Pts',(-183.987866557757,-11.8969838679671,-27.2349540005795));
#7948=CARTESIAN_POINT('Ctrl Pts',(-183.93823857559,-11.8969838679671,-27.2379619502563));
#7949=CARTESIAN_POINT('Ctrl Pts',(-183.916290879712,-11.8969838679671,-27.2384361523369));
#7950=CARTESIAN_POINT('Ctrl Pts',(-183.906094697714,-11.8969838679671,-27.2384387378941));
#7951=CARTESIAN_POINT('Ctrl Pts',(-184.180291437751,-12.08,-26.4398176092302));
#7952=CARTESIAN_POINT('Ctrl Pts',(-184.180290595512,-12.08,-26.4431871275603));
#7953=CARTESIAN_POINT('Ctrl Pts',(-184.180135111854,-12.08,-26.4503892445533));
#7954=CARTESIAN_POINT('Ctrl Pts',(-184.179151808174,-12.08,-26.4665210495835));
#7955=CARTESIAN_POINT('Ctrl Pts',(-184.174521444625,-12.08,-26.4981645475404));
#7956=CARTESIAN_POINT('Ctrl Pts',(-184.159654134859,-12.08,-26.5441494369333));
#7957=CARTESIAN_POINT('Ctrl Pts',(-184.145960498948,-12.0800000000001,-26.5680518020877));
#7958=CARTESIAN_POINT('Ctrl Pts',(-184.135116385382,-12.0800000000001,-26.5848677308582));
#7959=CARTESIAN_POINT('Ctrl Pts',(-184.131857580964,-12.0800000000001,-26.5896590928595));
#7960=CARTESIAN_POINT('Ctrl Pts',(-184.128569404602,-12.0800000000001,-26.5943119458667));
#7961=CARTESIAN_POINT('Ctrl Pts',(-184.121955251202,-12.0800000000001,-26.603304676437));
#7962=CARTESIAN_POINT('Ctrl Pts',(-184.107104418642,-12.0800000000001,-26.6214638729767));
#7963=CARTESIAN_POINT('Ctrl Pts',(-184.083079282633,-12.0800000000001,-26.6457803201572));
#7964=CARTESIAN_POINT('Ctrl Pts',(-184.047579264159,-12.08,-26.6724065098151));
#7965=CARTESIAN_POINT('Ctrl Pts',(-184.010078943384,-12.08,-26.6935342957164));
#7966=CARTESIAN_POINT('Ctrl Pts',(-183.964337507946,-12.08,-26.7083749012374));
#7967=CARTESIAN_POINT('Ctrl Pts',(-183.932659334951,-12.08,-26.7130083658437));
#7968=CARTESIAN_POINT('Ctrl Pts',(-183.916536581895,-12.08,-26.713990828942));
#7969=CARTESIAN_POINT('Ctrl Pts',(-183.909331247841,-12.08,-26.7141466280678));
#7970=CARTESIAN_POINT('Ctrl Pts',(-183.905961747453,-12.08,-26.7141474825088));
#7971=CARTESIAN_POINT('Ctrl Pts',(-183.955891969505,-12.08,-26.4397615187444));
#7972=CARTESIAN_POINT('Ctrl Pts',(-183.955891856521,-12.08,-26.440213529932));
#7973=CARTESIAN_POINT('Ctrl Pts',(-183.955873766222,-12.08,-26.4411168095577));
#7974=CARTESIAN_POINT('Ctrl Pts',(-183.955757158958,-12.08,-26.4429204813411));
#7975=CARTESIAN_POINT('Ctrl Pts',(-183.955308260292,-12.08,-26.4460622099313));
#7976=CARTESIAN_POINT('Ctrl Pts',(-183.953450400335,-12.08,-26.452174507343));
#7977=CARTESIAN_POINT('Ctrl Pts',(-183.950659477993,-12.0800000000001,-26.4574397213014));
#7978=CARTESIAN_POINT('Ctrl Pts',(-183.948198667642,-12.0800000000001,-26.461237083048));
#7979=CARTESIAN_POINT('Ctrl Pts',(-183.947437660037,-12.0800000000001,-26.4623595058039));
#7980=CARTESIAN_POINT('Ctrl Pts',(-183.94665640003,-12.0800000000001,-26.4634650156464));
#7981=CARTESIAN_POINT('Ctrl Pts',(-183.945054239831,-12.0800000000001,-26.4656426515988));
#7982=CARTESIAN_POINT('Ctrl Pts',(-183.941377336672,-12.0800000000001,-26.4701763896111));
#7983=CARTESIAN_POINT('Ctrl Pts',(-183.93505523455,-12.0800000000001,-26.47650416758));
#7984=CARTESIAN_POINT('Ctrl Pts',(-183.926418482683,-12.08,-26.4830195724619));
#7985=CARTESIAN_POINT('Ctrl Pts',(-183.918317157144,-12.08,-26.4873041714189));
#7986=CARTESIAN_POINT('Ctrl Pts',(-183.912205507311,-12.08,-26.4891647024977));
#7987=CARTESIAN_POINT('Ctrl Pts',(-183.909063776049,-12.08,-26.4896131372614));
#7988=CARTESIAN_POINT('Ctrl Pts',(-183.907260138301,-12.08,-26.4897298458602));
#7989=CARTESIAN_POINT('Ctrl Pts',(-183.906356855215,-12.08,-26.4897478998458));
#7990=CARTESIAN_POINT('Ctrl Pts',(-183.905904844028,-12.08,-26.4897480144672));
#7991=CARTESIAN_POINT('',(-183.905904844028,-12.08,-26.4897480144672));
#7992=CARTESIAN_POINT('Ctrl Pts',(-183.955890989321,-12.08,-26.4400114652691));
#7993=CARTESIAN_POINT('Ctrl Pts',(-183.95588817992,-12.08,-26.4403800369552));
#7994=CARTESIAN_POINT('Ctrl Pts',(-183.955868392095,-12.08,-26.4411999361265));
#7995=CARTESIAN_POINT('Ctrl Pts',(-183.955757158958,-12.08,-26.4429204813411));
#7996=CARTESIAN_POINT('Ctrl Pts',(-183.955308260292,-12.08,-26.4460622099313));
#7997=CARTESIAN_POINT('Ctrl Pts',(-183.953450400335,-12.08,-26.452174507343));
#7998=CARTESIAN_POINT('Ctrl Pts',(-183.950659477993,-12.0800000000001,-26.4574397213014));
#7999=CARTESIAN_POINT('Ctrl Pts',(-183.948198667642,-12.0800000000001,-26.461237083048));
#8000=CARTESIAN_POINT('Ctrl Pts',(-183.947437660037,-12.0800000000001,-26.4623595058039));
#8001=CARTESIAN_POINT('Ctrl Pts',(-183.94665640003,-12.0800000000001,-26.4634650156464));
#8002=CARTESIAN_POINT('Ctrl Pts',(-183.945054239831,-12.0800000000001,-26.4656426515988));
#8003=CARTESIAN_POINT('Ctrl Pts',(-183.941377336672,-12.0800000000001,-26.4701763896111));
#8004=CARTESIAN_POINT('Ctrl Pts',(-183.93505523455,-12.0800000000001,-26.47650416758));
#8005=CARTESIAN_POINT('Ctrl Pts',(-183.926418482683,-12.08,-26.4830195724619));
#8006=CARTESIAN_POINT('Ctrl Pts',(-183.918317157144,-12.08,-26.4873041714189));
#8007=CARTESIAN_POINT('Ctrl Pts',(-183.912205507311,-12.08,-26.4891647024977));
#8008=CARTESIAN_POINT('Ctrl Pts',(-183.909063776049,-12.08,-26.4896131372614));
#8009=CARTESIAN_POINT('Ctrl Pts',(-183.907260138301,-12.08,-26.4897298458602));
#8010=CARTESIAN_POINT('Ctrl Pts',(-183.906356855215,-12.08,-26.4897478998458));
#8011=CARTESIAN_POINT('Ctrl Pts',(-183.905904844028,-12.08,-26.4897480144672));
#8012=CARTESIAN_POINT('',(-183.906158424945,-11.08,-27.4897479823156));
#8013=CARTESIAN_POINT('Origin',(-183.905904844028,-11.08,-26.4897480144672));
#8014=CARTESIAN_POINT('Ctrl Pts',(-183.906158424945,-11.08,-27.4897479823156));
#8015=CARTESIAN_POINT('Ctrl Pts',(-183.919638404921,-11.08,-27.4897445640498));
#8016=CARTESIAN_POINT('Ctrl Pts',(-183.948673107248,-11.08,-27.489121623021));
#8017=CARTESIAN_POINT('Ctrl Pts',(-184.014417562452,-11.08,-27.4851397125402));
#8018=CARTESIAN_POINT('Ctrl Pts',(-184.144943087994,-11.08,-27.4660480214956));
#8019=CARTESIAN_POINT('Ctrl Pts',(-184.327897795556,-11.08,-27.4063478875705));
#8020=CARTESIAN_POINT('Ctrl Pts',(-184.466853321456,-11.08,-27.3272765141497));
#8021=CARTESIAN_POINT('Ctrl Pts',(-184.595062694831,-11.08,-27.2313413294943));
#8022=CARTESIAN_POINT('Ctrl Pts',(-184.680180293823,-11.0800000000001,-27.1449425741432));
#8023=CARTESIAN_POINT('Ctrl Pts',(-184.733513270518,-11.0800000000001,-27.079805528925));
#8024=CARTESIAN_POINT('Ctrl Pts',(-184.757482741481,-11.0800000000001,-27.0472088861205));
#8025=CARTESIAN_POINT('Ctrl Pts',(-184.769451786885,-11.0800000000001,-27.0302695966194));
#8026=CARTESIAN_POINT('Ctrl Pts',(-184.781361646894,-11.0800000000001,-27.0127686180404));
#8027=CARTESIAN_POINT('Ctrl Pts',(-184.821191519053,-11.0800000000001,-26.9509036043186));
#8028=CARTESIAN_POINT('Ctrl Pts',(-184.872375943227,-11.08,-26.8627072090842));
#8029=CARTESIAN_POINT('Ctrl Pts',(-184.932204881919,-11.08,-26.6786673480183));
#8030=CARTESIAN_POINT('Ctrl Pts',(-184.951281154871,-11.08,-26.548296632632));
#8031=CARTESIAN_POINT('Ctrl Pts',(-184.955267158529,-11.08,-26.482511885819));
#8032=CARTESIAN_POINT('Ctrl Pts',(-184.955888568814,-11.08,-26.4534915370244));
#8033=CARTESIAN_POINT('Ctrl Pts',(-184.955891938265,-11.08,-26.4400114769304));
#8034=CARTESIAN_POINT('Origin',(-169.718602770121,-11.08,-26.4897479962923));
#8035=CARTESIAN_POINT('',(-166.95615776918,-12.08,-26.4897479990137));
#8036=CARTESIAN_POINT('',(-166.956157770165,-11.08,-27.4897479990137));
#8037=CARTESIAN_POINT('Origin',(-166.95615776918,-11.08,-26.4897479990137));
#8038=CARTESIAN_POINT('',(-169.718602771106,-11.08,-27.4897479962923));
#8039=CARTESIAN_POINT('',(-169.718602770121,-12.08,-26.4897479962923));
#8040=CARTESIAN_POINT('Origin',(-166.95615777115,-11.08,-28.4897479990137));
#8041=CARTESIAN_POINT('',(-164.956157813373,-12.08,-28.4901589599545));
#8042=CARTESIAN_POINT('',(-165.956157792261,-11.08,-28.4899534794841));
#8043=CARTESIAN_POINT('Origin',(-164.956157813373,-11.08,-28.4901589599545));
#8044=CARTESIAN_POINT('Origin',(-166.95615777115,-11.08,-28.4897479990137));
#8045=CARTESIAN_POINT('Origin',(-166.95615777115,-12.08,-28.4897479990137));
#8046=CARTESIAN_POINT('Origin',(-164.951418491153,-11.08,-5.42557228988075));
#8047=CARTESIAN_POINT('',(-164.956198959389,-12.08,-28.6904019082657));
#8048=CARTESIAN_POINT('',(-165.956198938277,-11.08,-28.6901964277952));
#8049=CARTESIAN_POINT('Origin',(-164.956198959389,-11.08,-28.6904019082657));
#8050=CARTESIAN_POINT('',(-165.951418470042,-11.08,-5.42536680941032));
#8051=CARTESIAN_POINT('',(-164.951418491153,-12.08,-5.42557228988075));
#8052=CARTESIAN_POINT('Ctrl Pts',(-165.956198938285,-11.08,-28.6901963957537));
#8053=CARTESIAN_POINT('Ctrl Pts',(-165.956198924164,-11.08,-28.6902529102139));
#8054=CARTESIAN_POINT('Ctrl Pts',(-165.956189874493,-11.08,-28.6945761122827));
#8055=CARTESIAN_POINT('Ctrl Pts',(-165.95613618395,-11.08,-28.7009504566582));
#8056=CARTESIAN_POINT('Ctrl Pts',(-165.95595047455,-11.08,-28.713799113146));
#8057=CARTESIAN_POINT('Ctrl Pts',(-165.955127594863,-11.08,-28.7397445182172));
#8058=CARTESIAN_POINT('Ctrl Pts',(-165.95154527385,-11.08,-28.7977699602994));
#8059=CARTESIAN_POINT('Ctrl Pts',(-165.938245105312,-11.08,-28.88997985262));
#8060=CARTESIAN_POINT('Ctrl Pts',(-165.918584949976,-11.08,-28.9667095860025));
#8061=CARTESIAN_POINT('Ctrl Pts',(-165.902434835405,-11.08,-29.0179165570761));
#8062=CARTESIAN_POINT('Ctrl Pts',(-165.861324196541,-11.08,-29.1315946944753));
#8063=CARTESIAN_POINT('Ctrl Pts',(-165.793400313521,-11.08,-29.2530398568887));
#8064=CARTESIAN_POINT('Ctrl Pts',(-165.666452762137,-11.08,-29.4208712723484));
#8065=CARTESIAN_POINT('Ctrl Pts',(-165.522600602678,-11.08,-29.5459262096358));
#8066=CARTESIAN_POINT('Ctrl Pts',(-165.327821774522,-11.08,-29.6570730212878));
#8067=CARTESIAN_POINT('Ctrl Pts',(-165.145088072226,-11.08,-29.7164625951424));
#8068=CARTESIAN_POINT('Ctrl Pts',(-164.995680145285,-11.08,-29.7381539344911));
#8069=CARTESIAN_POINT('Ctrl Pts',(-164.932977672885,-11.08,-29.7399370182059));
#8070=CARTESIAN_POINT('Ctrl Pts',(-164.906003244646,-11.08,-29.7399319977087));
#8071=CARTESIAN_POINT('Ctrl Pts',(-165.956198938285,-11.2295996501709,-28.6901963957537));
#8072=CARTESIAN_POINT('Ctrl Pts',(-165.956198924164,-11.2295996501709,-28.6902529102139));
#8073=CARTESIAN_POINT('Ctrl Pts',(-165.956189874493,-11.2295996501709,-28.6945761122827));
#8074=CARTESIAN_POINT('Ctrl Pts',(-165.95613618395,-11.2295996501709,-28.7009504566582));
#8075=CARTESIAN_POINT('Ctrl Pts',(-165.95595047455,-11.2295996501709,-28.713799113146));
#8076=CARTESIAN_POINT('Ctrl Pts',(-165.955127594863,-11.2295996501709,-28.7397445182172));
#8077=CARTESIAN_POINT('Ctrl Pts',(-165.95154527385,-11.2295996501709,-28.7977699602994));
#8078=CARTESIAN_POINT('Ctrl Pts',(-165.938245105312,-11.2295996501709,-28.88997985262));
#8079=CARTESIAN_POINT('Ctrl Pts',(-165.918584949976,-11.2295996501709,-28.9667095860025));
#8080=CARTESIAN_POINT('Ctrl Pts',(-165.902434835405,-11.2295996501709,-29.0179165570761));
#8081=CARTESIAN_POINT('Ctrl Pts',(-165.861324196541,-11.2295996501709,-29.1315946944753));
#8082=CARTESIAN_POINT('Ctrl Pts',(-165.793400313521,-11.2295996501709,-29.2530398568887));
#8083=CARTESIAN_POINT('Ctrl Pts',(-165.666452762137,-11.2295996501709,-29.4208712723484));
#8084=CARTESIAN_POINT('Ctrl Pts',(-165.522600602678,-11.2295996501709,-29.5459262096358));
#8085=CARTESIAN_POINT('Ctrl Pts',(-165.327821774522,-11.2295996501709,-29.6570730212878));
#8086=CARTESIAN_POINT('Ctrl Pts',(-165.145088072226,-11.2295996501709,-29.7164625951424));
#8087=CARTESIAN_POINT('Ctrl Pts',(-164.995680145285,-11.2295996501709,-29.7381539344911));
#8088=CARTESIAN_POINT('Ctrl Pts',(-164.932977672885,-11.2295996501709,-29.7399370182059));
#8089=CARTESIAN_POINT('Ctrl Pts',(-164.906003244646,-11.2295996501709,-29.7399319977087));
#8090=CARTESIAN_POINT('Ctrl Pts',(-165.887740502084,-11.5282174707775,-28.6901792901312));
#8091=CARTESIAN_POINT('Ctrl Pts',(-165.887739123056,-11.5282174707775,-28.6907072663492));
#8092=CARTESIAN_POINT('Ctrl Pts',(-165.887733846373,-11.5282174707775,-28.6944737738022));
#8093=CARTESIAN_POINT('Ctrl Pts',(-165.887678817826,-11.5282174707775,-28.7005888612295));
#8094=CARTESIAN_POINT('Ctrl Pts',(-165.887514624165,-11.5282174707775,-28.7124633722948));
#8095=CARTESIAN_POINT('Ctrl Pts',(-165.886730716155,-11.5282174707775,-28.7367756783552));
#8096=CARTESIAN_POINT('Ctrl Pts',(-165.88340731615,-11.5282174707775,-28.7908422175695));
#8097=CARTESIAN_POINT('Ctrl Pts',(-165.870995821685,-11.5282174707775,-28.877001649161));
#8098=CARTESIAN_POINT('Ctrl Pts',(-165.852630529859,-11.5282174707775,-28.9485095005751));
#8099=CARTESIAN_POINT('Ctrl Pts',(-165.837578040337,-11.5282174707775,-28.9964590117701));
#8100=CARTESIAN_POINT('Ctrl Pts',(-165.799098034854,-11.5282174707775,-29.1021131280263));
#8101=CARTESIAN_POINT('Ctrl Pts',(-165.735769614064,-11.5282174707775,-29.2161941985699));
#8102=CARTESIAN_POINT('Ctrl Pts',(-165.616666328242,-11.5282174707775,-29.3728898071845));
#8103=CARTESIAN_POINT('Ctrl Pts',(-165.482758891266,-11.5282174707775,-29.490026769098));
#8104=CARTESIAN_POINT('Ctrl Pts',(-165.299600522512,-11.5282174707775,-29.5941465062336));
#8105=CARTESIAN_POINT('Ctrl Pts',(-165.129561419888,-11.5282174707775,-29.6493722458671));
#8106=CARTESIAN_POINT('Ctrl Pts',(-164.98943658878,-11.5282174707775,-29.6699189152851));
#8107=CARTESIAN_POINT('Ctrl Pts',(-164.93137819314,-11.5282174707775,-29.6713509792737));
#8108=CARTESIAN_POINT('Ctrl Pts',(-164.906015986172,-11.5282174707775,-29.6714735605556));
#8109=CARTESIAN_POINT('Ctrl Pts',(-165.553189926596,-11.9487698497438,-28.6900956964036));
#8110=CARTESIAN_POINT('Ctrl Pts',(-165.553189925509,-11.9487698497438,-28.6901477087779));
#8111=CARTESIAN_POINT('Ctrl Pts',(-165.553184370745,-11.9487698497438,-28.6927767312415));
#8112=CARTESIAN_POINT('Ctrl Pts',(-165.553151664205,-11.9487698497438,-28.6966716855333));
#8113=CARTESIAN_POINT('Ctrl Pts',(-165.5530382837,-11.9487698497438,-28.7045027067301));
#8114=CARTESIAN_POINT('Ctrl Pts',(-165.552537246593,-11.9487698497438,-28.7203095028851));
#8115=CARTESIAN_POINT('Ctrl Pts',(-165.550357290104,-11.9487698497438,-28.7555873105747));
#8116=CARTESIAN_POINT('Ctrl Pts',(-165.542287844887,-11.9487698497438,-28.8115391415694));
#8117=CARTESIAN_POINT('Ctrl Pts',(-165.530329013586,-11.9487698497438,-28.8582359237944));
#8118=CARTESIAN_POINT('Ctrl Pts',(-165.520466726728,-11.9487698497438,-28.8895039701054));
#8119=CARTESIAN_POINT('Ctrl Pts',(-165.495306134016,-11.9487698497438,-28.9591011315733));
#8120=CARTESIAN_POINT('Ctrl Pts',(-165.453288867303,-11.9487698497438,-29.0343775767226));
#8121=CARTESIAN_POINT('Ctrl Pts',(-165.373995929232,-11.9487698497438,-29.1392063330637));
#8122=CARTESIAN_POINT('Ctrl Pts',(-165.283749787042,-11.9487698497438,-29.2176951468821));
#8123=CARTESIAN_POINT('Ctrl Pts',(-165.162906533525,-11.9487698497438,-29.2864754895787));
#8124=CARTESIAN_POINT('Ctrl Pts',(-165.051345927494,-11.9487698497438,-29.322679465877));
#8125=CARTESIAN_POINT('Ctrl Pts',(-164.960709960718,-11.9487698497438,-29.3358325947172));
#8126=CARTESIAN_POINT('Ctrl Pts',(-164.922544509297,-11.9487698497438,-29.336927260759));
#8127=CARTESIAN_POINT('Ctrl Pts',(-164.906078252933,-11.9487698497438,-29.3369229804189));
#8128=CARTESIAN_POINT('Ctrl Pts',(-165.180598437754,-12.08,-28.6900025974413));
#8129=CARTESIAN_POINT('Ctrl Pts',(-165.18059736497,-12.08,-28.6904247918886));
#8130=CARTESIAN_POINT('Ctrl Pts',(-165.180597561645,-12.08,-28.6912743359802));
#8131=CARTESIAN_POINT('Ctrl Pts',(-165.180580368982,-12.08,-28.6930053864951));
#8132=CARTESIAN_POINT('Ctrl Pts',(-165.180541174588,-12.08,-28.6961009233544));
#8133=CARTESIAN_POINT('Ctrl Pts',(-165.180325243589,-12.08,-28.7026049869392));
#8134=CARTESIAN_POINT('Ctrl Pts',(-165.179458219066,-12.08,-28.7167769098974));
#8135=CARTESIAN_POINT('Ctrl Pts',(-165.176224814083,-12.08,-28.7392934099004));
#8136=CARTESIAN_POINT('Ctrl Pts',(-165.171375460991,-12.08,-28.7581286945155));
#8137=CARTESIAN_POINT('Ctrl Pts',(-165.167349824867,-12.08,-28.7710654086835));
#8138=CARTESIAN_POINT('Ctrl Pts',(-165.156872986894,-12.08,-28.7994837027555));
#8139=CARTESIAN_POINT('Ctrl Pts',(-165.138961390868,-12.08,-28.8324553857873));
#8140=CARTESIAN_POINT('Ctrl Pts',(-165.103527517438,-12.08,-28.8786929059052));
#8141=CARTESIAN_POINT('Ctrl Pts',(-165.063506327952,-12.08,-28.9141239844429));
#8142=CARTESIAN_POINT('Ctrl Pts',(-165.010274039949,-12.08,-28.9438699914699));
#8143=CARTESIAN_POINT('Ctrl Pts',(-164.964993907267,-12.08,-28.9584596973772));
#8144=CARTESIAN_POINT('Ctrl Pts',(-164.92813880808,-12.08,-28.9639613818783));
#8145=CARTESIAN_POINT('Ctrl Pts',(-164.913035768839,-12.08,-28.9642340293747));
#8146=CARTESIAN_POINT('Ctrl Pts',(-164.906147599891,-12.08,-28.9643314863989));
#8147=CARTESIAN_POINT('Ctrl Pts',(-164.956198969503,-12.08,-28.6899465270311));
#8148=CARTESIAN_POINT('Ctrl Pts',(-164.956198955381,-12.08,-28.6900030414912));
#8149=CARTESIAN_POINT('Ctrl Pts',(-164.956198652955,-12.08,-28.6901160567011));
#8150=CARTESIAN_POINT('Ctrl Pts',(-164.956196914754,-12.08,-28.6903420363988));
#8151=CARTESIAN_POINT('Ctrl Pts',(-164.956190895837,-12.08,-28.6907373822175));
#8152=CARTESIAN_POINT('Ctrl Pts',(-164.956166243704,-12.08,-28.6915276205925));
#8153=CARTESIAN_POINT('Ctrl Pts',(-164.956064147264,-12.08,-28.6931063410376));
#8154=CARTESIAN_POINT('Ctrl Pts',(-164.955743153738,-12.08,-28.6953504423563));
#8155=CARTESIAN_POINT('Ctrl Pts',(-164.955192239946,-12.08,-28.6975555481057));
#8156=CARTESIAN_POINT('Ctrl Pts',(-164.954645024558,-12.08,-28.6992904511797));
#8157=CARTESIAN_POINT('Ctrl Pts',(-164.953109914254,-12.08,-28.7035762823001));
#8158=CARTESIAN_POINT('Ctrl Pts',(-164.949473606569,-12.08,-28.7104727559305));
#8159=CARTESIAN_POINT('Ctrl Pts',(-164.940767136527,-12.08,-28.721963271604));
#8160=CARTESIAN_POINT('Ctrl Pts',(-164.929949253179,-12.08,-28.7314719166512));
#8161=CARTESIAN_POINT('Ctrl Pts',(-164.918607071496,-12.08,-28.7374973809717));
#8162=CARTESIAN_POINT('Ctrl Pts',(-164.912491895346,-12.08,-28.7393504122983));
#8163=CARTESIAN_POINT('Ctrl Pts',(-164.908900263446,-12.08,-28.7398628312745));
#8164=CARTESIAN_POINT('Ctrl Pts',(-164.907093596633,-12.08,-28.7399321833253));
#8165=CARTESIAN_POINT('Ctrl Pts',(-164.906189365259,-12.08,-28.7399320150292));
#8166=CARTESIAN_POINT('',(-164.906189365259,-12.08,-28.7399320150292));
#8167=CARTESIAN_POINT('Ctrl Pts',(-164.95619581886,-12.08,-28.6904018649191));
#8168=CARTESIAN_POINT('Ctrl Pts',(-164.956194803598,-12.08,-28.690476054343));
#8169=CARTESIAN_POINT('Ctrl Pts',(-164.956189687029,-12.08,-28.6907761312485));
#8170=CARTESIAN_POINT('Ctrl Pts',(-164.956166243704,-12.08,-28.6915276205925));
#8171=CARTESIAN_POINT('Ctrl Pts',(-164.956064147264,-12.08,-28.6931063410376));
#8172=CARTESIAN_POINT('Ctrl Pts',(-164.955743153738,-12.08,-28.6953504423563));
#8173=CARTESIAN_POINT('Ctrl Pts',(-164.955192239946,-12.08,-28.6975555481057));
#8174=CARTESIAN_POINT('Ctrl Pts',(-164.954645024558,-12.08,-28.6992904511797));
#8175=CARTESIAN_POINT('Ctrl Pts',(-164.953109914254,-12.08,-28.7035762823001));
#8176=CARTESIAN_POINT('Ctrl Pts',(-164.949473606569,-12.08,-28.7104727559305));
#8177=CARTESIAN_POINT('Ctrl Pts',(-164.940767136527,-12.08,-28.721963271604));
#8178=CARTESIAN_POINT('Ctrl Pts',(-164.929949253179,-12.08,-28.7314719166512));
#8179=CARTESIAN_POINT('Ctrl Pts',(-164.918607071496,-12.08,-28.7374973809717));
#8180=CARTESIAN_POINT('Ctrl Pts',(-164.912491895346,-12.08,-28.7393504122983));
#8181=CARTESIAN_POINT('Ctrl Pts',(-164.908900263446,-12.08,-28.7398628312745));
#8182=CARTESIAN_POINT('Ctrl Pts',(-164.907093596633,-12.08,-28.7399321833253));
#8183=CARTESIAN_POINT('Ctrl Pts',(-164.906189365259,-12.08,-28.7399320150292));
#8184=CARTESIAN_POINT('',(-164.906003244646,-11.08,-29.7399319977087));
#8185=CARTESIAN_POINT('Origin',(-164.906189365259,-11.08,-28.7399320150292));
#8186=CARTESIAN_POINT('Ctrl Pts',(-164.906003244646,-11.08,-29.7399319977087));
#8187=CARTESIAN_POINT('Ctrl Pts',(-164.932977672885,-11.08,-29.7399370182059));
#8188=CARTESIAN_POINT('Ctrl Pts',(-164.995680145285,-11.08,-29.7381539344911));
#8189=CARTESIAN_POINT('Ctrl Pts',(-165.145088072226,-11.08,-29.7164625951424));
#8190=CARTESIAN_POINT('Ctrl Pts',(-165.327821774522,-11.08,-29.6570730212878));
#8191=CARTESIAN_POINT('Ctrl Pts',(-165.522600602678,-11.08,-29.5459262096358));
#8192=CARTESIAN_POINT('Ctrl Pts',(-165.666452762137,-11.08,-29.4208712723484));
#8193=CARTESIAN_POINT('Ctrl Pts',(-165.793400313521,-11.08,-29.2530398568887));
#8194=CARTESIAN_POINT('Ctrl Pts',(-165.861324196541,-11.08,-29.1315946944753));
#8195=CARTESIAN_POINT('Ctrl Pts',(-165.902434835405,-11.08,-29.0179165570761));
#8196=CARTESIAN_POINT('Ctrl Pts',(-165.918584949976,-11.08,-28.9667095860025));
#8197=CARTESIAN_POINT('Ctrl Pts',(-165.938245105312,-11.08,-28.88997985262));
#8198=CARTESIAN_POINT('Ctrl Pts',(-165.95154527385,-11.08,-28.7977699602994));
#8199=CARTESIAN_POINT('Ctrl Pts',(-165.955127594863,-11.08,-28.7397445182172));
#8200=CARTESIAN_POINT('Ctrl Pts',(-165.95595047455,-11.08,-28.713799113146));
#8201=CARTESIAN_POINT('Ctrl Pts',(-165.95613618395,-11.08,-28.7009504566582));
#8202=CARTESIAN_POINT('Ctrl Pts',(-165.956189871956,-11.08,-28.6945764134706));
#8203=CARTESIAN_POINT('Ctrl Pts',(-165.956198922454,-11.08,-28.6902537272892));
#8204=CARTESIAN_POINT('Ctrl Pts',(-165.956198938277,-11.08,-28.690196428023));
#8205=CARTESIAN_POINT('Origin',(-160.218525136706,-11.08,-28.7399319952648));
#8206=CARTESIAN_POINT('',(-147.905732528661,-12.08,-28.7399319828295));
#8207=CARTESIAN_POINT('',(-147.905732527651,-11.08,-29.7399319828295));
#8208=CARTESIAN_POINT('Origin',(-147.905732528661,-11.08,-28.7399319828295));
#8209=CARTESIAN_POINT('',(-160.218525135696,-11.08,-29.7399319952648));
#8210=CARTESIAN_POINT('',(-160.218525136706,-12.08,-28.7399319952648));
#8211=CARTESIAN_POINT('Ctrl Pts',(-147.905732527706,-11.08,-29.7399319828295));
#8212=CARTESIAN_POINT('Ctrl Pts',(-147.878771401878,-11.08,-29.7399252460887));
#8213=CARTESIAN_POINT('Ctrl Pts',(-147.816106849127,-11.08,-29.7381168301144));
#8214=CARTESIAN_POINT('Ctrl Pts',(-147.666688790464,-11.08,-29.7164038904363));
#8215=CARTESIAN_POINT('Ctrl Pts',(-147.483894044217,-11.08,-29.6568084795187));
#8216=CARTESIAN_POINT('Ctrl Pts',(-147.289216549996,-11.08,-29.5463611200049));
#8217=CARTESIAN_POINT('Ctrl Pts',(-147.14539987644,-11.08,-29.4198424384917));
#8218=CARTESIAN_POINT('Ctrl Pts',(-147.034542319701,-11.08,-29.2756759296286));
#8219=CARTESIAN_POINT('Ctrl Pts',(-146.970760443717,-11.08,-29.1662277010225));
#8220=CARTESIAN_POINT('Ctrl Pts',(-146.922766320752,-11.08,-29.0618455508501));
#8221=CARTESIAN_POINT('Ctrl Pts',(-146.879419808114,-11.08,-28.9285359122959));
#8222=CARTESIAN_POINT('Ctrl Pts',(-146.857801388182,-11.08,-28.7795118035405));
#8223=CARTESIAN_POINT('Ctrl Pts',(-146.855991937242,-11.08,-28.7167107060635));
#8224=CARTESIAN_POINT('Ctrl Pts',(-146.855996957737,-11.08,-28.689736289198));
#8225=CARTESIAN_POINT('Ctrl Pts',(-147.905732527706,-11.3791993003419,-29.7399319828295));
#8226=CARTESIAN_POINT('Ctrl Pts',(-147.878688128135,-11.3791993003419,-29.7399252252812));
#8227=CARTESIAN_POINT('Ctrl Pts',(-147.81585145994,-11.3791993003419,-29.7381336245435));
#8228=CARTESIAN_POINT('Ctrl Pts',(-147.666010160899,-11.3791993003419,-29.7163957284836));
#8229=CARTESIAN_POINT('Ctrl Pts',(-147.48288215425,-11.3791993003419,-29.6568471461923));
#8230=CARTESIAN_POINT('Ctrl Pts',(-147.288241338801,-11.3791993003419,-29.5466887220287));
#8231=CARTESIAN_POINT('Ctrl Pts',(-147.145447894122,-11.3791993003419,-29.421244901057));
#8232=CARTESIAN_POINT('Ctrl Pts',(-147.034632129677,-11.3791993003419,-29.2770218207604));
#8233=CARTESIAN_POINT('Ctrl Pts',(-146.970754685554,-11.3791993003419,-29.1673407037905));
#8234=CARTESIAN_POINT('Ctrl Pts',(-146.922760951546,-11.3791993003419,-29.0627876639195));
#8235=CARTESIAN_POINT('Ctrl Pts',(-146.879442180766,-11.3791993003419,-28.9292282287533));
#8236=CARTESIAN_POINT('Ctrl Pts',(-146.857776842268,-11.3791993003419,-28.7797599078651));
#8237=CARTESIAN_POINT('Ctrl Pts',(-146.855991921735,-11.3791993003419,-28.7167940222829));
#8238=CARTESIAN_POINT('Ctrl Pts',(-146.855996957737,-11.3791993003419,-28.689736289198));
#8239=CARTESIAN_POINT('Ctrl Pts',(-147.905795320108,-11.8969930199519,-29.4886303657233));
#8240=CARTESIAN_POINT('Ctrl Pts',(-147.885402031524,-11.8969930199519,-29.4886252700793));
#8241=CARTESIAN_POINT('Ctrl Pts',(-147.838071890282,-11.8969930199519,-29.4872497189976));
#8242=CARTESIAN_POINT('Ctrl Pts',(-147.725400361418,-11.8969930199519,-29.4708700582462));
#8243=CARTESIAN_POINT('Ctrl Pts',(-147.587084619606,-11.8969930199519,-29.4257736079341));
#8244=CARTESIAN_POINT('Ctrl Pts',(-147.438470972976,-11.8969930199519,-29.341497800269));
#8245=CARTESIAN_POINT('Ctrl Pts',(-147.327838266614,-11.8969930199519,-29.244128116706));
#8246=CARTESIAN_POINT('Ctrl Pts',(-147.242914291616,-11.8969930199519,-29.133676781924));
#8247=CARTESIAN_POINT('Ctrl Pts',(-147.194268583286,-11.8969930199519,-29.0502026600837));
#8248=CARTESIAN_POINT('Ctrl Pts',(-147.157768896021,-11.8969930199519,-28.9708394694079));
#8249=CARTESIAN_POINT('Ctrl Pts',(-147.124976130505,-11.8969930199519,-28.8699919856292));
#8250=CARTESIAN_POINT('Ctrl Pts',(-147.108672744977,-11.8969930199519,-28.7576204002467));
#8251=CARTESIAN_POINT('Ctrl Pts',(-147.107294780874,-11.8969930199519,-28.7101862911289));
#8252=CARTESIAN_POINT('Ctrl Pts',(-147.107298578336,-11.8969930199519,-28.6897830616105));
#8253=CARTESIAN_POINT('Ctrl Pts',(-147.905926325975,-12.08,-28.964331482298));
#8254=CARTESIAN_POINT('Ctrl Pts',(-147.899186902222,-12.08,-28.9643297983271));
#8255=CARTESIAN_POINT('Ctrl Pts',(-147.883748523451,-12.08,-28.9638672080003));
#8256=CARTESIAN_POINT('Ctrl Pts',(-147.847494309489,-12.08,-28.9585999092989));
#8257=CARTESIAN_POINT('Ctrl Pts',(-147.801781164369,-12.08,-28.9437805806561));
#8258=CARTESIAN_POINT('Ctrl Pts',(-147.749293556277,-12.08,-28.9142767787877));
#8259=CARTESIAN_POINT('Ctrl Pts',(-147.708493677297,-12.08,-28.8783519093249));
#8260=CARTESIAN_POINT('Ctrl Pts',(-147.677700299312,-12.08,-28.8382084851105));
#8261=CARTESIAN_POINT('Ctrl Pts',(-147.660577637821,-12.08,-28.8087884371556));
#8262=CARTESIAN_POINT('Ctrl Pts',(-147.648059400375,-12.08,-28.7815229208083));
#8263=CARTESIAN_POINT('Ctrl Pts',(-147.637301534612,-12.08,-28.7482558253323));
#8264=CARTESIAN_POINT('Ctrl Pts',(-147.63205956843,-12.08,-28.7120931283667));
#8265=CARTESIAN_POINT('Ctrl Pts',(-147.631596214147,-12.08,-28.6966230446072));
#8266=CARTESIAN_POINT('Ctrl Pts',(-147.631597469047,-12.08,-28.6898806444432));
#8267=CARTESIAN_POINT('Ctrl Pts',(-147.905982396373,-12.08,-28.7399320140467));
#8268=CARTESIAN_POINT('Ctrl Pts',(-147.905078165393,-12.08,-28.7399317881077));
#8269=CARTESIAN_POINT('Ctrl Pts',(-147.903271555906,-12.08,-28.7398616907744));
#8270=CARTESIAN_POINT('Ctrl Pts',(-147.899679925045,-12.08,-28.7393478812183));
#8271=CARTESIAN_POINT('Ctrl Pts',(-147.893565995746,-12.08,-28.7374919984802));
#8272=CARTESIAN_POINT('Ctrl Pts',(-147.882224058723,-12.08,-28.7314605790865));
#8273=CARTESIAN_POINT('Ctrl Pts',(-147.871418851103,-12.08,-28.7219456814871));
#8274=CARTESIAN_POINT('Ctrl Pts',(-147.863797662703,-12.08,-28.7118881061197));
#8275=CARTESIAN_POINT('Ctrl Pts',(-147.860156911411,-12.08,-28.7055789651305));
#8276=CARTESIAN_POINT('Ctrl Pts',(-147.857902754129,-12.08,-28.7005934581672));
#8277=CARTESIAN_POINT('Ctrl Pts',(-147.856578687903,-12.08,-28.6962247642768));
#8278=CARTESIAN_POINT('Ctrl Pts',(-147.856066126245,-12.08,-28.6926332657439));
#8279=CARTESIAN_POINT('Ctrl Pts',(-147.855996772121,-12.08,-28.6908266408037));
#8280=CARTESIAN_POINT('Ctrl Pts',(-147.855996940417,-12.08,-28.6899224098111));
#8281=CARTESIAN_POINT('',(-147.855996940417,-12.08,-28.6899224098111));
#8282=CARTESIAN_POINT('Ctrl Pts',(-147.905732535661,-12.08,-28.7399310558496));
#8283=CARTESIAN_POINT('Ctrl Pts',(-147.904911768486,-12.08,-28.7399249346453));
#8284=CARTESIAN_POINT('Ctrl Pts',(-147.903188843162,-12.08,-28.7398498581001));
#8285=CARTESIAN_POINT('Ctrl Pts',(-147.899679925045,-12.08,-28.7393478812183));
#8286=CARTESIAN_POINT('Ctrl Pts',(-147.893565995746,-12.08,-28.7374919984802));
#8287=CARTESIAN_POINT('Ctrl Pts',(-147.882224058723,-12.08,-28.7314605790865));
#8288=CARTESIAN_POINT('Ctrl Pts',(-147.871418851103,-12.08,-28.7219456814871));
#8289=CARTESIAN_POINT('Ctrl Pts',(-147.863797662703,-12.08,-28.7118881061197));
#8290=CARTESIAN_POINT('Ctrl Pts',(-147.860156911411,-12.08,-28.7055789651305));
#8291=CARTESIAN_POINT('Ctrl Pts',(-147.857902754129,-12.08,-28.7005934581672));
#8292=CARTESIAN_POINT('Ctrl Pts',(-147.856578687903,-12.08,-28.6962247642768));
#8293=CARTESIAN_POINT('Ctrl Pts',(-147.856066126245,-12.08,-28.6926332657439));
#8294=CARTESIAN_POINT('Ctrl Pts',(-147.855996772121,-12.08,-28.6908266408037));
#8295=CARTESIAN_POINT('Ctrl Pts',(-147.855996940417,-12.08,-28.6899224098111));
#8296=CARTESIAN_POINT('',(-146.855996957737,-11.08,-28.689736289198));
#8297=CARTESIAN_POINT('Origin',(-147.855996940417,-11.08,-28.6899224098111));
#8298=CARTESIAN_POINT('Ctrl Pts',(-146.855996957737,-11.08,-28.689736289198));
#8299=CARTESIAN_POINT('Ctrl Pts',(-146.855991937242,-11.08,-28.7167107060635));
#8300=CARTESIAN_POINT('Ctrl Pts',(-146.857801388182,-11.08,-28.7795118035405));
#8301=CARTESIAN_POINT('Ctrl Pts',(-146.879419808114,-11.08,-28.9285359122959));
#8302=CARTESIAN_POINT('Ctrl Pts',(-146.922766320752,-11.08,-29.0618455508501));
#8303=CARTESIAN_POINT('Ctrl Pts',(-146.970760443717,-11.08,-29.1662277010225));
#8304=CARTESIAN_POINT('Ctrl Pts',(-147.034542319701,-11.08,-29.2756759296286));
#8305=CARTESIAN_POINT('Ctrl Pts',(-147.14539987644,-11.08,-29.4198424384917));
#8306=CARTESIAN_POINT('Ctrl Pts',(-147.289216549996,-11.08,-29.5463611200049));
#8307=CARTESIAN_POINT('Ctrl Pts',(-147.483894044217,-11.08,-29.6568084795187));
#8308=CARTESIAN_POINT('Ctrl Pts',(-147.666688790464,-11.08,-29.7164038904363));
#8309=CARTESIAN_POINT('Ctrl Pts',(-147.816106849127,-11.08,-29.7381168301144));
#8310=CARTESIAN_POINT('Ctrl Pts',(-147.878771401878,-11.08,-29.7399252460887));
#8311=CARTESIAN_POINT('Ctrl Pts',(-147.905732527706,-11.08,-29.7399319828295));
#8312=CARTESIAN_POINT('Origin',(-147.855997266751,-11.08,-6.02643103368612));
#8313=CARTESIAN_POINT('',(-147.855996958194,-12.08,-28.4897480264395));
#8314=CARTESIAN_POINT('',(-146.855996958194,-11.08,-28.4897480127035));
#8315=CARTESIAN_POINT('Origin',(-147.855996958194,-11.08,-28.4897480264395));
#8316=CARTESIAN_POINT('',(-146.855997266751,-11.08,-6.02643101995007));
#8317=CARTESIAN_POINT('',(-147.855997266751,-12.08,-6.02643103368612));
#8318=CARTESIAN_POINT('Origin',(-145.855996958194,-11.08,-28.4897479989674));
#8319=CARTESIAN_POINT('',(-145.855996960159,-12.08,-26.4897479989674));
#8320=CARTESIAN_POINT('',(-145.855996959176,-11.08,-27.4897479989674));
#8321=CARTESIAN_POINT('Origin',(-145.855996960159,-11.08,-26.4897479989674));
#8322=CARTESIAN_POINT('Origin',(-145.855996958194,-11.08,-28.4897479989674));
#8323=CARTESIAN_POINT('Origin',(-145.855996958194,-12.08,-28.4897479989674));
#8324=CARTESIAN_POINT('Origin',(-151.193522002171,-11.08,-26.489748004211));
#8325=CARTESIAN_POINT('',(-128.905785486925,-12.08,-26.4897479823156));
#8326=CARTESIAN_POINT('',(-128.905785485943,-11.08,-27.4897479823156));
#8327=CARTESIAN_POINT('Origin',(-128.905785486925,-11.08,-26.4897479823156));
#8328=CARTESIAN_POINT('',(-151.193522001189,-11.08,-27.489748004211));
#8329=CARTESIAN_POINT('',(-151.193522002171,-12.08,-26.489748004211));
#8330=CARTESIAN_POINT('Ctrl Pts',(-128.905785485943,-11.08,-27.4897479823156));
#8331=CARTESIAN_POINT('Ctrl Pts',(-128.878825525607,-11.08,-27.4897411457839));
#8332=CARTESIAN_POINT('Ctrl Pts',(-128.816107479605,-11.08,-27.4878983085938));
#8333=CARTESIAN_POINT('Ctrl Pts',(-128.66702277124,-11.08,-27.466213624571));
#8334=CARTESIAN_POINT('Ctrl Pts',(-128.483067006394,-11.08,-27.4062875598652));
#8335=CARTESIAN_POINT('Ctrl Pts',(-128.394791132318,-11.08,-27.3551323995636));
#8336=CARTESIAN_POINT('Ctrl Pts',(-128.332961852673,-11.08,-27.3153012403581));
#8337=CARTESIAN_POINT('Ctrl Pts',(-128.309573013169,-11.08,-27.2994065163657));
#8338=CARTESIAN_POINT('Ctrl Pts',(-128.226846463503,-11.08,-27.2395498791335));
#8339=CARTESIAN_POINT('Ctrl Pts',(-128.139062226159,-11.08,-27.1560018246292));
#8340=CARTESIAN_POINT('Ctrl Pts',(-128.058238865009,-11.08,-27.0549746208899));
#8341=CARTESIAN_POINT('Ctrl Pts',(-127.994637507488,-11.08,-26.9581758107253));
#8342=CARTESIAN_POINT('Ctrl Pts',(-127.939450840711,-11.08,-26.862537584919));
#8343=CARTESIAN_POINT('Ctrl Pts',(-127.879589058918,-11.08,-26.6788133836798));
#8344=CARTESIAN_POINT('Ctrl Pts',(-127.857897144804,-11.08,-26.5296791130599));
#8345=CARTESIAN_POINT('Ctrl Pts',(-127.856058711536,-11.08,-26.4669715974733));
#8346=CARTESIAN_POINT('Ctrl Pts',(-127.856051972629,-11.08,-26.4400114770346));
#8347=CARTESIAN_POINT('Ctrl Pts',(-128.905785485943,-11.3791993003419,-27.4897479823156));
#8348=CARTESIAN_POINT('Ctrl Pts',(-128.878742254922,-11.3791993003419,-27.4897411246681));
#8349=CARTESIAN_POINT('Ctrl Pts',(-128.815851110975,-11.3791993003419,-27.4879141613824));
#8350=CARTESIAN_POINT('Ctrl Pts',(-128.666354932544,-11.3791993003419,-27.4662152696835));
#8351=CARTESIAN_POINT('Ctrl Pts',(-128.482031110032,-11.3791993003419,-27.4063036909014));
#8352=CARTESIAN_POINT('Ctrl Pts',(-128.393916617403,-11.3791993003419,-27.3554203177208));
#8353=CARTESIAN_POINT('Ctrl Pts',(-128.332000061686,-11.3791993003419,-27.3155678385553));
#8354=CARTESIAN_POINT('Ctrl Pts',(-128.308554141343,-11.3791993003419,-27.2996384417806));
#8355=CARTESIAN_POINT('Ctrl Pts',(-128.225676095,-11.3791993003419,-27.2396984703696));
#8356=CARTESIAN_POINT('Ctrl Pts',(-128.138518852203,-11.3791993003419,-27.1567896764514));
#8357=CARTESIAN_POINT('Ctrl Pts',(-128.05800690013,-11.3791993003419,-27.0560142872944));
#8358=CARTESIAN_POINT('Ctrl Pts',(-127.994309575224,-11.3791993003419,-26.9590200026917));
#8359=CARTESIAN_POINT('Ctrl Pts',(-127.939449464519,-11.3791993003419,-26.8635878637221));
#8360=CARTESIAN_POINT('Ctrl Pts',(-127.879585583827,-11.3791993003419,-26.6794795189033));
#8361=CARTESIAN_POINT('Ctrl Pts',(-127.857882152257,-11.3791993003419,-26.5299363265661));
#8362=CARTESIAN_POINT('Ctrl Pts',(-127.85605873235,-11.3791993003419,-26.4670548686703));
#8363=CARTESIAN_POINT('Ctrl Pts',(-127.856051972629,-11.3791993003419,-26.4400114770346));
#8364=CARTESIAN_POINT('Ctrl Pts',(-128.905849209661,-11.8970004905834,-27.2384525917021));
#8365=CARTESIAN_POINT('Ctrl Pts',(-128.885456845375,-11.8970004905834,-27.2384474205875));
#8366=CARTESIAN_POINT('Ctrl Pts',(-128.838086965814,-11.8970004905834,-27.2370462298207));
#8367=CARTESIAN_POINT('Ctrl Pts',(-128.725662352475,-11.8970004905834,-27.2206853522499));
#8368=CARTESIAN_POINT('Ctrl Pts',(-128.586485677909,-11.8970004905834,-27.1753480915777));
#8369=CARTESIAN_POINT('Ctrl Pts',(-128.519031540997,-11.8970004905834,-27.136282014861));
#8370=CARTESIAN_POINT('Ctrl Pts',(-128.47180624737,-11.8970004905834,-27.1058468819075));
#8371=CARTESIAN_POINT('Ctrl Pts',(-128.45393243586,-11.8970004905834,-27.0936998637636));
#8372=CARTESIAN_POINT('Ctrl Pts',(-128.390652544003,-11.8970004905834,-27.0479088572114));
#8373=CARTESIAN_POINT('Ctrl Pts',(-128.323136294983,-11.8970004905834,-26.9836648695515));
#8374=CARTESIAN_POINT('Ctrl Pts',(-128.261153630006,-11.8970004905834,-26.9061862399527));
#8375=CARTESIAN_POINT('Ctrl Pts',(-128.212553409555,-11.8970004905834,-26.832243168219));
#8376=CARTESIAN_POINT('Ctrl Pts',(-128.170402450237,-11.8970004905834,-26.7591647446013));
#8377=CARTESIAN_POINT('Ctrl Pts',(-128.12511705566,-11.8970004905834,-26.6201652304018));
#8378=CARTESIAN_POINT('Ctrl Pts',(-128.108750159316,-11.8970004905834,-26.5077029436694));
#8379=CARTESIAN_POINT('Ctrl Pts',(-128.107352460743,-11.8970004905834,-26.4603411476893));
#8380=CARTESIAN_POINT('Ctrl Pts',(-128.107347363471,-11.8970004905834,-26.4399486636558));
#8381=CARTESIAN_POINT('Ctrl Pts',(-128.905982163435,-12.08,-26.7141474825088));
#8382=CARTESIAN_POINT('Ctrl Pts',(-128.899243162563,-12.08,-26.7141457736268));
#8383=CARTESIAN_POINT('Ctrl Pts',(-128.883793296389,-12.08,-26.7136754423295));
#8384=CARTESIAN_POINT('Ctrl Pts',(-128.847612890021,-12.08,-26.7084137884939));
#8385=CARTESIAN_POINT('Ctrl Pts',(-128.80164569058,-12.08,-26.6935233301133));
#8386=CARTESIAN_POINT('Ctrl Pts',(-128.777729832324,-12.08,-26.6798410473994));
#8387=CARTESIAN_POINT('Ctrl Pts',(-128.760922730185,-12.08,-26.6689972430497));
#8388=CARTESIAN_POINT('Ctrl Pts',(-128.754521709612,-12.08,-26.664648933152));
#8389=CARTESIAN_POINT('Ctrl Pts',(-128.731725759967,-12.08,-26.6481552236455));
#8390=CARTESIAN_POINT('Ctrl Pts',(-128.70686828488,-12.08,-26.6245661416547));
#8391=CARTESIAN_POINT('Ctrl Pts',(-128.684379516204,-12.08,-26.5963686645934));
#8392=CARTESIAN_POINT('Ctrl Pts',(-128.667020958025,-12.08,-26.5699962198737));
#8393=CARTESIAN_POINT('Ctrl Pts',(-128.652261284479,-12.08,-26.5441088751362));
#8394=CARTESIAN_POINT('Ctrl Pts',(-128.637386960315,-12.08,-26.4981957988783));
#8395=CARTESIAN_POINT('Ctrl Pts',(-128.632123408772,-12.08,-26.4620040338657));
#8396=CARTESIAN_POINT('Ctrl Pts',(-128.631654157621,-12.08,-26.4465566459466));
#8397=CARTESIAN_POINT('Ctrl Pts',(-128.631652473143,-12.08,-26.4398176092207));
#8398=CARTESIAN_POINT('Ctrl Pts',(-128.906039066859,-12.08,-26.4897480144672));
#8399=CARTESIAN_POINT('Ctrl Pts',(-128.905135044473,-12.08,-26.4897477852244));
#8400=CARTESIAN_POINT('Ctrl Pts',(-128.903328918915,-12.08,-26.4896774918199));
#8401=CARTESIAN_POINT('Ctrl Pts',(-128.899738183557,-12.08,-26.4891647758262));
#8402=CARTESIAN_POINT('Ctrl Pts',(-128.893626162005,-12.08,-26.4873068602868));
#8403=CARTESIAN_POINT('Ctrl Pts',(-128.888361056069,-12.08,-26.4845166941586));
#8404=CARTESIAN_POINT('Ctrl Pts',(-128.884563766412,-12.08,-26.4820556652031));
#8405=CARTESIAN_POINT('Ctrl Pts',(-128.88306715076,-12.08,-26.4810415835162));
#8406=CARTESIAN_POINT('Ctrl Pts',(-128.877582478026,-12.08,-26.4770783564932));
#8407=CARTESIAN_POINT('Ctrl Pts',(-128.871047307179,-12.08,-26.4709551988835));
#8408=CARTESIAN_POINT('Ctrl Pts',(-128.865493777414,-12.08,-26.4638757078315));
#8409=CARTESIAN_POINT('Ctrl Pts',(-128.8614965768,-12.08,-26.4578430676918));
#8410=CARTESIAN_POINT('Ctrl Pts',(-128.858493857525,-12.08,-26.452174458286));
#8411=CARTESIAN_POINT('Ctrl Pts',(-128.856635074344,-12.08,-26.4460622433133));
#8412=CARTESIAN_POINT('Ctrl Pts',(-128.856122501623,-12.08,-26.4424716744385));
#8413=CARTESIAN_POINT('Ctrl Pts',(-128.856052167357,-12.08,-26.4406655410896));
#8414=CARTESIAN_POINT('Ctrl Pts',(-128.856051941389,-12.08,-26.4397615187021));
#8415=CARTESIAN_POINT('',(-128.856051941389,-12.08,-26.4397615187021));
#8416=CARTESIAN_POINT('Ctrl Pts',(-128.905785494267,-12.08,-26.4897470247538));
#8417=CARTESIAN_POINT('Ctrl Pts',(-128.904966181331,-12.08,-26.4897408055266));
#8418=CARTESIAN_POINT('Ctrl Pts',(-128.903244978558,-12.08,-26.4896655060958));
#8419=CARTESIAN_POINT('Ctrl Pts',(-128.899738183557,-12.08,-26.4891647758262));
#8420=CARTESIAN_POINT('Ctrl Pts',(-128.893626162005,-12.08,-26.4873068602868));
#8421=CARTESIAN_POINT('Ctrl Pts',(-128.888361056069,-12.08,-26.4845166941586));
#8422=CARTESIAN_POINT('Ctrl Pts',(-128.884563766412,-12.08,-26.4820556652031));
#8423=CARTESIAN_POINT('Ctrl Pts',(-128.88306715076,-12.08,-26.4810415835162));
#8424=CARTESIAN_POINT('Ctrl Pts',(-128.877582478026,-12.08,-26.4770783564932));
#8425=CARTESIAN_POINT('Ctrl Pts',(-128.871047307179,-12.08,-26.4709551988835));
#8426=CARTESIAN_POINT('Ctrl Pts',(-128.865493777414,-12.08,-26.4638757078315));
#8427=CARTESIAN_POINT('Ctrl Pts',(-128.8614965768,-12.08,-26.4578430676918));
#8428=CARTESIAN_POINT('Ctrl Pts',(-128.858493857525,-12.08,-26.452174458286));
#8429=CARTESIAN_POINT('Ctrl Pts',(-128.856635074344,-12.08,-26.4460622433133));
#8430=CARTESIAN_POINT('Ctrl Pts',(-128.856122501623,-12.08,-26.4424716744385));
#8431=CARTESIAN_POINT('Ctrl Pts',(-128.856052167357,-12.08,-26.4406655410896));
#8432=CARTESIAN_POINT('Ctrl Pts',(-128.856051941389,-12.08,-26.4397615187021));
#8433=CARTESIAN_POINT('',(-127.856051972629,-11.08,-26.4400114770346));
#8434=CARTESIAN_POINT('Origin',(-128.856051941389,-11.08,-26.4397615187021));
#8435=CARTESIAN_POINT('Ctrl Pts',(-127.856051972629,-11.08,-26.4400114770346));
#8436=CARTESIAN_POINT('Ctrl Pts',(-127.856058711536,-11.08,-26.4669715974733));
#8437=CARTESIAN_POINT('Ctrl Pts',(-127.857897144804,-11.08,-26.5296791130599));
#8438=CARTESIAN_POINT('Ctrl Pts',(-127.879589058918,-11.08,-26.6788133836798));
#8439=CARTESIAN_POINT('Ctrl Pts',(-127.939450840711,-11.08,-26.862537584919));
#8440=CARTESIAN_POINT('Ctrl Pts',(-127.994637507488,-11.08,-26.9581758107253));
#8441=CARTESIAN_POINT('Ctrl Pts',(-128.058238865009,-11.08,-27.0549746208899));
#8442=CARTESIAN_POINT('Ctrl Pts',(-128.139062226159,-11.08,-27.1560018246292));
#8443=CARTESIAN_POINT('Ctrl Pts',(-128.226846463503,-11.08,-27.2395498791335));
#8444=CARTESIAN_POINT('Ctrl Pts',(-128.309573013169,-11.08,-27.2994065163657));
#8445=CARTESIAN_POINT('Ctrl Pts',(-128.332961852673,-11.08,-27.3153012403581));
#8446=CARTESIAN_POINT('Ctrl Pts',(-128.394791132318,-11.08,-27.3551323995636));
#8447=CARTESIAN_POINT('Ctrl Pts',(-128.483067006394,-11.08,-27.4062875598652));
#8448=CARTESIAN_POINT('Ctrl Pts',(-128.66702277124,-11.08,-27.466213624571));
#8449=CARTESIAN_POINT('Ctrl Pts',(-128.816107479605,-11.08,-27.4878983085938));
#8450=CARTESIAN_POINT('Ctrl Pts',(-128.878825525607,-11.08,-27.4897411457839));
#8451=CARTESIAN_POINT('Ctrl Pts',(-128.905785485943,-11.08,-27.4897479823156));
#8452=CARTESIAN_POINT('Origin',(-128.856051717432,-11.08,-4.9015688256594));
#8453=CARTESIAN_POINT('',(-128.856051967295,-12.08,-25.9898789752021));
#8454=CARTESIAN_POINT('',(-127.856051967295,-11.08,-25.9898789870505));
#8455=CARTESIAN_POINT('Origin',(-128.856051967295,-11.08,-25.9898789752021));
#8456=CARTESIAN_POINT('',(-127.856051717432,-11.08,-4.90156883750782));
#8457=CARTESIAN_POINT('',(-128.856051717432,-12.08,-4.9015688256594));
#8458=CARTESIAN_POINT('Origin',(-126.856051967295,-11.08,-25.9898789988989));
#8459=CARTESIAN_POINT('',(-126.856051969496,-12.08,-23.9898789988989));
#8460=CARTESIAN_POINT('',(-126.856051968395,-11.08,-24.9898789988989));
#8461=CARTESIAN_POINT('Origin',(-126.856051969496,-11.08,-23.9898789988989));
#8462=CARTESIAN_POINT('Origin',(-126.856051967295,-11.08,-25.9898789988989));
#8463=CARTESIAN_POINT('Origin',(-126.856051967295,-12.08,-25.9898789988989));
#8464=CARTESIAN_POINT('Origin',(-141.693549492825,-11.08,-23.9898790152223));
#8465=CARTESIAN_POINT('',(-109.905832570749,-12.08,-23.9898789802513));
#8466=CARTESIAN_POINT('',(-109.905832569649,-11.08,-24.9898789802513));
#8467=CARTESIAN_POINT('Origin',(-109.905832570749,-11.08,-23.9898789802513));
#8468=CARTESIAN_POINT('',(-141.693549491724,-11.08,-24.9898790152223));
#8469=CARTESIAN_POINT('',(-141.693549492825,-12.08,-23.9898790152223));
#8470=CARTESIAN_POINT('Ctrl Pts',(-109.905832569649,-11.08,-24.9898789802513));
#8471=CARTESIAN_POINT('Ctrl Pts',(-109.878846980788,-11.08,-24.98987174881));
#8472=CARTESIAN_POINT('Ctrl Pts',(-109.816096611279,-11.08,-24.988059455565));
#8473=CARTESIAN_POINT('Ctrl Pts',(-109.666491976087,-11.08,-24.9662833762134));
#8474=CARTESIAN_POINT('Ctrl Pts',(-109.483758850059,-11.08,-24.9066338568884));
#8475=CARTESIAN_POINT('Ctrl Pts',(-109.289151915869,-11.08,-24.7961722026372));
#8476=CARTESIAN_POINT('Ctrl Pts',(-109.145400456228,-11.08,-24.6696519371712));
#8477=CARTESIAN_POINT('Ctrl Pts',(-109.034595493613,-11.08,-24.525507640193));
#8478=CARTESIAN_POINT('Ctrl Pts',(-108.970850443364,-11.08,-24.4161036301614));
#8479=CARTESIAN_POINT('Ctrl Pts',(-108.922885973189,-11.08,-24.3117604430887));
#8480=CARTESIAN_POINT('Ctrl Pts',(-108.879574952235,-11.08,-24.1786036761096));
#8481=CARTESIAN_POINT('Ctrl Pts',(-108.857930764272,-11.08,-24.029586274944));
#8482=CARTESIAN_POINT('Ctrl Pts',(-108.856111721,-11.08,-23.9667022774224));
#8483=CARTESIAN_POINT('Ctrl Pts',(-108.856115957074,-11.08,-23.9396992426597));
#8484=CARTESIAN_POINT('Ctrl Pts',(-109.905832569649,-11.3791993003419,-24.9898789802513));
#8485=CARTESIAN_POINT('Ctrl Pts',(-109.878763629121,-11.3791993003419,-24.9898717264739));
#8486=CARTESIAN_POINT('Ctrl Pts',(-109.815840873112,-11.3791993003419,-24.9880762340884));
#8487=CARTESIAN_POINT('Ctrl Pts',(-109.665812404902,-11.3791993003419,-24.9662749945779));
#8488=CARTESIAN_POINT('Ctrl Pts',(-109.482746232993,-11.3791993003419,-24.9066721145489));
#8489=CARTESIAN_POINT('Ctrl Pts',(-109.288176209055,-11.3791993003418,-24.7964992937415));
#8490=CARTESIAN_POINT('Ctrl Pts',(-109.145448130139,-11.3791993003419,-24.6710537773164));
#8491=CARTESIAN_POINT('Ctrl Pts',(-109.034685106408,-11.3791993003419,-24.5268530030091));
#8492=CARTESIAN_POINT('Ctrl Pts',(-108.970844602123,-11.3791993003419,-24.41721626011));
#8493=CARTESIAN_POINT('Ctrl Pts',(-108.922880609991,-11.3791993003419,-24.3127023421342));
#8494=CARTESIAN_POINT('Ctrl Pts',(-108.879597439771,-11.3791993003419,-24.179296310005));
#8495=CARTESIAN_POINT('Ctrl Pts',(-108.857906252075,-11.3791993003419,-24.0298347257048));
#8496=CARTESIAN_POINT('Ctrl Pts',(-108.856111707916,-11.3791993003419,-23.966785684844));
#8497=CARTESIAN_POINT('Ctrl Pts',(-108.856115957074,-11.3791993003419,-23.9396992426597));
#8498=CARTESIAN_POINT('Ctrl Pts',(-109.905899908181,-11.8970101008402,-24.7385916000694));
#8499=CARTESIAN_POINT('Ctrl Pts',(-109.885488302448,-11.8970101008402,-24.7385861302859));
#8500=CARTESIAN_POINT('Ctrl Pts',(-109.838093835903,-11.8970101008402,-24.737207556549));
#8501=CARTESIAN_POINT('Ctrl Pts',(-109.725282513127,-11.8970101008402,-24.7207802783329));
#8502=CARTESIAN_POINT('Ctrl Pts',(-109.587011832013,-11.8970101008402,-24.6756418148045));
#8503=CARTESIAN_POINT('Ctrl Pts',(-109.438448239125,-11.8970101008402,-24.5913516529582));
#8504=CARTESIAN_POINT('Ctrl Pts',(-109.327858129955,-11.8970101008403,-24.4939736228139));
#8505=CARTESIAN_POINT('Ctrl Pts',(-109.242972074914,-11.8970101008402,-24.3835368260958));
#8506=CARTESIAN_POINT('Ctrl Pts',(-109.194353544136,-11.8970101008402,-24.300095133973));
#8507=CARTESIAN_POINT('Ctrl Pts',(-109.157875387649,-11.8970101008402,-24.2207602908607));
#8508=CARTESIAN_POINT('Ctrl Pts',(-109.125108349632,-11.8970101008402,-24.1200263374401));
#8509=CARTESIAN_POINT('Ctrl Pts',(-109.108785448044,-11.8970101008403,-24.0076596108841));
#8510=CARTESIAN_POINT('Ctrl Pts',(-109.107400139089,-11.8970101008402,-23.9601633173838));
#8511=CARTESIAN_POINT('Ctrl Pts',(-109.107403343186,-11.8970101008402,-23.9397386631153));
#8512=CARTESIAN_POINT('Ctrl Pts',(-109.906040410562,-12.08,-24.2142784833557));
#8513=CARTESIAN_POINT('Ctrl Pts',(-109.899295446328,-12.08,-24.2142766758794));
#8514=CARTESIAN_POINT('Ctrl Pts',(-109.883837729315,-12.08,-24.2138131449982));
#8515=CARTESIAN_POINT('Ctrl Pts',(-109.847541566469,-12.08,-24.2085310820847));
#8516=CARTESIAN_POINT('Ctrl Pts',(-109.801842240458,-12.08,-24.1936980441403));
#8517=CARTESIAN_POINT('Ctrl Pts',(-109.749370598325,-12.08,-24.1641882632943));
#8518=CARTESIAN_POINT('Ctrl Pts',(-109.708586130142,-12.08,-24.1282607890055));
#8519=CARTESIAN_POINT('Ctrl Pts',(-109.677805252994,-12.08,-24.0881210626405));
#8520=CARTESIAN_POINT('Ctrl Pts',(-109.660691035116,-12.08,-24.0587102700714));
#8521=CARTESIAN_POINT('Ctrl Pts',(-109.64817945038,-12.08,-24.0314530650433));
#8522=CARTESIAN_POINT('Ctrl Pts',(-109.637429232237,-12.08,-23.9982199642597));
#8523=CARTESIAN_POINT('Ctrl Pts',(-109.632181028361,-12.08,-23.9620585688442));
#8524=CARTESIAN_POINT('Ctrl Pts',(-109.631715413552,-12.08,-23.9465697853029));
#8525=CARTESIAN_POINT('Ctrl Pts',(-109.631716472274,-12.08,-23.9398209142095));
#8526=CARTESIAN_POINT('Ctrl Pts',(-109.906100543827,-12.08,-23.9898790161564));
#8527=CARTESIAN_POINT('Ctrl Pts',(-109.905196232676,-12.08,-23.9898787738243));
#8528=CARTESIAN_POINT('Ctrl Pts',(-109.903389468547,-12.08,-23.9898085829352));
#8529=CARTESIAN_POINT('Ctrl Pts',(-109.899797623234,-12.08,-23.989293967589));
#8530=CARTESIAN_POINT('Ctrl Pts',(-109.893683722784,-12.08,-23.9874360288992));
#8531=CARTESIAN_POINT('Ctrl Pts',(-109.882341999238,-12.08,-23.9814010176009));
#8532=CARTESIAN_POINT('Ctrl Pts',(-109.871537821323,-12.08,-23.9718831991643));
#8533=CARTESIAN_POINT('Ctrl Pts',(-109.863917560975,-12.08,-23.9618239825274));
#8534=CARTESIAN_POINT('Ctrl Pts',(-109.860277062811,-12.08,-23.9555140100471));
#8535=CARTESIAN_POINT('Ctrl Pts',(-109.858022920273,-12.08,-23.9505279755289));
#8536=CARTESIAN_POINT('Ctrl Pts',(-109.856698465886,-12.08,-23.9461589808729));
#8537=CARTESIAN_POINT('Ctrl Pts',(-109.856185302088,-12.08,-23.9425672251656));
#8538=CARTESIAN_POINT('Ctrl Pts',(-109.856115802906,-12.08,-23.9407604278235));
#8539=CARTESIAN_POINT('Ctrl Pts',(-109.856115944769,-12.08,-23.9398561166508));
#8540=CARTESIAN_POINT('',(-109.856115944769,-12.08,-23.9398561166508));
#8541=CARTESIAN_POINT('Ctrl Pts',(-109.905832559196,-12.08,-23.989877912372));
#8542=CARTESIAN_POINT('Ctrl Pts',(-109.905017766998,-12.08,-23.9898713830429));
#8543=CARTESIAN_POINT('Ctrl Pts',(-109.903300758002,-12.08,-23.9897958730873));
#8544=CARTESIAN_POINT('Ctrl Pts',(-109.899797623234,-12.08,-23.989293967589));
#8545=CARTESIAN_POINT('Ctrl Pts',(-109.893683722784,-12.08,-23.9874360288992));
#8546=CARTESIAN_POINT('Ctrl Pts',(-109.882341999238,-12.08,-23.9814010176009));
#8547=CARTESIAN_POINT('Ctrl Pts',(-109.871537821323,-12.08,-23.9718831991643));
#8548=CARTESIAN_POINT('Ctrl Pts',(-109.863917560975,-12.08,-23.9618239825274));
#8549=CARTESIAN_POINT('Ctrl Pts',(-109.860277062811,-12.08,-23.9555140100471));
#8550=CARTESIAN_POINT('Ctrl Pts',(-109.858022920273,-12.08,-23.9505279755289));
#8551=CARTESIAN_POINT('Ctrl Pts',(-109.856698465886,-12.08,-23.9461589808729));
#8552=CARTESIAN_POINT('Ctrl Pts',(-109.856185302088,-12.08,-23.9425672251656));
#8553=CARTESIAN_POINT('Ctrl Pts',(-109.856115802906,-12.08,-23.9407604278235));
#8554=CARTESIAN_POINT('Ctrl Pts',(-109.856115944769,-12.08,-23.9398561166508));
#8555=CARTESIAN_POINT('',(-108.856115957074,-11.08,-23.9396992426597));
#8556=CARTESIAN_POINT('Origin',(-109.856115944769,-11.08,-23.9398561166508));
#8557=CARTESIAN_POINT('Ctrl Pts',(-108.856115957074,-11.08,-23.9396992426597));
#8558=CARTESIAN_POINT('Ctrl Pts',(-108.856111721,-11.08,-23.9667022774224));
#8559=CARTESIAN_POINT('Ctrl Pts',(-108.857930764272,-11.08,-24.029586274944));
#8560=CARTESIAN_POINT('Ctrl Pts',(-108.879574952235,-11.08,-24.1786036761096));
#8561=CARTESIAN_POINT('Ctrl Pts',(-108.922885973189,-11.08,-24.3117604430887));
#8562=CARTESIAN_POINT('Ctrl Pts',(-108.970850443364,-11.08,-24.4161036301614));
#8563=CARTESIAN_POINT('Ctrl Pts',(-109.034595493613,-11.08,-24.525507640193));
#8564=CARTESIAN_POINT('Ctrl Pts',(-109.145400456228,-11.08,-24.6696519371712));
#8565=CARTESIAN_POINT('Ctrl Pts',(-109.289151915869,-11.08,-24.7961722026372));
#8566=CARTESIAN_POINT('Ctrl Pts',(-109.483758850059,-11.08,-24.9066338568884));
#8567=CARTESIAN_POINT('Ctrl Pts',(-109.666491976087,-11.08,-24.9662833762134));
#8568=CARTESIAN_POINT('Ctrl Pts',(-109.816096611279,-11.08,-24.988059455565));
#8569=CARTESIAN_POINT('Ctrl Pts',(-109.878846980788,-11.08,-24.98987174881));
#8570=CARTESIAN_POINT('Ctrl Pts',(-109.905832569649,-11.08,-24.9898789802513));
#8571=CARTESIAN_POINT('Origin',(-109.856116166169,-11.08,-3.65141232428706));
#8572=CARTESIAN_POINT('',(-109.856115957524,-12.08,-23.739699019986));
#8573=CARTESIAN_POINT('',(-108.856115957524,-11.08,-23.7396990095996));
#8574=CARTESIAN_POINT('Origin',(-109.856115957524,-11.08,-23.739699019986));
#8575=CARTESIAN_POINT('',(-108.856116166169,-11.08,-3.65141231390069));
#8576=CARTESIAN_POINT('',(-109.856116166169,-12.08,-3.65141232428706));
#8577=CARTESIAN_POINT('Origin',(-107.856115957524,-11.08,-23.7396989992132));
#8578=CARTESIAN_POINT('',(-107.856115959021,-12.08,-21.7396989992132));
#8579=CARTESIAN_POINT('',(-107.856115958273,-11.08,-22.7396989992132));
#8580=CARTESIAN_POINT('Origin',(-107.856115959021,-11.08,-21.7396989992132));
#8581=CARTESIAN_POINT('Origin',(-107.856115957524,-11.08,-23.7396989992132));
#8582=CARTESIAN_POINT('Origin',(-107.856115957524,-12.08,-23.7396989992132));
#8583=CARTESIAN_POINT('Origin',(-132.193581506867,-11.08,-21.7396990174283));
#8584=CARTESIAN_POINT('',(-93.2193667673692,-11.08,-22.7396989882586));
#8585=CARTESIAN_POINT('',(-95.1558584405713,-11.5799999999989,-22.6057243934929));
#8586=CARTESIAN_POINT('Ctrl Pts',(-93.2193667673692,-11.08,-22.7396989882585));
#8587=CARTESIAN_POINT('Ctrl Pts',(-93.3785849196002,-11.1680927502862,-22.7396989883777));
#8588=CARTESIAN_POINT('Ctrl Pts',(-93.546044897448,-11.2464659309143,-22.7281253450799));
#8589=CARTESIAN_POINT('Ctrl Pts',(-94.1772455798449,-11.4893552201759,-22.6698996797126));
#8590=CARTESIAN_POINT('Ctrl Pts',(-94.6772402080143,-11.5799999999989,-22.6057243931347));
#8591=CARTESIAN_POINT('Ctrl Pts',(-95.1558584405713,-11.5799999999989,-22.6057243934929));
#8592=CARTESIAN_POINT('',(-102.856115968011,-11.5799999999985,-22.6057243992563));
#8593=CARTESIAN_POINT('',(-132.193581506219,-11.5799999999985,-22.6057244212136));
#8594=CARTESIAN_POINT('',(-104.792607641012,-11.08,-22.7396989969204));
#8595=CARTESIAN_POINT('Ctrl Pts',(-102.856115968011,-11.5799999999988,-22.6057243992561));
#8596=CARTESIAN_POINT('Ctrl Pts',(-103.334734200568,-11.5799999999988,-22.6057243996144));
#8597=CARTESIAN_POINT('Ctrl Pts',(-103.834728828641,-11.4893552201758,-22.6698996869407));
#8598=CARTESIAN_POINT('Ctrl Pts',(-104.465929510951,-11.2464659309142,-22.7281253532528));
#8599=CARTESIAN_POINT('Ctrl Pts',(-104.633389488781,-11.1680927502862,-22.7396989968012));
#8600=CARTESIAN_POINT('Ctrl Pts',(-104.792607641012,-11.08,-22.7396989969204));
#8601=CARTESIAN_POINT('',(-132.193581506118,-11.08,-22.7396990174283));
#8602=CARTESIAN_POINT('',(-89.1558584412194,-12.08,-21.7396989852173));
#8603=CARTESIAN_POINT('',(-132.193581506867,-12.08,-21.7396990174283));
#8604=CARTESIAN_POINT('',(-89.1558584404709,-11.08,-22.7396989852173));
#8605=CARTESIAN_POINT('Origin',(-89.1558584412194,-11.08,-21.7396989852173));
#8606=CARTESIAN_POINT('',(-132.193581506118,-11.08,-22.7396990174283));
#8607=CARTESIAN_POINT('Ctrl Pts',(-89.1558584404704,-11.08,-22.7396989852173));
#8608=CARTESIAN_POINT('Ctrl Pts',(-89.128930312217,-11.08,-22.7396927420541));
#8609=CARTESIAN_POINT('Ctrl Pts',(-89.0662910481453,-11.08,-22.7378620589475));
#8610=CARTESIAN_POINT('Ctrl Pts',(-88.9176430356436,-11.08,-22.7162960735078));
#8611=CARTESIAN_POINT('Ctrl Pts',(-88.784272066652,-11.08,-22.6729789867414));
#8612=CARTESIAN_POINT('Ctrl Pts',(-88.6798570006347,-11.08,-22.6249703689754));
#8613=CARTESIAN_POINT('Ctrl Pts',(-88.5703560795258,-11.08,-22.5611692927172));
#8614=CARTESIAN_POINT('Ctrl Pts',(-88.4261427707318,-11.08,-22.4502712903838));
#8615=CARTESIAN_POINT('Ctrl Pts',(-88.2995936187633,-11.08,-22.3063809122904));
#8616=CARTESIAN_POINT('Ctrl Pts',(-88.1891364283903,-11.08,-22.111638388423));
#8617=CARTESIAN_POINT('Ctrl Pts',(-88.1295653756608,-11.08,-21.9287313778842));
#8618=CARTESIAN_POINT('Ctrl Pts',(-88.1079097593701,-11.08,-21.7794446366498));
#8619=CARTESIAN_POINT('Ctrl Pts',(-88.1061087242268,-11.08,-21.7168754309388));
#8620=CARTESIAN_POINT('Ctrl Pts',(-88.1061029680093,-11.08,-21.6899435529781));
#8621=CARTESIAN_POINT('Ctrl Pts',(-89.1558584404704,-11.3791993003419,-22.7396989852173));
#8622=CARTESIAN_POINT('Ctrl Pts',(-89.1288471428841,-11.3791993003419,-22.7396927227717));
#8623=CARTESIAN_POINT('Ctrl Pts',(-89.066043611284,-11.3791993003419,-22.7378865043096));
#8624=CARTESIAN_POINT('Ctrl Pts',(-88.9169525892992,-11.3791993003419,-22.7162737680036));
#8625=CARTESIAN_POINT('Ctrl Pts',(-88.7833316402284,-11.3791993003419,-22.6729845142012));
#8626=CARTESIAN_POINT('Ctrl Pts',(-88.6787455798617,-11.3791993003419,-22.624976235239));
#8627=CARTESIAN_POINT('Ctrl Pts',(-88.5690115809946,-11.3791993003419,-22.5610795259757));
#8628=CARTESIAN_POINT('Ctrl Pts',(-88.4247414369472,-11.3791993003419,-22.4502231708232));
#8629=CARTESIAN_POINT('Ctrl Pts',(-88.2992662979669,-11.3791993003419,-22.3073557816995));
#8630=CARTESIAN_POINT('Ctrl Pts',(-88.1890976475428,-11.3791993003419,-22.1126497713771));
#8631=CARTESIAN_POINT('Ctrl Pts',(-88.1295733677516,-11.3791993003419,-21.929409182513));
#8632=CARTESIAN_POINT('Ctrl Pts',(-88.107892951149,-11.3791993003419,-21.7796996244991));
#8633=CARTESIAN_POINT('Ctrl Pts',(-88.1061087420053,-11.3791993003419,-21.7169586122551));
#8634=CARTESIAN_POINT('Ctrl Pts',(-88.1061029680093,-11.3791993003419,-21.6899435529781));
#8635=CARTESIAN_POINT('Ctrl Pts',(-89.1559166976545,-11.8970237837743,-22.4884230065514));
#8636=CARTESIAN_POINT('Ctrl Pts',(-89.1355481717343,-11.8970237837743,-22.488418284202));
#8637=CARTESIAN_POINT('Ctrl Pts',(-89.0882350267574,-11.8970237837743,-22.4870240403949));
#8638=CARTESIAN_POINT('Ctrl Pts',(-88.9761448832418,-11.8970237837743,-22.4707597043713));
#8639=CARTESIAN_POINT('Ctrl Pts',(-88.8752505268761,-11.8970237837743,-22.4379879387565));
#8640=CARTESIAN_POINT('Ctrl Pts',(-88.7958619076804,-11.8970237837743,-22.4014765349418));
#8641=CARTESIAN_POINT('Ctrl Pts',(-88.7123481145214,-11.8970237837743,-22.3528160983753));
#8642=CARTESIAN_POINT('Ctrl Pts',(-88.6018596678681,-11.8970237837743,-22.2678595342265));
#8643=CARTESIAN_POINT('Ctrl Pts',(-88.5044567324674,-11.8970237837743,-22.1571607078269));
#8644=CARTESIAN_POINT('Ctrl Pts',(-88.4201697992212,-11.8970237837743,-22.008494372369));
#8645=CARTESIAN_POINT('Ctrl Pts',(-88.3750903351469,-11.8970237837743,-21.8700933306623));
#8646=CARTESIAN_POINT('Ctrl Pts',(-88.3587534674867,-11.8970237837743,-21.7575200130519));
#8647=CARTESIAN_POINT('Ctrl Pts',(-88.3573833017045,-11.8970237837743,-21.7102611776227));
#8648=CARTESIAN_POINT('Ctrl Pts',(-88.3573789476892,-11.8970237837743,-21.6898898471363));
#8649=CARTESIAN_POINT('Ctrl Pts',(-89.1560382598931,-12.08,-21.9640984813188));
#8650=CARTESIAN_POINT('Ctrl Pts',(-89.149306479263,-12.08,-21.9640969205863));
#8651=CARTESIAN_POINT('Ctrl Pts',(-89.1338731444559,-12.08,-21.9636283256215));
#8652=CARTESIAN_POINT('Ctrl Pts',(-89.0977956233957,-12.08,-21.9583980901443));
#8653=CARTESIAN_POINT('Ctrl Pts',(-89.0645157302148,-12.08,-21.9476477105817));
#8654=CARTESIAN_POINT('Ctrl Pts',(-89.0372439792402,-12.08,-21.9351271526686));
#8655=CARTESIAN_POINT('Ctrl Pts',(-89.0078137101517,-12.08,-21.9180014478416));
#8656=CARTESIAN_POINT('Ctrl Pts',(-88.967662440884,-12.08,-21.8872009907107));
#8657=CARTESIAN_POINT('Ctrl Pts',(-88.9317338747612,-12.08,-21.8463865365016));
#8658=CARTESIAN_POINT('Ctrl Pts',(-88.9022314225457,-12.08,-21.7938873070459));
#8659=CARTESIAN_POINT('Ctrl Pts',(-88.8874193925951,-12.08,-21.7481506627774));
#8660=CARTESIAN_POINT('Ctrl Pts',(-88.8821657224628,-12.08,-21.7119268978809));
#8661=CARTESIAN_POINT('Ctrl Pts',(-88.8817049140173,-12.08,-21.6965104022916));
#8662=CARTESIAN_POINT('Ctrl Pts',(-88.8817034750376,-12.08,-21.6897777819475));
#8663=CARTESIAN_POINT('Ctrl Pts',(-89.1560902858817,-12.08,-21.7396990120934));
#8664=CARTESIAN_POINT('Ctrl Pts',(-89.1551863817214,-12.08,-21.7396988025274));
#8665=CARTESIAN_POINT('Ctrl Pts',(-89.1533804122638,-12.08,-21.7396288222556));
#8666=CARTESIAN_POINT('Ctrl Pts',(-89.1497901422525,-12.08,-21.7391162457947));
#8667=CARTESIAN_POINT('Ctrl Pts',(-89.1454226583424,-12.08,-21.7377933349776));
#8668=CARTESIAN_POINT('Ctrl Pts',(-89.1404386168756,-12.08,-21.735540370262));
#8669=CARTESIAN_POINT('Ctrl Pts',(-89.1341315076453,-12.08,-21.7319012382035));
#8670=CARTESIAN_POINT('Ctrl Pts',(-89.1240773089308,-12.08,-21.7242825974827));
#8671=CARTESIAN_POINT('Ctrl Pts',(-89.1145663040034,-12.08,-21.713479877706));
#8672=CARTESIAN_POINT('Ctrl Pts',(-89.1085393958243,-12.08,-21.7021417409938));
#8673=CARTESIAN_POINT('Ctrl Pts',(-89.1066858657523,-12.08,-21.6960299355145));
#8674=CARTESIAN_POINT('Ctrl Pts',(-89.1061730717289,-12.08,-21.692439648575));
#8675=CARTESIAN_POINT('Ctrl Pts',(-89.1061031383622,-12.08,-21.6906337246531));
#8676=CARTESIAN_POINT('Ctrl Pts',(-89.1061029451686,-12.08,-21.6897298204891));
#8677=CARTESIAN_POINT('',(-89.1061029451686,-12.08,-21.6897298204891));
#8678=CARTESIAN_POINT('Ctrl Pts',(-89.1558584467945,-12.08,-21.7396981881408));
#8679=CARTESIAN_POINT('Ctrl Pts',(-89.1550319851718,-12.08,-21.7396924784673));
#8680=CARTESIAN_POINT('Ctrl Pts',(-89.1533036672786,-12.08,-21.7396178655106));
#8681=CARTESIAN_POINT('Ctrl Pts',(-89.1497901422525,-12.08,-21.7391162457947));
#8682=CARTESIAN_POINT('Ctrl Pts',(-89.1454226583424,-12.08,-21.7377933349776));
#8683=CARTESIAN_POINT('Ctrl Pts',(-89.1404386168756,-12.08,-21.735540370262));
#8684=CARTESIAN_POINT('Ctrl Pts',(-89.1341315076453,-12.08,-21.7319012382035));
#8685=CARTESIAN_POINT('Ctrl Pts',(-89.1240773089308,-12.08,-21.7242825974827));
#8686=CARTESIAN_POINT('Ctrl Pts',(-89.1145663040034,-12.08,-21.713479877706));
#8687=CARTESIAN_POINT('Ctrl Pts',(-89.1085393958243,-12.08,-21.7021417409938));
#8688=CARTESIAN_POINT('Ctrl Pts',(-89.1066858657523,-12.08,-21.6960299355145));
#8689=CARTESIAN_POINT('Ctrl Pts',(-89.1061730717289,-12.08,-21.692439648575));
#8690=CARTESIAN_POINT('Ctrl Pts',(-89.1061031383622,-12.08,-21.6906337246531));
#8691=CARTESIAN_POINT('Ctrl Pts',(-89.1061029451686,-12.08,-21.6897298204891));
#8692=CARTESIAN_POINT('Origin',(-89.1061029451686,-11.08,-21.6897298204891));
#8693=CARTESIAN_POINT('Ctrl Pts',(-88.1061029680093,-11.08,-21.6899435529781));
#8694=CARTESIAN_POINT('Ctrl Pts',(-88.1061087242268,-11.08,-21.7168754309388));
#8695=CARTESIAN_POINT('Ctrl Pts',(-88.1079097593701,-11.08,-21.7794446366498));
#8696=CARTESIAN_POINT('Ctrl Pts',(-88.1295653756608,-11.08,-21.9287313778842));
#8697=CARTESIAN_POINT('Ctrl Pts',(-88.1891364283903,-11.08,-22.111638388423));
#8698=CARTESIAN_POINT('Ctrl Pts',(-88.2995936187633,-11.08,-22.3063809122904));
#8699=CARTESIAN_POINT('Ctrl Pts',(-88.4261427707318,-11.08,-22.4502712903838));
#8700=CARTESIAN_POINT('Ctrl Pts',(-88.5703560795258,-11.08,-22.5611692927172));
#8701=CARTESIAN_POINT('Ctrl Pts',(-88.6798570006347,-11.08,-22.6249703689754));
#8702=CARTESIAN_POINT('Ctrl Pts',(-88.784272066652,-11.08,-22.6729789867414));
#8703=CARTESIAN_POINT('Ctrl Pts',(-88.9176430356436,-11.08,-22.7162960735078));
#8704=CARTESIAN_POINT('Ctrl Pts',(-89.0662910481453,-11.08,-22.7378620589475));
#8705=CARTESIAN_POINT('Ctrl Pts',(-89.128930312217,-11.08,-22.7396927420541));
#8706=CARTESIAN_POINT('Ctrl Pts',(-89.1558584404704,-11.08,-22.7396989852173));
#8707=CARTESIAN_POINT('Origin',(-89.1061034059438,-11.08,-2.52653396390586));
#8708=CARTESIAN_POINT('',(-88.2400786634844,-11.58,26.4121443520023));
#8709=CARTESIAN_POINT('Ctrl Pts',(-88.1061041115228,-11.08,28.3486360281677));
#8710=CARTESIAN_POINT('Ctrl Pts',(-88.1061041078842,-11.1680927502866,28.1894178759362));
#8711=CARTESIAN_POINT('Ctrl Pts',(-88.1176777474805,-11.246465930915,28.0219578978321));
#8712=CARTESIAN_POINT('Ctrl Pts',(-88.175903398896,-11.4893552201769,27.3907572141475));
#8713=CARTESIAN_POINT('Ctrl Pts',(-88.2400786744221,-11.58,26.8907625845594));
#8714=CARTESIAN_POINT('Ctrl Pts',(-88.2400786634844,-11.58,26.4121443520023));
#8715=CARTESIAN_POINT('',(-88.2400786177792,-11.5800000000001,24.4121443520023));
#8716=CARTESIAN_POINT('',(-88.2400780021594,-11.58,-2.5265339441149));
#8717=CARTESIAN_POINT('Ctrl Pts',(-88.2400786177791,-11.58,24.4121443520023));
#8718=CARTESIAN_POINT('Ctrl Pts',(-88.2400786068415,-11.58,23.9335261194452));
#8719=CARTESIAN_POINT('Ctrl Pts',(-88.1759033084629,-11.4893552201769,23.4335314927902));
#8720=CARTESIAN_POINT('Ctrl Pts',(-88.1176776281983,-11.246465930915,22.8023308117668));
#8721=CARTESIAN_POINT('Ctrl Pts',(-88.1061039809482,-11.1680927502866,22.6348708341917));
#8722=CARTESIAN_POINT('Ctrl Pts',(-88.1061039773097,-11.08,22.4756526819603));
#8723=CARTESIAN_POINT('',(-89.1061034059438,-12.08,-2.52653396390586));
#8724=CARTESIAN_POINT('Origin',(-92.824570778104,-11.08,44.5915362668628));
#8725=CARTESIAN_POINT('',(-102.48988849685,-12.08,61.3518274362448));
#8726=CARTESIAN_POINT('',(-92.824570778104,-12.08,44.5915362668628));
#8727=CARTESIAN_POINT('Ctrl Pts',(-102.489888496849,-12.08,61.3518274362442));
#8728=CARTESIAN_POINT('Ctrl Pts',(-102.488541617126,-12.08,61.352682534114));
#8729=CARTESIAN_POINT('Ctrl Pts',(-102.487194692751,-12.0799961889992,61.3535375574855));
#8730=CARTESIAN_POINT('Ctrl Pts',(-102.423163939229,-12.0796338583697,61.3941792285993));
#8731=CARTESIAN_POINT('Ctrl Pts',(-102.360608285473,-12.0710266311411,61.4336648082022));
#8732=CARTESIAN_POINT('Ctrl Pts',(-102.238138882009,-12.0376184621219,61.5106723118509));
#8733=CARTESIAN_POINT('Ctrl Pts',(-102.178604406303,-12.0129242823206,61.5479557697922));
#8734=CARTESIAN_POINT('Ctrl Pts',(-102.084110463253,-11.9592172163046,61.6069734381117));
#8735=CARTESIAN_POINT('Ctrl Pts',(-102.047720941766,-11.9344708136297,61.6296825506211));
#8736=CARTESIAN_POINT('Ctrl Pts',(-101.967463692365,-11.8701064295932,61.6797864664052));
#8737=CARTESIAN_POINT('Ctrl Pts',(-101.925019087576,-11.8284122237592,61.7062842709161));
#8738=CARTESIAN_POINT('Ctrl Pts',(-101.808740986196,-11.6894960834755,61.7788756971385));
#8739=CARTESIAN_POINT('Ctrl Pts',(-101.747263831475,-11.5798668715018,61.8172553601073));
#8740=CARTESIAN_POINT('Ctrl Pts',(-101.66343267236,-11.3390315977831,61.8695904372188));
#8741=CARTESIAN_POINT('Ctrl Pts',(-101.641869571349,-11.210140179939,61.8830520971271));
#8742=CARTESIAN_POINT('Ctrl Pts',(-101.641869571349,-11.08,61.8830520971272));
#8743=CARTESIAN_POINT('Ctrl Pts',(-101.641869571349,-11.08,61.8830520971271));
#8744=CARTESIAN_POINT('Ctrl Pts',(-101.645452333565,-11.08,61.8883675235884));
#8745=CARTESIAN_POINT('Ctrl Pts',(-101.649039432576,-11.08,61.8936893841692));
#8746=CARTESIAN_POINT('Ctrl Pts',(-101.812214748899,-11.08,62.1357781252207));
#8747=CARTESIAN_POINT('Ctrl Pts',(-102.257344400456,-11.08,62.5469004909983));
#8748=CARTESIAN_POINT('Ctrl Pts',(-102.945132777489,-11.08,62.755556772688));
#8749=CARTESIAN_POINT('Ctrl Pts',(-103.657915278419,-11.08,62.7485150884046));
#8750=CARTESIAN_POINT('Ctrl Pts',(-104.085591702666,-11.08,62.5910332494718));
#8751=CARTESIAN_POINT('Ctrl Pts',(-104.332142036463,-11.08,62.4285934961131));
#8752=CARTESIAN_POINT('Ctrl Pts',(-104.340337440112,-11.08,62.4231939522266));
#8753=CARTESIAN_POINT('Ctrl Pts',(-104.348532843762,-11.08,62.4177944083401));
#8754=CARTESIAN_POINT('Ctrl Pts',(-101.641869571349,-11.3791993003419,61.8830520971271));
#8755=CARTESIAN_POINT('Ctrl Pts',(-101.645452333565,-11.3791993003419,61.8883675235884));
#8756=CARTESIAN_POINT('Ctrl Pts',(-101.649039432576,-11.3791993003419,61.8936893841692));
#8757=CARTESIAN_POINT('Ctrl Pts',(-101.812214748899,-11.3791993003419,62.1357781252207));
#8758=CARTESIAN_POINT('Ctrl Pts',(-102.257344400456,-11.3791993003419,62.5469004909983));
#8759=CARTESIAN_POINT('Ctrl Pts',(-102.945132777489,-11.3791993003419,62.755556772688));
#8760=CARTESIAN_POINT('Ctrl Pts',(-103.657915278419,-11.3791993003419,62.7485150884046));
#8761=CARTESIAN_POINT('Ctrl Pts',(-104.085591702666,-11.3791993003419,62.5910332494718));
#8762=CARTESIAN_POINT('Ctrl Pts',(-104.332142036463,-11.3791993003419,62.4285934961131));
#8763=CARTESIAN_POINT('Ctrl Pts',(-104.340337440112,-11.3791993003419,62.4231939522266));
#8764=CARTESIAN_POINT('Ctrl Pts',(-104.348532843762,-11.3791993003419,62.4177944083401));
#8765=CARTESIAN_POINT('Ctrl Pts',(-101.850251658851,-11.8969966678758,61.7425961102164));
#8766=CARTESIAN_POINT('Ctrl Pts',(-101.853834421066,-11.8969966678759,61.7479115366767));
#8767=CARTESIAN_POINT('Ctrl Pts',(-101.857421520079,-11.8969966678759,61.7532333972602));
#8768=CARTESIAN_POINT('Ctrl Pts',(-102.000073093892,-11.8969966678759,61.9658211829903));
#8769=CARTESIAN_POINT('Ctrl Pts',(-102.385753264596,-11.8969966678759,62.3214215513064));
#8770=CARTESIAN_POINT('Ctrl Pts',(-102.985928665192,-11.8969966678759,62.5048193816234));
#8771=CARTESIAN_POINT('Ctrl Pts',(-103.607398205981,-11.8969966678759,62.4975877061157));
#8772=CARTESIAN_POINT('Ctrl Pts',(-103.977746764603,-11.8969966678759,62.3615780480468));
#8773=CARTESIAN_POINT('Ctrl Pts',(-104.193884274283,-11.8969966678759,62.2187464807712));
#8774=CARTESIAN_POINT('Ctrl Pts',(-104.202079677933,-11.8969966678759,62.2133469368847));
#8775=CARTESIAN_POINT('Ctrl Pts',(-104.210275081583,-11.8969966678759,62.2079473929982));
#8776=CARTESIAN_POINT('Ctrl Pts',(-102.285013887638,-12.08,61.4495528901978));
#8777=CARTESIAN_POINT('Ctrl Pts',(-102.288596649853,-12.08,61.4548683166588));
#8778=CARTESIAN_POINT('Ctrl Pts',(-102.292183748867,-12.08,61.4601901772431));
#8779=CARTESIAN_POINT('Ctrl Pts',(-102.391665720124,-12.08,61.6083647692308));
#8780=CARTESIAN_POINT('Ctrl Pts',(-102.653671362868,-12.08,61.8506075317559));
#8781=CARTESIAN_POINT('Ctrl Pts',(-103.071476289198,-12.08,61.9794634521831));
#8782=CARTESIAN_POINT('Ctrl Pts',(-103.502285219364,-12.08,61.9735235708113));
#8783=CARTESIAN_POINT('Ctrl Pts',(-103.754023849503,-12.08,61.8809436051688));
#8784=CARTESIAN_POINT('Ctrl Pts',(-103.905427365378,-12.08,61.7809278698339));
#8785=CARTESIAN_POINT('Ctrl Pts',(-103.913622769028,-12.08,61.7755283259474));
#8786=CARTESIAN_POINT('Ctrl Pts',(-103.921818172678,-12.08,61.7701287820609));
#8787=CARTESIAN_POINT('Ctrl Pts',(-102.471090666192,-12.08,61.3241313729919));
#8788=CARTESIAN_POINT('Ctrl Pts',(-102.474673428408,-12.08,61.3294467994538));
#8789=CARTESIAN_POINT('Ctrl Pts',(-102.478260527421,-12.08,61.3347686600374));
#8790=CARTESIAN_POINT('Ctrl Pts',(-102.559202673373,-12.08,61.4548553413629));
#8791=CARTESIAN_POINT('Ctrl Pts',(-102.768341160218,-12.08,61.6490315329431));
#8792=CARTESIAN_POINT('Ctrl Pts',(-103.108168785379,-12.08,61.75420937764));
#8793=CARTESIAN_POINT('Ctrl Pts',(-103.457348780549,-12.08,61.7491285470886));
#8794=CARTESIAN_POINT('Ctrl Pts',(-103.65850361578,-12.08,61.6748880224471));
#8795=CARTESIAN_POINT('Ctrl Pts',(-103.781968773976,-12.08,61.5935429699504));
#8796=CARTESIAN_POINT('Ctrl Pts',(-103.790164177626,-12.08,61.5881434260639));
#8797=CARTESIAN_POINT('Ctrl Pts',(-103.798359581276,-12.08,61.5827438821774));
#8798=CARTESIAN_POINT('',(-103.798359581276,-12.08,61.5827438821774));
#8799=CARTESIAN_POINT('Ctrl Pts',(-102.48989365862,-12.08,61.3518237940198));
#8800=CARTESIAN_POINT('Ctrl Pts',(-102.566382424131,-12.08,61.4614721092245));
#8801=CARTESIAN_POINT('Ctrl Pts',(-102.772995740077,-12.08,61.6504721417733));
#8802=CARTESIAN_POINT('Ctrl Pts',(-103.108168785379,-12.08,61.75420937764));
#8803=CARTESIAN_POINT('Ctrl Pts',(-103.457348780549,-12.08,61.7491285470886));
#8804=CARTESIAN_POINT('Ctrl Pts',(-103.65850361578,-12.08,61.6748880224471));
#8805=CARTESIAN_POINT('Ctrl Pts',(-103.781968773976,-12.08,61.5935429699504));
#8806=CARTESIAN_POINT('Ctrl Pts',(-103.790164177626,-12.08,61.5881434260639));
#8807=CARTESIAN_POINT('Ctrl Pts',(-103.798359581276,-12.08,61.5827438821774));
#8808=CARTESIAN_POINT('',(-104.323946632813,-11.08,62.4339930399996));
#8809=CARTESIAN_POINT('Ctrl Pts',(-103.798359581276,-12.08,61.5827438821774));
#8810=CARTESIAN_POINT('Ctrl Pts',(-103.799243356103,-12.08,61.5841752579611));
#8811=CARTESIAN_POINT('Ctrl Pts',(-103.80012712951,-12.0799957588347,61.5856066314839));
#8812=CARTESIAN_POINT('Ctrl Pts',(-103.870927466387,-12.0793162230292,61.7002759836833));
#8813=CARTESIAN_POINT('Ctrl Pts',(-103.940078196424,-12.0521077610335,61.8122736079208));
#8814=CARTESIAN_POINT('Ctrl Pts',(-104.067359196711,-11.9489107557062,62.0184199427363));
#8815=CARTESIAN_POINT('Ctrl Pts',(-104.124478407888,-11.8749570515692,62.1109311266915));
#8816=CARTESIAN_POINT('Ctrl Pts',(-104.22058573646,-11.6895773783528,62.2665880864067));
#8817=CARTESIAN_POINT('Ctrl Pts',(-104.258663461348,-11.5799397532274,62.3282593759634));
#8818=CARTESIAN_POINT('Ctrl Pts',(-104.310589815875,-11.33907638682,62.412360126602));
#8819=CARTESIAN_POINT('Ctrl Pts',(-104.323946632812,-11.2101620137707,62.4339930399998));
#8820=CARTESIAN_POINT('Ctrl Pts',(-104.323946632813,-11.08,62.4339930399997));
#8821=CARTESIAN_POINT('Ctrl Pts',(-104.323946632536,-11.08,62.4339930401821));
#8822=CARTESIAN_POINT('Ctrl Pts',(-104.321460865785,-11.08,62.4356307882706));
#8823=CARTESIAN_POINT('Ctrl Pts',(-104.318753871902,-11.08,62.4374142919145));
#8824=CARTESIAN_POINT('Ctrl Pts',(-104.085591702666,-11.08,62.5910332494718));
#8825=CARTESIAN_POINT('Ctrl Pts',(-103.657915278419,-11.08,62.7485150884046));
#8826=CARTESIAN_POINT('Ctrl Pts',(-102.945132777489,-11.08,62.755556772688));
#8827=CARTESIAN_POINT('Ctrl Pts',(-102.257344400456,-11.08,62.5469004909983));
#8828=CARTESIAN_POINT('Ctrl Pts',(-101.812214748899,-11.08,62.1357781252207));
#8829=CARTESIAN_POINT('Ctrl Pts',(-101.649039432576,-11.08,61.8936893841692));
#8830=CARTESIAN_POINT('Ctrl Pts',(-101.645452333565,-11.08,61.8883675235884));
#8831=CARTESIAN_POINT('Ctrl Pts',(-101.641869571349,-11.08,61.8830520971271));
#8832=CARTESIAN_POINT('Origin',(-132.940766303462,-11.08,44.7533115284574));
#8833=CARTESIAN_POINT('',(-117.926756088606,-12.08,53.4237439905991));
#8834=CARTESIAN_POINT('',(-132.940766303462,-12.08,44.7533115284574));
#8835=CARTESIAN_POINT('',(-118.42684647933,-11.08,54.2897172009849));
#8836=CARTESIAN_POINT('Origin',(-117.926756088606,-11.08,53.4237439905991));
#8837=CARTESIAN_POINT('',(-133.440856694186,-11.08,45.6192847388432));
#8838=CARTESIAN_POINT('Origin',(-118.926936870053,-11.08,55.1556904113708));
#8839=CARTESIAN_POINT('',(-118.507567057439,-12.08,53.2001523881486));
#8840=CARTESIAN_POINT('',(-118.717251963746,-11.08,54.1779213997597));
#8841=CARTESIAN_POINT('Origin',(-118.507567057439,-11.08,53.2001523881486));
#8842=CARTESIAN_POINT('Origin',(-118.926936870053,-11.08,55.1556904113708));
#8843=CARTESIAN_POINT('Origin',(-118.926936870053,-12.08,55.1556904113708));
#8844=CARTESIAN_POINT('Origin',(-119.317965686372,-11.08,56.9790732479186));
#8845=CARTESIAN_POINT('',(-119.033565268688,-11.08,54.1283847248743));
#8846=CARTESIAN_POINT('Origin',(-118.934292565752,-11.08,53.1333244601406));
#8847=CARTESIAN_POINT('Origin',(-119.317965686372,-11.08,56.9790732479186));
#8848=CARTESIAN_POINT('Origin',(-119.317965686372,-12.08,56.9790732479186));
#8849=CARTESIAN_POINT('Origin',(-118.934292565752,-11.08,53.1333244601406));
#8850=CARTESIAN_POINT('Origin',(-118.934292565752,-11.08,53.1333244601406));
#8851=CARTESIAN_POINT('Origin',(-155.538844866239,-11.08,48.3715239376034));
#8852=CARTESIAN_POINT('Origin',(-155.538844866239,-11.08,48.3715239376034));
#8853=CARTESIAN_POINT('Origin',(-155.720465435302,-11.08,48.2963730431066));
#8854=CARTESIAN_POINT('Origin',(-155.720465435302,-11.08,48.2963730431066));
#8855=CARTESIAN_POINT('Origin',(-107.856115957524,2.8127647224617E-14,-23.7396989992132));
#8856=CARTESIAN_POINT('',(-107.856115958273,2.73924001884413E-14,-22.7396989992132));
#8857=CARTESIAN_POINT('',(-108.856115957524,2.81276472322535E-14,-23.7396990095996));
#8858=CARTESIAN_POINT('Origin',(-108.856115967911,2.74605134818374E-14,
-22.7396989999617));
#8859=CARTESIAN_POINT('',(-102.856115967911,-3.57999999999883,-22.739698995471));
#8860=CARTESIAN_POINT('Origin',(-102.856115967911,-7.57999999999883,-22.7396989954711));
#8861=CARTESIAN_POINT('',(-95.155858440471,-3.57999999999892,-22.7396989897079));
#8862=CARTESIAN_POINT('',(-107.856115967911,-3.57999999999877,-22.7396989992132));
#8863=CARTESIAN_POINT('Origin',(-95.155858440471,-7.57999999999892,-22.7396989897079));
#8864=CARTESIAN_POINT('',(-89.1558584404709,2.74605134726705E-14,-22.7396989852172));
#8865=CARTESIAN_POINT('Ctrl Pts',(-89.1558584404709,2.74605134726705E-14,
-22.7396989852172));
#8866=CARTESIAN_POINT('Ctrl Pts',(-89.1558584404709,-12.08,-22.7396989852173));
#8867=CARTESIAN_POINT('Ctrl Pts',(-88.5826612288798,2.74604308496917E-14,
-22.7395660920707));
#8868=CARTESIAN_POINT('Ctrl Pts',(-88.5826612288798,-12.08,-22.7395660920707));
#8869=CARTESIAN_POINT('Ctrl Pts',(-88.1062254842897,2.71642410979996E-14,
-22.2631660804154));
#8870=CARTESIAN_POINT('Ctrl Pts',(-88.1062254842897,-12.08,-22.2631660804154));
#8871=CARTESIAN_POINT('Ctrl Pts',(-88.1061029680093,2.68078543769413E-14,
-21.6899435529781));
#8872=CARTESIAN_POINT('Ctrl Pts',(-88.1061029680093,-12.08,-21.6899435529781));
#8873=CARTESIAN_POINT('Ctrl Pts',(-101.641869571349,-2.51515583522036E-14,
61.8830520971274));
#8874=CARTESIAN_POINT('Ctrl Pts',(-101.641869571349,-12.08,61.8830520971274));
#8875=CARTESIAN_POINT('Ctrl Pts',(-101.645456831994,-2.51548672345545E-14,
61.8883741975092));
#8876=CARTESIAN_POINT('Ctrl Pts',(-101.645456831994,-12.08,61.8883741975091));
#8877=CARTESIAN_POINT('Ctrl Pts',(-101.649044092638,-2.51581761169052E-14,
61.8936962978905));
#8878=CARTESIAN_POINT('Ctrl Pts',(-101.649044092638,-12.08,61.8936962978905));
#8879=CARTESIAN_POINT('Ctrl Pts',(-101.652631353283,-2.51614849992559E-14,
61.8990183982719));
#8880=CARTESIAN_POINT('Ctrl Pts',(-101.652631353283,-12.08,61.8990183982719));
#8881=CARTESIAN_POINT('Ctrl Pts',(-102.242981463574,-2.57060228107765E-14,
62.7748684851611));
#8882=CARTESIAN_POINT('Ctrl Pts',(-102.242981463574,-12.08,62.7748684851611));
#8883=CARTESIAN_POINT('Ctrl Pts',(-103.443937989856,-2.58545643827676E-14,
63.0137869697595));
#8884=CARTESIAN_POINT('Ctrl Pts',(-103.443937989856,-12.08,63.0137869697594));
#8885=CARTESIAN_POINT('Ctrl Pts',(-104.323946632813,-2.54940920572287E-14,
62.4339930399996));
#8886=CARTESIAN_POINT('Ctrl Pts',(-104.323946632813,-12.08,62.4339930399996));
#8887=CARTESIAN_POINT('',(-104.323946632813,-2.54940920572287E-14,62.4339930399996));
#8888=CARTESIAN_POINT('Origin',(-104.323946632813,-2.54940920572287E-14,
62.4339930399996));
#8889=CARTESIAN_POINT('',(-118.42684647933,-2.01252915083786E-14,54.2897172009849));
#8890=CARTESIAN_POINT('Origin',(-118.926936870053,-2.07619957447223E-14,
55.1556904113708));
#8891=CARTESIAN_POINT('',(-118.717251963746,-2.00430939768709E-14,54.1779213997597));
#8892=CARTESIAN_POINT('Origin',(-119.317965686372,-2.21026325711075E-14,
56.9790732479186));
#8893=CARTESIAN_POINT('',(-119.033565268688,-2.00066722834794E-14,54.1283847248743));
#8894=CARTESIAN_POINT('Origin',(-118.934292565752,-1.92750571730179E-14,
53.1333244601406));
#8895=CARTESIAN_POINT('',(-119.063293277582,-2.00041608533117E-14,54.1249689611321));
#8896=CARTESIAN_POINT('Origin',(-119.047345923618,-2.03294546581744E-14,
54.1270435150787));
#8897=CARTESIAN_POINT('',(-155.667845578069,-1.70982005937528E-14,49.3631684385952));
#8898=CARTESIAN_POINT('Origin',(-155.538844866239,-1.63690969134587E-14,
48.3715239376034));
#8899=CARTESIAN_POINT('',(-155.921186040676,-1.70484807813308E-14,49.2955451637289));
#8900=CARTESIAN_POINT('Origin',(-155.798987286701,-1.73570283059595E-14,
49.346108520704));
#8901=CARTESIAN_POINT('',(-156.102806609739,-1.72778371101323E-14,49.220394269232));
#8902=CARTESIAN_POINT('Origin',(-155.720465435302,-1.65984532422602E-14,
48.2963730431066));
#8903=CARTESIAN_POINT('Origin',(-155.531047073797,-12.08,16.6368741299239));
#8904=CARTESIAN_POINT('Origin',(-167.447406728536,-8.10732181798008E-15,
35.6100729988719));
#8905=CARTESIAN_POINT('',(-167.447406726319,-7.37207478180447E-15,34.6100729988719));
#8906=CARTESIAN_POINT('Origin',(-108.856115955447,2.82065835178885E-14,
-23.9396992425086));
#8907=CARTESIAN_POINT('',(-108.856115957074,2.82065835179824E-14,-23.9396992426597));
#8908=CARTESIAN_POINT('Origin',(-126.856051967295,2.95124423974696E-14,
-25.9898789988989));
#8909=CARTESIAN_POINT('',(-126.856051968395,2.8777195361294E-14,-24.9898789988989));
#8910=CARTESIAN_POINT('',(-127.856051967295,2.95124423887581E-14,-25.9898789870505));
#8911=CARTESIAN_POINT('Origin',(-127.856051972629,2.97610899028143E-14,
-26.4400114770346));
#8912=CARTESIAN_POINT('',(-127.856051972629,2.97610899028143E-14,-26.4400114770346));
#8913=CARTESIAN_POINT('Origin',(-145.855996958194,3.10808716632473E-14,
-28.4897479989674));
#8914=CARTESIAN_POINT('',(-145.855996959176,3.03456246270717E-14,-27.4897479989674));
#8915=CARTESIAN_POINT('',(-146.855996958194,3.10808716733467E-14,-28.4897480127035));
#8916=CARTESIAN_POINT('Origin',(-146.855996955447,3.11597998464009E-14,
-28.689736288985));
#8917=CARTESIAN_POINT('',(-146.855996957737,3.11597998465333E-14,-28.689736289198));
#8918=CARTESIAN_POINT('Origin',(-185.955891950804,2.81957605180361E-14,
-23.7396989999991));
#8919=CARTESIAN_POINT('',(-184.955891950804,2.81957605146221E-14,-23.7396989953558));
#8920=CARTESIAN_POINT('',(-185.955891950804,2.74605134818605E-14,-22.7396989999991));
#8921=CARTESIAN_POINT('Origin',(-221.905834244686,2.74605134818604E-14,
-22.7396989999991));
#8922=CARTESIAN_POINT('',(-221.905834244898,2.74605134804366E-14,-22.739698997709));
#8923=CARTESIAN_POINT('Origin',(-166.95615777115,3.11489842786311E-14,-28.4897479990136));
#8924=CARTESIAN_POINT('',(-165.956157792261,3.1149135357538E-14,-28.4899534794841));
#8925=CARTESIAN_POINT('',(-166.956157770165,3.04137372424555E-14,-27.4897479990136));
#8926=CARTESIAN_POINT('Origin',(-183.906158424945,3.0413737231182E-14,-27.4897479823156));
#8927=CARTESIAN_POINT('',(-183.906158424945,3.0413737231182E-14,-27.4897479823156));
#8928=CARTESIAN_POINT('Ctrl Pts',(-106.855360014428,-7.65776264790793,-27.2478649101185));
#8929=CARTESIAN_POINT('Ctrl Pts',(-106.855360014428,-9.46517509860528,-27.2478649101185));
#8930=CARTESIAN_POINT('Ctrl Pts',(-106.855360014428,-11.2725875493026,-27.2478649101185));
#8931=CARTESIAN_POINT('Ctrl Pts',(-106.855360014428,-13.08,-27.2478649101185));
#8932=CARTESIAN_POINT('Ctrl Pts',(-106.125340771188,-7.65776264790793,-26.5753062978365));
#8933=CARTESIAN_POINT('Ctrl Pts',(-106.125340771188,-9.46517509860528,-26.5753062978365));
#8934=CARTESIAN_POINT('Ctrl Pts',(-106.125340771188,-11.2725875493026,-26.5753062978365));
#8935=CARTESIAN_POINT('Ctrl Pts',(-106.125340771188,-13.08,-26.5753062978365));
#8936=CARTESIAN_POINT('Ctrl Pts',(-105.137685263641,-7.65776264790793,-26.1896989794882));
#8937=CARTESIAN_POINT('Ctrl Pts',(-105.137685263641,-9.46517509860528,-26.1896989794882));
#8938=CARTESIAN_POINT('Ctrl Pts',(-105.137685263641,-11.2725875493026,-26.1896989794882));
#8939=CARTESIAN_POINT('Ctrl Pts',(-105.137685263641,-13.08,-26.1896989794882));
#8940=CARTESIAN_POINT('Ctrl Pts',(-104.145081021027,-7.65776264790793,-26.1896989740855));
#8941=CARTESIAN_POINT('Ctrl Pts',(-104.145081021027,-9.46517509860528,-26.1896989740855));
#8942=CARTESIAN_POINT('Ctrl Pts',(-104.145081021027,-11.2725875493026,-26.1896989740855));
#8943=CARTESIAN_POINT('Ctrl Pts',(-104.145081021027,-13.08,-26.1896989740855));
#8944=CARTESIAN_POINT('Ctrl Pts',(-106.855360014428,-7.65776264790843,-27.2478649101185));
#8945=CARTESIAN_POINT('Ctrl Pts',(-106.85421945184,-7.71642047745336,-27.2468141224874));
#8946=CARTESIAN_POINT('Ctrl Pts',(-106.851790626392,-7.77497569299208,-27.2445761673571));
#8947=CARTESIAN_POINT('Ctrl Pts',(-106.841146268075,-7.94263807490023,-27.2348181773621));
#8948=CARTESIAN_POINT('Ctrl Pts',(-106.82977475729,-8.05100795809032,-27.2244224501322));
#8949=CARTESIAN_POINT('Ctrl Pts',(-106.7796134335,-8.39416756257688,-27.1794868611586));
#8950=CARTESIAN_POINT('Ctrl Pts',(-106.724725596078,-8.62302312425514,-27.1312171379724));
#8951=CARTESIAN_POINT('Ctrl Pts',(-106.535098187887,-9.19257118443486,-26.9787731811945));
#8952=CARTESIAN_POINT('Ctrl Pts',(-106.372420550257,-9.52064720734472,-26.858934988426));
#8953=CARTESIAN_POINT('Ctrl Pts',(-105.908401887345,-10.2071614617705,-26.5865336283099));
#8954=CARTESIAN_POINT('Ctrl Pts',(-105.576853264782,-10.5514192165761,-26.4327994044054));
#8955=CARTESIAN_POINT('Ctrl Pts',(-104.870253472725,-11.0575901931082,-26.2424568005684));
#8956=CARTESIAN_POINT('Ctrl Pts',(-104.520450100055,-11.238855059635,-26.1896989761286));
#8957=CARTESIAN_POINT('Ctrl Pts',(-104.145081021027,-11.3666303074341,-26.1896989740855));
#8958=CARTESIAN_POINT('Origin',(-91.1558584404711,-11.579999999999,-22.7396989867149));
#8959=CARTESIAN_POINT('',(-102.856115967911,-11.5799999999988,-22.7396989954718));
#8960=CARTESIAN_POINT('',(-95.1558584404711,-11.5799999999989,-22.7396989897086));
#8961=CARTESIAN_POINT('Origin',(-102.856115967911,-7.57999999999883,-22.7396989954718));
#8962=CARTESIAN_POINT('',(-102.856115967911,-3.57999999999883,-22.7396989954718));
#8963=CARTESIAN_POINT('Origin',(-106.856115967911,-3.57999999999879,-22.7396989984655));
#8964=CARTESIAN_POINT('',(-95.155858440471,-3.57999999999892,-22.7396989897086));
#8965=CARTESIAN_POINT('Origin',(-95.155858440471,-7.57999999999892,-22.7396989897086));
#8966=CARTESIAN_POINT('Origin',(-88.1061040672688,-7.57999999999999,26.412144355064));
#8967=CARTESIAN_POINT('',(-88.1061040672689,-3.57999999999999,26.412144355064));
#8968=CARTESIAN_POINT('',(-88.1061040672688,-11.58,26.412144355064));
#8969=CARTESIAN_POINT('Origin',(-88.106103930153,-3.58,20.412144355064));
#8970=CARTESIAN_POINT('',(-88.1061040215636,-3.58,24.412144355064));
#8971=CARTESIAN_POINT('Origin',(-88.1061040215635,-7.58,24.412144355064));
#8972=CARTESIAN_POINT('',(-88.1061040215635,-11.58,24.412144355064));
#8973=CARTESIAN_POINT('Origin',(-88.1061041586793,-11.58,30.412144355064));
#8974=CARTESIAN_POINT('Ctrl Pts',(-109.905832569649,2.88595064149163E-14,
-24.9898789802513));
#8975=CARTESIAN_POINT('Ctrl Pts',(-109.905832569649,-12.08,-24.9898789802513));
#8976=CARTESIAN_POINT('Ctrl Pts',(-109.332475452301,2.88594108900507E-14,
-24.9897253353436));
#8977=CARTESIAN_POINT('Ctrl Pts',(-109.332475452301,-12.08,-24.9897253353436));
#8978=CARTESIAN_POINT('Ctrl Pts',(-108.856026018819,2.85630278955821E-14,
-24.5130145065162));
#8979=CARTESIAN_POINT('Ctrl Pts',(-108.856026018819,-12.08,-24.5130145065162));
#8980=CARTESIAN_POINT('Ctrl Pts',(-108.856115957074,2.82065835179824E-14,
-23.9396992426597));
#8981=CARTESIAN_POINT('Ctrl Pts',(-108.856115957074,-12.08,-23.9396992426597));
#8982=CARTESIAN_POINT('',(-109.905832569649,2.88595064149163E-14,-24.9898789802513));
#8983=CARTESIAN_POINT('Origin',(-127.856051955447,2.88595064271939E-14,
-24.9898789999991));
#8984=CARTESIAN_POINT('Ctrl Pts',(-128.905785485943,3.04137372311822E-14,
-27.4897479823156));
#8985=CARTESIAN_POINT('Ctrl Pts',(-128.905785485943,-12.08,-27.4897479823156));
#8986=CARTESIAN_POINT('Ctrl Pts',(-128.332601374386,3.04136468643644E-14,
-27.4896026337584));
#8987=CARTESIAN_POINT('Ctrl Pts',(-128.332601374386,-12.08,-27.4896026337584));
#8988=CARTESIAN_POINT('Ctrl Pts',(-127.856195245047,3.01174534096972E-14,
-27.0131966661328));
#8989=CARTESIAN_POINT('Ctrl Pts',(-127.856195245047,-12.08,-27.0131966661328));
#8990=CARTESIAN_POINT('Ctrl Pts',(-127.856051972629,2.97610899028143E-14,
-26.4400114770346));
#8991=CARTESIAN_POINT('Ctrl Pts',(-127.856051972629,-12.08,-26.4400114770346));
#8992=CARTESIAN_POINT('',(-128.905785485943,3.04137372311822E-14,-27.4897479823156));
#8993=CARTESIAN_POINT('Origin',(-146.85599697193,3.04137372421458E-14,-27.4897479999498));
#8994=CARTESIAN_POINT('Ctrl Pts',(-147.905732527651,3.18127326637345E-14,
-29.7399319828295));
#8995=CARTESIAN_POINT('Ctrl Pts',(-147.905732527651,-12.08,-29.7399319828295));
#8996=CARTESIAN_POINT('Ctrl Pts',(-147.332366968335,3.18126435916178E-14,
-29.7397887167063));
#8997=CARTESIAN_POINT('Ctrl Pts',(-147.332366968335,-12.08,-29.7397887167063));
#8998=CARTESIAN_POINT('Ctrl Pts',(-146.855890245534,3.15162656451971E-14,
-29.2630860073027));
#8999=CARTESIAN_POINT('Ctrl Pts',(-146.855890245534,-12.08,-29.2630860073027));
#9000=CARTESIAN_POINT('Ctrl Pts',(-146.855996957737,3.11597998465333E-14,
-28.689736289198));
#9001=CARTESIAN_POINT('Ctrl Pts',(-146.855996957737,-12.08,-28.689736289198));
#9002=CARTESIAN_POINT('',(-147.905732527651,3.18127326637345E-14,-29.7399319828295));
#9003=CARTESIAN_POINT('Origin',(-164.906003244433,3.18127326744092E-14,
-29.7399319999989));
#9004=CARTESIAN_POINT('',(-164.906003244646,3.18127326729853E-14,-29.7399319977087));
#9005=CARTESIAN_POINT('Ctrl Pts',(-165.956198938277,3.11600859261586E-14,
-28.6901964277952));
#9006=CARTESIAN_POINT('Ctrl Pts',(-165.956198938277,-12.08,-28.6901964277952));
#9007=CARTESIAN_POINT('Ctrl Pts',(-165.956055672154,3.15165615736975E-14,
-29.2635619871105));
#9008=CARTESIAN_POINT('Ctrl Pts',(-165.956055672154,-12.08,-29.2635619871105));
#9009=CARTESIAN_POINT('Ctrl Pts',(-165.479352962751,3.18127990186195E-14,
-29.7400387099117));
#9010=CARTESIAN_POINT('Ctrl Pts',(-165.479352962751,-12.08,-29.7400387099117));
#9011=CARTESIAN_POINT('Ctrl Pts',(-164.906003244646,3.18127326729853E-14,
-29.7399319977087));
#9012=CARTESIAN_POINT('Ctrl Pts',(-164.906003244646,-12.08,-29.7399319977087));
#9013=CARTESIAN_POINT('',(-165.956198938277,3.11600859261586E-14,-28.6901964277952));
#9014=CARTESIAN_POINT('Origin',(-165.955952269565,3.04137372421763E-14,
-27.489747999999));
#9015=CARTESIAN_POINT('Ctrl Pts',(-184.955891938265,2.97610899028435E-14,
-26.4400114770818));
#9016=CARTESIAN_POINT('Ctrl Pts',(-184.955891938265,-12.08,-26.4400114770818));
#9017=CARTESIAN_POINT('Ctrl Pts',(-184.955748665847,3.01174534096971E-14,
-27.0131966661328));
#9018=CARTESIAN_POINT('Ctrl Pts',(-184.955748665847,-12.08,-27.0131966661328));
#9019=CARTESIAN_POINT('Ctrl Pts',(-184.479342536508,3.04136468643642E-14,
-27.4896026337584));
#9020=CARTESIAN_POINT('Ctrl Pts',(-184.479342536508,-12.08,-27.4896026337584));
#9021=CARTESIAN_POINT('Ctrl Pts',(-183.906158424945,3.0413737231182E-14,
-27.4897479823156));
#9022=CARTESIAN_POINT('Ctrl Pts',(-183.906158424945,-12.08,-27.4897479823156));
#9023=CARTESIAN_POINT('',(-184.955891938265,2.97610899028435E-14,-26.4400114770818));
#9024=CARTESIAN_POINT('Origin',(-184.955891955447,2.74605134818605E-14,
-22.7396989999991));
#9025=CARTESIAN_POINT('Ctrl Pts',(-222.956030937776,2.68078710821577E-14,
-21.6899704221233));
#9026=CARTESIAN_POINT('Ctrl Pts',(-222.956030937776,-12.08,-21.6899704221233));
#9027=CARTESIAN_POINT('Ctrl Pts',(-222.955885593213,2.71643454713631E-14,
-22.2633339574991));
#9028=CARTESIAN_POINT('Ctrl Pts',(-222.955885593213,-12.08,-22.2633339574991));
#9029=CARTESIAN_POINT('Ctrl Pts',(-222.479183886021,2.74605798260657E-14,
-22.7398057099037));
#9030=CARTESIAN_POINT('Ctrl Pts',(-222.479183886021,-12.08,-22.7398057099037));
#9031=CARTESIAN_POINT('Ctrl Pts',(-221.905834244898,2.74605134804366E-14,
-22.739698997709));
#9032=CARTESIAN_POINT('Ctrl Pts',(-221.905834244898,-12.08,-22.739698997709));
#9033=CARTESIAN_POINT('',(-222.956030937776,2.68078710821577E-14,-21.6899704221233));
#9034=CARTESIAN_POINT('Origin',(-222.956030955447,-7.54249249948805E-15,
33.5601302892377));
#9035=CARTESIAN_POINT('',(-222.956030953157,-7.54249249962005E-15,33.56013028945));
#9036=CARTESIAN_POINT('Ctrl Pts',(-221.905537818169,-8.19526795516925E-15,
34.6100728781296));
#9037=CARTESIAN_POINT('Ctrl Pts',(-221.905537818169,-12.08,34.6100728781296));
#9038=CARTESIAN_POINT('Ctrl Pts',(-222.479154537178,-8.19550536648824E-15,
34.6104547372401));
#9039=CARTESIAN_POINT('Ctrl Pts',(-222.479154537178,-12.08,34.6104547372401));
#9040=CARTESIAN_POINT('Ctrl Pts',(-222.956137623905,-7.89895826418443E-15,
34.1334799527082));
#9041=CARTESIAN_POINT('Ctrl Pts',(-222.956137623905,-12.08,34.1334799527082));
#9042=CARTESIAN_POINT('Ctrl Pts',(-222.956030953157,-7.54249249962005E-15,
33.56013028945));
#9043=CARTESIAN_POINT('Ctrl Pts',(-222.956030953157,-12.08,33.56013028945));
#9044=CARTESIAN_POINT('',(-221.905537818169,-8.19526795516925E-15,34.6100728781296));
#9045=CARTESIAN_POINT('Origin',(-166.938999379752,-8.19526803093846E-15,
34.6100729999992));
#9046=CARTESIAN_POINT('',(0.,0.,0.));
#9047=CARTESIAN_POINT('',(0.,0.,0.));
#9048=UNCERTAINTY_MEASURE_WITH_UNIT(LENGTH_MEASURE(0.01),#9056,
'DISTANCE_ACCURACY_VALUE',
'Maximum model space distance between geometric entities at asserted c
onnectivities');
#9049=UNCERTAINTY_MEASURE_WITH_UNIT(LENGTH_MEASURE(0.01),#9056,
'DISTANCE_ACCURACY_VALUE',
'Maximum model space distance between geometric entities at asserted c
onnectivities');
#9050=UNCERTAINTY_MEASURE_WITH_UNIT(LENGTH_MEASURE(0.01),#9056,
'DISTANCE_ACCURACY_VALUE',
'Maximum model space distance between geometric entities at asserted c
onnectivities');
#9051=UNCERTAINTY_MEASURE_WITH_UNIT(LENGTH_MEASURE(0.01),#9056,
'DISTANCE_ACCURACY_VALUE',
'Maximum model space distance between geometric entities at asserted c
onnectivities');
#9052=(
GEOMETRIC_REPRESENTATION_CONTEXT(3)
GLOBAL_UNCERTAINTY_ASSIGNED_CONTEXT((#9048))
GLOBAL_UNIT_ASSIGNED_CONTEXT((#9056,#9058,#9059))
REPRESENTATION_CONTEXT('','3D')
);
#9053=(
GEOMETRIC_REPRESENTATION_CONTEXT(3)
GLOBAL_UNCERTAINTY_ASSIGNED_CONTEXT((#9049))
GLOBAL_UNIT_ASSIGNED_CONTEXT((#9056,#9058,#9059))
REPRESENTATION_CONTEXT('','3D')
);
#9054=(
GEOMETRIC_REPRESENTATION_CONTEXT(3)
GLOBAL_UNCERTAINTY_ASSIGNED_CONTEXT((#9050))
GLOBAL_UNIT_ASSIGNED_CONTEXT((#9056,#9058,#9059))
REPRESENTATION_CONTEXT('','3D')
);
#9055=(
GEOMETRIC_REPRESENTATION_CONTEXT(3)
GLOBAL_UNCERTAINTY_ASSIGNED_CONTEXT((#9051))
GLOBAL_UNIT_ASSIGNED_CONTEXT((#9056,#9058,#9059))
REPRESENTATION_CONTEXT('','3D')
);
#9056=(
LENGTH_UNIT()
NAMED_UNIT(*)
SI_UNIT(.MILLI.,.METRE.)
);
#9057=(
LENGTH_UNIT()
NAMED_UNIT(*)
SI_UNIT($,.METRE.)
);
#9058=(
NAMED_UNIT(*)
PLANE_ANGLE_UNIT()
SI_UNIT($,.RADIAN.)
);
#9059=(
NAMED_UNIT(*)
SI_UNIT($,.STERADIAN.)
SOLID_ANGLE_UNIT()
);
#9060=SHAPE_DEFINITION_REPRESENTATION(#9063,#9068);
#9061=SHAPE_DEFINITION_REPRESENTATION(#9064,#9069);
#9062=SHAPE_DEFINITION_REPRESENTATION(#9065,#9070);
#9063=PRODUCT_DEFINITION_SHAPE('',$,#9072);
#9064=PRODUCT_DEFINITION_SHAPE('',$,#9073);
#9065=PRODUCT_DEFINITION_SHAPE('',$,#9074);
#9066=PRODUCT_DEFINITION_SHAPE($,$,#17);
#9067=PRODUCT_DEFINITION_SHAPE($,$,#18);
#9068=SHAPE_REPRESENTATION('',(#3534,#3841),#9052);
#9069=SHAPE_REPRESENTATION('',(#3535,#3840),#9053);
#9070=SHAPE_REPRESENTATION('',(#3536),#9054);
#9071=PRODUCT_DEFINITION_CONTEXT('part definition',#9082,'design');
#9072=PRODUCT_DEFINITION('Boardsource 3d printed cases',
'Boardsource 3d printed cases v26',#9075,#9071);
#9073=PRODUCT_DEFINITION('corne','corne',#9076,#9071);
#9074=PRODUCT_DEFINITION('LP_case','LP_case',#9077,#9071);
#9075=PRODUCT_DEFINITION_FORMATION('',$,#9084);
#9076=PRODUCT_DEFINITION_FORMATION('',$,#9085);
#9077=PRODUCT_DEFINITION_FORMATION('',$,#9086);
#9078=PRODUCT_RELATED_PRODUCT_CATEGORY(
'Boardsource 3d printed cases v26','Boardsource 3d printed cases v26',(#9084));
#9079=PRODUCT_RELATED_PRODUCT_CATEGORY('corne','corne',(#9085));
#9080=PRODUCT_RELATED_PRODUCT_CATEGORY('LP_case','LP_case',(#9086));
#9081=APPLICATION_PROTOCOL_DEFINITION('international standard',
'automotive_design',2009,#9082);
#9082=APPLICATION_CONTEXT(
'Core Data for Automotive Mechanical Design Process');
#9083=PRODUCT_CONTEXT('part definition',#9082,'mechanical');
#9084=PRODUCT('Boardsource 3d printed cases',
'Boardsource 3d printed cases v26',$,(#9083));
#9085=PRODUCT('corne','corne',$,(#9083));
#9086=PRODUCT('LP_case','LP_case',$,(#9083));
#9087=PRESENTATION_STYLE_ASSIGNMENT((#9088));
#9088=SURFACE_STYLE_USAGE(.BOTH.,#9089);
#9089=SURFACE_SIDE_STYLE('',(#9090));
#9090=SURFACE_STYLE_FILL_AREA(#9091);
#9091=FILL_AREA_STYLE('Steel - Satin',(#9092));
#9092=FILL_AREA_STYLE_COLOUR('Steel - Satin',#9093);
#9093=COLOUR_RGB('Steel - Satin',0.627450980392157,0.627450980392157,0.627450980392157);
ENDSEC;
END-ISO-10303-21;
